gene_name	gene_biotype	Control_1	Control_2	Control_3	Treatment_1	Treatment_2	Treatment_3
Gm40483	protein_coding	463	1030	656	1173	879	409
Gm32335	protein_coding	590	70	355	429	632	261
LOC131390673	protein_coding	89	625	361	3946	1026	195
LOC128925963	protein_coding	1000	963	695	1737	951	1072
Gm17764	protein_coding	3090	3473	1484	2578	4070	2578
Vmn1r-ps59	protein_coding	368	281	301	317	364	235
1700069P05Rik	protein_coding	12	3325	4158	21	2209	22
Gm40667	protein_coding	793	2139	1179	1269	703	1760
LOC128924820	protein_coding	49	63	38	53	37	43
LOC132408329	protein_coding	1379	1660	1909	1952	1534	1077
Actr8	protein_coding	249	276	427	307	318	277
Gm41073	protein_coding	476	1666	1985	1509	962	1895
Apol11b	protein_coding	874	307	698	465	605	1557
Gm25285	protein_coding	3154	2510	939	135	1638	639
Gm28533	protein_coding	165	1348	2	35	229	22
LOC132443947	protein_coding	123	79	121	207	178	127
Gm32492	pseudogene	4885	2915	2335	836	1160	2172
1700066D14Rik	protein_coding	321	874	2751	1739	523	165
LOC132411701	protein_coding	767	295	233	601	1245	217
Muc20	protein_coding	549	323	1102	243	150	742
LOC132440985	pseudogene	295	983	1264	2971	247	1409
LOC132412164	protein_coding	524	416	2208	3749	1457	1031
LOC131374975	pseudogene	289	431	450	490	730	699
D13Mit65	pseudogene	163	96	710	105	177	427
Gabrr3	protein_coding	1577	848	2271	1478	3334	1059
Gm46450	protein_coding	623	250	711	496	701	566
LOC132408733	protein_coding	625	1086	494	93	293	48
LOC131296542	pseudogene	1227	1154	661	1620	1350	1145
LOC131338740	protein_coding	1605	573	2288	607	6761	9846
LOC128926346	lncRNA	1690	1286	1423	1677	1726	1610
LOC131388071	protein_coding	26	42	43	31	25	31
Fdpsl9	lncRNA	555	1348	2628	1855	602	1228
Adra1d	protein_coding	658	382	998	808	1002	469
LOC128927505	protein_coding	1506	212	2255	1550	1366	893
LOC132441356	protein_coding	258	424	547	313	421	209
Scgb2b20	lncRNA	92	243	164	118	227	419
Gm53488	protein_coding	460	447	426	250	1039	479
Klrb1b	protein_coding	733	1716	3886	9121	1536	636
Acadvl	pseudogene	391	316	1328	273	906	129
1700121C08Rik	protein_coding	32	671	821	952	1136	2026
Cpa6	protein_coding	207	64	211	407	951	696
LOC132412185	protein_coding	1522	1112	704	1919	1868	1064
LOC131337207	protein_coding	1497	1180	1073	776	589	654
Tic1	pseudogene	779	831	2203	1965	1472	1249
Gm42023	protein_coding	260	66	766	169	723	1259
LOC109280063	pseudogene	204	729	326	535	225	315
LOC131386324	lncRNA	948	987	1003	686	1013	547
LOC131391871	protein_coding	1603	1006	1720	2357	1101	676
Xmv3	pseudogene	2952	1923	2262	2002	1128	2386
Gm32235	protein_coding	982	2278	1249	1236	914	2301
Sluc2	protein_coding	786	444	598	1346	230	873
LOC132410253	protein_coding	3265	1627	1602	3277	2264	1326
LOC131378135	protein_coding	525	600	464	475	362	650
Gm42021	lncRNA	1857	1095	1711	5698	3164	2885
Gm15693	protein_coding	116	226	341	298	79	77
Gm7639	protein_coding	5	688	194	908	592	346
Gm40502	protein_coding	2264	1011	2012	1340	1132	2168
LOC132409607	protein_coding	43	9	336	1724	1305	839
LOC128924571	protein_coding	1237	623	1451	1216	606	540
Cdc5lrt6	protein_coding	520	1600	423	360	1344	312
Tmie	protein_coding	674	322	211	277	728	1027
Gm31450	pseudogene	2731	1657	2904	1693	910	1989
Fancg	lncRNA	917	632	787	819	1769	1060
LOC131373490	protein_coding	430	777	709	1569	270	927
Bgeq1	lncRNA	380	131	1051	1060	315	320
Gm15089	protein_coding	301	73	559	596	878	279
Gem	protein_coding	98	530	400	140	343	188
Gm15762	lncRNA	1535	2157	1096	911	888	1916
Rpl21-ps11	protein_coding	930	770	1535	568	700	335
LOC131297035	protein_coding	628	1102	1397	447	734	802
LOC131295892	protein_coding	453	33	388	247	346	118
C77438	protein_coding	349	997	604	931	261	533
LOC131296321	protein_coding	200	1422	263	886	400	725
LOC131379604	protein_coding	1084	721	1052	1137	807	451
LOC131388131	protein_coding	2523	1224	1158	349	476	2068
Prdx5	protein_coding	86	292	60	124	195	80
Gm7052	protein_coding	907	669	600	647	811	685
LOC131339966	protein_coding	196	207	289	162	311	266
LOC131341833	protein_coding	176	338	155	186	309	232
Mir6345	protein_coding	319	281	894	532	824	721
LOC128925595	protein_coding	1040	1521	1188	871	1389	1503
Gm22053	protein_coding	1134	1221	1348	972	1155	1160
Slco1a1	protein_coding	846	687	694	736	303	255
LOC131390543	protein_coding	2788	1121	1689	1156	692	1884
Tgif2	lncRNA	4142	3050	4912	2080	2684	3036
Dnaaf9	protein_coding	2262	609	899	939	1179	1266
LOC131388411	protein_coding	2669	1646	281	343	848	88
LOC131339995	protein_coding	456	515	436	573	648	466
LOC132441634	protein_coding	0	0	0	0	1	0
Gm52340	protein_coding	391	358	363	461	396	284
LOC131375408	protein_coding	195	1021	1065	1439	440	414
Gm36292	protein_coding	65	345	128	129	212	288
D14Mit56	protein_coding	780	315	5760	2956	2550	1149
Gm41954	pseudogene	833	1024	5271	2205	1586	393
LOC131296278	pseudogene	2006	1088	999	888	495	1000
2600002B07Rik	protein_coding	1244	172	1051	1575	1237	764
D3Mit196	protein_coding	3762	5904	2295	350	1139	3218
Gm24844	protein_coding	1829	760	1568	987	1609	2590
Gm30617	protein_coding	502	646	1167	340	231	168
Gm38506	protein_coding	1343	500	351	774	657	413
LOC131380227	protein_coding	642	237	298	671	230	206
Cia20	protein_coding	544	217	383	706	630	592
Gstm7	protein_coding	170	455	462	186	141	381
LOC131388241	protein_coding	135	52	256	146	1245	1062
LOC128926955	pseudogene	877	791	1046	1861	608	1074
Gm40700	pseudogene	1320	374	3671	812	1849	1764
Eef1e1	protein_coding	1195	930	532	610	430	1040
Gm5166	protein_coding	87	86	193	84	54	121
A130078K24Rik	protein_coding	303	139	212	81	382	618
Gm8722	protein_coding	1395	1209	2131	805	1710	1325
D0Wsu1e	protein_coding	63	171	83	112	68	79
Gm7896	lncRNA	561	421	126	216	252	239
LOC128926000	lncRNA	906	770	908	694	920	712
LOC131297563	protein_coding	202	87	322	429	255	197
Mir7655	protein_coding	295	621	348	642	660	492
LOC128926034	protein_coding	1442	439	1324	650	1229	647
LOC131374317	protein_coding	110	123	39	65	77	67
LOC131379074	protein_coding	735	454	626	414	920	1268
Ly29	protein_coding	275	191	286	8	172	113
Gm47990	lncRNA	323	435	174	418	58	62
Gm46441	protein_coding	1651	739	653	640	1009	1760
LOC131295331	protein_coding	927	716	194	615	1431	731
Del(3)64H	protein_coding	505	344	397	735	1500	152
Gykl1	protein_coding	772	508	888	1238	662	1131
Gm18231	protein_coding	814	222	264	443	488	141
Pmv14	protein_coding	1942	1640	858	854	2249	2744
Gm53478	pseudogene	1183	1094	649	281	198	353
Gm15778	pseudogene	432	890	1190	951	944	927
Gypa	protein_coding	2953	1446	1050	2243	1149	737
Gtf2b	protein_coding	1193	1454	724	488	1185	1806
LOC131373714	pseudogene	275	596	669	1109	307	475
Gm40103	protein_coding	877	1185	3007	1587	1948	1263
LOC128927568	protein_coding	288	1363	368	913	590	554
Ngrn	pseudogene	156	143	118	166	143	133
Gm47342	lncRNA	703	1001	359	152	116	382
Gm26654	protein_coding	2245	2814	1638	1281	1310	1521
Mskt9	lncRNA	1946	1134	1602	2552	1765	1491
Gm53186	protein_coding	1086	498	1080	1483	614	595
Melm2	lncRNA	94	239	866	717	124	439
4930594O21Rik	protein_coding	499	1088	817	914	1557	356
Gm40364	protein_coding	210	173	56	339	292	140
Gm33061	protein_coding	652	3327	2659	2631	1023	857
Alas1	protein_coding	100	1336	2515	1028	3486	1108
LOC131378417	lncRNA	435	1043	307	249	518	791
LOC131388135	protein_coding	821	1337	726	544	3122	615
LOC131373022	lncRNA	208	688	1022	433	905	390
LOC131371401	protein_coding	200	203	57	145	167	111
Tyro3	pseudogene	3884	1459	3487	4341	3706	1198
Oxsr1	protein_coding	34	1779	372	345	598	495
Gm23422	protein_coding	2796	2562	2777	2032	2344	2080
LOC131376718	protein_coding	519	475	327	99	429	698
Apoo-ps	protein_coding	879	1414	809	1013	502	406
LOC128927953	lncRNA	981	682	852	355	395	539
LOC131387830	protein_coding	435	872	781	1358	889	924
Gm41361	protein_coding	612	1027	219	907	1287	460
LOC131387488	lncRNA	374	1190	363	125	369	405
Bod6	protein_coding	866	1612	438	797	611	284
Gm46304	protein_coding	113	123	138	173	97	225
Vmn2r84	protein_coding	1205	396	477	572	176	1418
4921520E09Rik	protein_coding	364	367	404	532	446	505
C79607	pseudogene	325	735	654	635	1519	290
Gm54188	protein_coding	359	2105	8364	4273	19503	23
Gm42258	protein_coding	910	187	603	509	478	585
D0Bac2	protein_coding	387	2092	1489	1819	57	91
Gm32282	protein_coding	1664	604	2165	95	340	5253
LOC131387461	protein_coding	427	841	937	445	1028	971
LOC131341334	protein_coding	798	455	459	378	594	850
LOC102633794	protein_coding	120	345	496	563	238	147
Tcp11	protein_coding	493	479	330	3696	1344	848
D17Brg198	protein_coding	2363	3806	1447	2796	3228	1142
Tmtc4	protein_coding	122	208	127	120	168	101
Wdfy2	protein_coding	1829	712	886	889	1388	854
Gm38733	protein_coding	320	28	286	102	401	170
Sema4d	protein_coding	473	987	241	181	385	454
LOC131390289	protein_coding	311	396	466	1601	1101	1844
LOC131380056	protein_coding	476	446	565	950	663	710
LOC128924195	lncRNA	408	197	278	277	134	121
LOC131340340	protein_coding	561	407	1051	1631	461	847
LOC131377541	lncRNA	528	271	983	769	652	170
LOC132409720	lncRNA	1613	1944	836	1063	1848	2104
Mir1981	pseudogene	720	777	419	220	281	5
LOC128927170	lncRNA	563	882	3151	1705	1520	514
Gm29792	protein_coding	354	537	179	485	315	354
Pafah1b3	protein_coding	817	441	2320	1549	338	2408
LOC131388291	protein_coding	913	372	786	749	372	173
Robo1	protein_coding	1811	1545	5998	5996	2767	263
LOC131374527	pseudogene	426	221	411	180	264	262
Skint7	lncRNA	782	465	480	1942	777	808
LOC131392404	protein_coding	1662	1181	1346	845	1506	1862
T(6;13)6Ad	protein_coding	1487	986	1915	548	916	2410
Gm22661	protein_coding	4584	89	1921	134	406	1326
LOC131337851	lncRNA	412	234	126	573	265	310
Or13p9-ps1	protein_coding	638	1033	523	487	209	519
Gm39585	protein_coding	1853	1233	431	2209	1302	1364
Fbxo46	protein_coding	963	1341	1497	588	678	535
Phf2	protein_coding	1750	677	982	1311	2416	1215
LOC131378259	protein_coding	153	59	52	112	106	182
LOC132442253	protein_coding	132	6	31	493	11	455
Nxf2	protein_coding	2522	553	2477	1712	110	5352
Plast3	protein_coding	1860	2075	1749	1709	2395	1048
Gm33287	lncRNA	132	315	234	615	836	975
Gm52813	protein_coding	2648	1486	1375	1684	698	1785
Gm25039	lncRNA	148	372	122	1502	441	249
LOC132440986	protein_coding	261	339	378	157	268	65
Tomm7	protein_coding	1385	576	205	1122	260	1874
Gm34296	protein_coding	1077	640	3533	1817	486	695
Adora1	pseudogene	1558	5137	115	1915	251	2368
Kank4	protein_coding	198	87	389	189	285	80
Gm38679	protein_coding	384	442	186	411	378	304
LOC132409425	protein_coding	200	258	276	251	430	1340
LOC128925802	protein_coding	542	25	540	1023	761	561
LOC131386154	protein_coding	33	39	91	88	44	177
Hdhd3	protein_coding	534	1467	915	1196	3056	765
Gm22246	protein_coding	616	196	550	447	3	369
LOC131388384	protein_coding	251	774	2792	1369	1018	722
LOC131379894	lncRNA	666	520	474	947	1962	2418
LOC131296136	protein_coding	446	570	356	686	463	477
BC004004	protein_coding	1440	281	2283	2046	1345	3883
Gm57525	protein_coding	0	16	0	1272	0	18372
D11Mit132	lncRNA	154	1129	1195	1202	2208	1288
Gm11970	protein_coding	475	166	87	728	347	679
Pard6b	protein_coding	614	414	445	528	733	973
1700034J04Rik	protein_coding	334	55	172	356	1740	650
LOC131372265	pseudogene	1294	1208	561	1089	739	1104
Sec14l4	protein_coding	2196	1843	2076	4543	4736	4093
LOC131340432	lncRNA	4404	2380	5208	4446	3389	1839
LOC132409517	protein_coding	290	379	2	397	353	18
Gm40254	protein_coding	2112	24	1587	5099	2378	347
Rbfox3	protein_coding	45	113	280	0	612	30
Gm15209	protein_coding	164	135	1371	2122	2318	2318
Gm39536	protein_coding	67	796	1010	435	180	169
Scpep1	protein_coding	72	340	257	194	231	85
5730411F24Rik	protein_coding	128	206	168	155	43	141
LOC132441431	protein_coding	252	658	953	171	346	530
Gm53741	pseudogene	646	1394	1285	1457	1096	766
LOC131391462	lncRNA	789	1463	1389	902	738	729
Uckl1	protein_coding	1612	1307	3481	1811	1386	1963
Gm41948	lncRNA	1066	2618	4270	361	1239	2889
LOC131295562	protein_coding	2308	1401	7737	6996	4254	1337
Gm19784	protein_coding	793	1031	898	946	1158	1442
Fars2	protein_coding	923	772	519	291	605	550
LOC131373211	protein_coding	9	1494	0	231	326	0
LOC131297179	protein_coding	402	989	2632	558	191	326
LOC128926151	protein_coding	163	133	209	76	333	339
Nrsn1	protein_coding	162	471	194	757	711	320
Ippk	protein_coding	5503	2922	138	1866	285	4236
Ttc39d	protein_coding	1204	2216	1362	440	1152	1050
Igh-Sa1	protein_coding	660	1257	1441	1149	1135	1072
LOC131375110	protein_coding	366	204	248	384	272	714
LOC131339469	pseudogene	951	1720	960	1249	593	622
BB319198	protein_coding	1208	141	751	882	306	295
Tbc1d23	protein_coding	1778	1017	4027	497	31	276
Acox1	protein_coding	724	1348	1069	806	823	1910
LOC132440595	protein_coding	1540	1660	1327	1822	1559	1717
Gm22253	protein_coding	1965	1926	23	85	722	559
LOC132408998	lncRNA	1109	1187	1469	1690	1668	1139
Gm11755	protein_coding	1953	1892	1290	2009	817	2135
Hbnr8	protein_coding	503	92	2339	649	1424	35
Or6c3	protein_coding	1543	4506	1998	1140	1245	2887
Gm46815	protein_coding	917	595	7	1313	2136	237
Gm32545	protein_coding	1087	2064	1276	798	1148	1345
LOC131388520	protein_coding	225	299	467	643	149	35
Pelo	protein_coding	4047	3975	2027	2744	2116	2723
Cldn34b3	pseudogene	939	1053	604	555	614	1044
LOC131341507	protein_coding	1178	1568	1261	1436	1346	1936
LOC131372164	protein_coding	576	505	789	829	552	336
LOC131387976	lncRNA	315	18	899	70	9889	1
LOC128927906	protein_coding	6806	2275	1394	824	4666	7899
DXMgc125	pseudogene	449	22	125	96	23	33
LOC131391037	lncRNA	1125	652	928	1242	1989	1195
LOC131375306	protein_coding	832	1377	1144	1372	4600	1733
Gm39615	lncRNA	32	571	201	58	37	67
LOC131297660	protein_coding	661	796	1605	460	711	957
AI182371	protein_coding	893	2003	522	765	601	1961
Gm6729	lncRNA	327	603	312	299	324	863
Gm18342	protein_coding	2907	1110	1418	3296	1802	2460
Gm4065	protein_coding	1856	1851	1732	567	2309	1171
Fam168b	protein_coding	993	633	1539	1919	2815	1270
LOC131387748	protein_coding	801	879	894	1413	1428	773
LOC131338743	protein_coding	375	259	251	516	185	437
Ppp2r2a	protein_coding	1190	1756	2864	3428	647	2172
Zfp24-ps	protein_coding	2450	336	1996	1237	1000	934
LOC128924710	protein_coding	360	586	1442	1761	2872	1058
Clul1-ps2	pseudogene	176	166	518	417	251	175
LOC131375461	protein_coding	4038	2848	3113	643	2141	1089
Gm41561	protein_coding	609	630	465	387	878	1260
LOC132444745	protein_coding	444	706	618	998	646	622
LOC131388164	protein_coding	495	107	360	493	619	2240
Gm53995	protein_coding	278	603	479	169	554	806
LOC131372710	protein_coding	1122	190	1922	735	663	690
Gm20362	lncRNA	1381	3058	5573	2956	1215	1215
Cfap46	protein_coding	619	889	748	384	457	88
Dennd2b	protein_coding	1239	834	1192	1461	2740	2903
Nnc1	protein_coding	424	448	608	433	491	543
LOC128925876	protein_coding	1535	836	928	1675	1812	1756
LOC131340940	protein_coding	595	471	355	595	954	421
LOC131376813	lncRNA	923	553	600	561	475	738
Gm41578	protein_coding	360	545	378	161	263	432
Gm31902	protein_coding	2014	208	34	4946	7	1915
D15Ertd489e	protein_coding	2159	429	764	2514	255	1498
LOC131392595	protein_coding	526	930	1242	113	123	157
LOC128925186	protein_coding	487	671	1007	368	2567	1168
Gm33088	protein_coding	164	78	27	93	59	40
Fmtq3	protein_coding	533	392	444	449	438	381
Gm16125	lncRNA	786	408	94	347	67	303
Slc9a6	pseudogene	199	1572	1868	434	1583	3415
LOC131389752	protein_coding	675	298	1222	928	644	670
Gm14379	protein_coding	386	183	236	111	317	269
Fina1	protein_coding	3157	4459	1245	3172	2955	2473
Tmem210	protein_coding	95	383	54	149	454	125
LOC132409086	protein_coding	963	60	2627	2262	773	908
Gm35271	pseudogene	1428	1857	297	733	952	841
Cst11	protein_coding	482	1063	1031	1051	813	1031
Gm10441	protein_coding	450	118	134	511	21	45
LOC132412575	protein_coding	229	374	446	407	271	154
LOC131376701	pseudogene	1	4	387	62	11	420
Gm29382	protein_coding	105	68	2	0	261	91
Atf6	protein_coding	409	1374	746	580	703	346
Gm14326	pseudogene	355	1005	560	741	600	282
Gm41772	pseudogene	1027	966	699	1238	274	887
Gm39185	protein_coding	343	1117	611	2924	620	953
LOC131387905	protein_coding	611	996	836	1215	529	828
LOC132443178	protein_coding	368	757	1036	639	724	770
Gm34131	protein_coding	1725	2586	2416	3281	2888	2399
Mif-ps3	protein_coding	230	278	281	220	256	164
LOC131379501	pseudogene	2825	6220	1343	7518	3360	4911
Gm29807	protein_coding	140	1129	460	936	481	35
LOC131376989	lncRNA	591	419	260	450	325	503
Gm53365	protein_coding	1660	2460	1521	1479	1101	1321
LOC131296089	lncRNA	512	901	1073	808	809	495
LOC131339849	pseudogene	1087	2120	1234	2819	1346	828
LOC128926855	protein_coding	887	1731	1485	1335	322	792
Gm40944	protein_coding	462	1453	649	1259	386	703
Wtmq6	protein_coding	835	1717	1216	542	584	780
Casq2	protein_coding	529	23	454	544	53	623
Gm2495	protein_coding	97	408	344	372	449	169
LOC131379378	protein_coding	1376	751	410	564	892	398
Mir154	protein_coding	350	410	418	583	678	259
Rngtt	lncRNA	1239	1907	1200	922	670	382
LOC131297101	protein_coding	218	847	343	76	385	2783
LOC114827936	protein_coding	335	53	53	5	34	81
Gm36785	protein_coding	674	583	1389	162	181	1042
Gm41383	lncRNA	2952	5055	2531	4003	4235	6071
Hdlq33	protein_coding	164	191	244	165	351	203
Gm57671	protein_coding	105	205	483	98	697	263
LOC128925489	protein_coding	328	524	1035	834	176	81
LOC132440477	pseudogene	790	253	435	2005	389	1113
Rbbp4	protein_coding	2120	1367	1015	1267	524	616
LOC131377494	lncRNA	488	475	428	605	450	589
E2f5	pseudogene	104	116	907	404	101	490
Malsu1	protein_coding	1179	680	332	211	1347	449
LOC128926704	protein_coding	540	1333	423	1055	665	988
LOC128926341	protein_coding	5011	606	642	448	692	1123
LOC131391538	protein_coding	769	1278	904	1172	1010	1890
LOC128927666	protein_coding	229	257	591	245	93	63
2610027F03Rik	protein_coding	192	282	367	432	192	678
LOC131389663	protein_coding	1912	789	1151	2457	3345	2307
Actb-ps1	pseudogene	569	794	323	1235	47	2864
Gm8565	protein_coding	296	472	332	235	31	175
Gm26205	protein_coding	729	555	390	721	261	572
Mrgprc3-ps	protein_coding	293	1169	970	663	576	1756
LOC132441304	protein_coding	206	354	668	649	781	620
Gm51973	protein_coding	187	288	576	319	823	472
Gm42038	pseudogene	173	1717	1040	415	612	293
LOC114827961	protein_coding	104	520	394	2371	71	2256
Neurog1	protein_coding	591	274	323	625	831	692
LOC131379003	protein_coding	117	518	936	936	700	324
LOC131375959	pseudogene	1417	395	582	2349	186	799
LOC132411309	protein_coding	1641	1916	964	2713	2067	2137
LOC132443290	protein_coding	1467	665	517	265	152	112
Apbb2	protein_coding	248	221	57	17	26	70
Gm28446	protein_coding	572	694	257	481	570	378
Gm13279	lncRNA	1035	1870	706	429	1432	386
Cyp39a1	protein_coding	807	1617	1796	1000	1152	1559
LOC131375309	protein_coding	2237	2852	2438	2341	2898	859
D14Mit31	pseudogene	64	326	204	258	68	149
Gm20235	protein_coding	710	980	455	980	548	819
LOC131385278	protein_coding	1509	96	992	6	129	235
Gm23008	protein_coding	244	296	290	254	382	277
Gm40211	lncRNA	601	836	813	1173	958	1029
Gm15032	protein_coding	1064	963	1042	354	316	206
LOC131297773	protein_coding	545	1537	217	800	615	1148
LOC131296055	protein_coding	554	1871	673	535	212	1161
Aal	protein_coding	910	742	280	818	516	245
Gm34823	protein_coding	992	1292	989	1414	854	1347
LOC132443088	lncRNA	449	249	371	117	77	135
LOC131387876	protein_coding	445	479	891	120	204	273
LOC132409280	pseudogene	752	1168	734	321	389	849
Kcnmb3	protein_coding	235	570	258	292	348	355
LOC128927942	protein_coding	16	42	25	129	505	721
LOC132445141	lncRNA	1	395	22	86	197	1187
Gm14877	protein_coding	400	1606	702	772	1790	1175
Gm4875	protein_coding	9	1211	55	456	509	1040
LOC131376559	protein_coding	191	371	297	758	480	254
Rb(9.12)10Tu	protein_coding	117	182	207	231	38	125
LOC132444460	protein_coding	207	194	505	190	566	356
Gm24299	pseudogene	451	496	448	371	669	292
Cet1	pseudogene	3931	3293	2150	139	4075	7200
1700021J08Rik	protein_coding	506	644	1242	89	145	294
LOC128924834	protein_coding	292	144	133	358	39	254
AA589385	protein_coding	2674	1648	2448	5232	2492	1608
Gm38946	protein_coding	2256	2091	1831	1052	1334	2485
LOC132409645	protein_coding	1142	511	1774	459	582	1162
LOC128925890	protein_coding	1753	2126	268	2741	2329	1127
LOC128925355	lncRNA	1758	420	2088	2948	1543	1203
Rasl3	protein_coding	51	210	447	93	204	614
LOC131386003	pseudogene	891	3142	339	1266	618	2871
Gm41282	protein_coding	7	13	64	21	12	24
Gm53597	protein_coding	427	886	255	1647	1064	188
Chchd10	protein_coding	549	459	487	391	436	279
Gm29825	protein_coding	32	330	647	194	13	209
LOC131390331	protein_coding	3703	1211	3057	1292	1781	3333
AI661323	protein_coding	571	1608	353	1085	616	717
Xmmv58	protein_coding	1027	575	428	2502	1038	1364
Gm24905	protein_coding	3786	2670	301	841	2297	766
Acer1	protein_coding	401	433	477	1042	893	982
Gm17070	protein_coding	212	86	31	56	115	102
Gm8754	lncRNA	266	524	995	632	1098	314
Gm30484	protein_coding	551	504	662	248	638	234
Gm20809	protein_coding	1455	770	1111	1884	514	159
LOC132442510	protein_coding	265	2992	1260	315	1109	1612
Gm36827	protein_coding	564	2121	513	273	321	420
LOC131296650	pseudogene	1683	3469	1287	8128	3160	617
Prl7c1	lncRNA	1030	2454	2239	637	1528	1020
LOC131385894	protein_coding	50	660	86	119	1152	939
Actg-ps1	protein_coding	25	18	13	20	35	15
LOC131296096	protein_coding	187	263	273	274	140	195
Tcra-V11.3	protein_coding	919	1586	1472	1918	940	4111
LOC128925335	protein_coding	19	307	20214	309	5603	7
Gngt1	protein_coding	677	1053	564	422	1672	944
Gm29960	protein_coding	115	465	139	8	92	30
LOC131338468	protein_coding	2670	1626	1684	921	3976	733
D1Bwg0348e	protein_coding	2337	4082	2458	2741	3312	2398
Scamp3	protein_coding	2109	1444	622	3555	2148	4915
Gm34071	pseudogene	826	685	876	1659	3109	349
D5Buc48	protein_coding	856	1421	1046	1847	1448	999
Or2v1	protein_coding	0	285	95	5	76	96
Btg3	protein_coding	773	1559	502	750	271	1286
Gm52397	protein_coding	501	375	327	346	680	134
LOC131392001	protein_coding	1345	1478	750	5556	1757	4081
Gm25765	protein_coding	275	194	141	147	147	119
LOC132408629	pseudogene	688	313	867	419	367	956
LOC131296890	protein_coding	332	1914	578	1163	992	786
Gm32635	lncRNA	331	419	528	782	1433	852
LOC131340544	protein_coding	594	1042	382	418	1480	1241
LOC131371841	protein_coding	245	685	584	691	594	478
Il12a	protein_coding	1181	1517	0	0	51	0
D4Mit139	lncRNA	842	1512	807	442	770	770
LOC131376750	protein_coding	607	1011	1820	1541	2051	1248
Gm51961	protein_coding	455	992	857	1530	657	910
LOC131295297	protein_coding	1811	809	4693	899	4505	59
Rabgef1	protein_coding	758	602	626	1088	301	1217
LOC131392333	protein_coding	613	1019	757	768	549	293
LOC132440695	protein_coding	848	1042	835	5227	308	663
tclTuw28	protein_coding	704	656	1283	1147	627	1600
LOC131374973	protein_coding	360	916	634	772	287	385
LOC132412512	protein_coding	1037	472	83	146	651	361
LOC131297096	protein_coding	823	1215	817	859	61	1208
Gm33118	lncRNA	1330	2036	2938	697	1626	1609
LOC114827964	lncRNA	573	516	639	623	662	552
Iah1	protein_coding	898	299	291	500	271	451
Gm3213	protein_coding	1254	1712	1255	1403	2559	611
Gm31840	lncRNA	609	515	254	60	302	292
LOC131391250	protein_coding	1141	527	3261	1914	816	2152
LOC131341795	protein_coding	5	300	162	3115	20	216
Gm36618	protein_coding	3323	1533	4390	2235	3105	1204
Gm52089	protein_coding	833	968	1361	1149	272	1571
LOC132444623	protein_coding	1253	1329	1314	1042	3744	2789
1700019H22Rik	protein_coding	4125	4599	2964	6661	4170	4576
LOC132412250	lncRNA	24	149	151	25	48	173
In(6)47Rk	protein_coding	94	248	134	434	235	552
Gm41222	protein_coding	388	1018	2727	804	840	547
Gm2164	pseudogene	176	921	2328	4069	1515	112
Krt1	pseudogene	489	843	268	346	937	1428
B3galnt1	protein_coding	299	332	141	157	184	248
Gm17912	protein_coding	99	2097	322	103	1247	646
Fas	protein_coding	980	284	516	3245	2086	1243
Gm5274	pseudogene	622	444	493	778	725	378
Gm25867	protein_coding	718	562	174	242	448	511
H2-K1	lncRNA	628	510	1190	880	1183	238
Ighv10-3	protein_coding	1072	572	1305	273	1001	842
Cep95	protein_coding	513	743	80	232	440	677
Gm53336	lncRNA	676	886	4862	531	2214	1315
A030001O10Rik	protein_coding	1335	953	501	1371	717	459
LOC132443131	lncRNA	903	2558	419	986	904	1438
Rpl30-ps3	protein_coding	291	0	675	17	680	0
LOC132441088	lncRNA	1818	2077	3118	7397	7178	12860
Iap3rc15	protein_coding	78	110	266	98	140	121
LOC131375695	protein_coding	147	229	52	173	464	306
Gm15048	protein_coding	238	193	609	778	614	478
LOC128924209	pseudogene	430	171	568	415	254	686
Gm38773	protein_coding	1645	748	6085	3759	14	1201
Mchm2	lncRNA	308	615	303	406	86	301
n-TGtcc1	protein_coding	94	247	497	217	137	687
Gm29816	protein_coding	1219	946	796	1703	867	1296
Rps6kl1	protein_coding	702	322	880	386	1128	826
LOC110120467	lncRNA	724	661	821	811	735	1258
LOC132410678	protein_coding	1907	1748	2180	302	807	1437
Gm49415	protein_coding	1197	2299	779	1410	623	895
AB124611	protein_coding	531	1039	651	436	656	677
Gm40915	protein_coding	83	997	523	476	229	501
Zbed5	protein_coding	375	812	1750	840	1540	698
Rpusd3	protein_coding	620	558	358	247	257	160
DXIum1	lncRNA	397	56	747	88	734	408
Ctnnb1	protein_coding	2993	2470	2356	1713	1585	1535
Gm16553	lncRNA	1181	2310	484	6097	3696	2525
Gm40308	protein_coding	2689	5607	3283	3336	3234	1925
LOC131390141	protein_coding	749	626	517	777	786	43
D6Mit113	pseudogene	950	2201	1168	1566	1262	1561
LOC131385068	protein_coding	160	230	173	351	491	372
Pilra	protein_coding	40	10	28	2	12	263
LOC131338925	lncRNA	196	227	756	5254	162	453
LOC131376049	protein_coding	113	0	2	94	14	37
LOC131380467	protein_coding	840	327	672	707	146	306
LOC132444076	protein_coding	983	2355	1039	1828	1348	1811
Gm34626	protein_coding	79	370	154	90	34	56
Cnih2	protein_coding	2283	1624	397	661	1300	1041
Gm45549	protein_coding	1063	1822	1439	1194	1766	811
Gm46886	protein_coding	336	882	428	1581	3028	459
D13Ertd94e	protein_coding	402	349	957	910	763	595
LOC131338658	lncRNA	0	37	0	68	7437	4
n-TAcgc5	pseudogene	1102	1016	2524	438	875	757
T(6F3;10B2)40Dn	lncRNA	2550	2150	1503	2684	2807	1944
Gm36915	protein_coding	644	799	409	454	1124	922
LOC132444329	protein_coding	178	168	10	55	69	69
Gm53731	protein_coding	2507	2804	1739	2162	1737	2223
F630201L12Rik	protein_coding	248	205	203	204	446	439
Ndrg2	pseudogene	991	1948	1815	2142	890	300
Hadhb	protein_coding	383	266	223	395	403	356
LOC131384979	protein_coding	333	642	980	547	739	450
LOC131296076	lncRNA	535	815	584	584	676	798
LOC131389622	protein_coding	1083	1841	509	2283	1057	1724
Mlepq1	lncRNA	447	332	301	557	525	698
LOC131377312	protein_coding	262	121	394	126	427	260
LOC131392560	protein_coding	1134	929	246	480	735	414
LOC131378977	protein_coding	33	29	89	555	585	981
Gm33481	protein_coding	401	2346	508	1202	1371	43
LOC132441792	protein_coding	848	885	732	928	2145	305
Igsf9	protein_coding	1771	3582	2054	2386	3568	3079
4930520E11Rik	protein_coding	422	375	843	583	334	671
LOC128926190	protein_coding	1698	1959	725	997	1221	1266
LOC132409428	pseudogene	1178	488	667	1356	814	930
Gapdh	protein_coding	1051	1834	1373	733	1416	976
Gm13325	protein_coding	878	1168	405	464	370	216
LOC131390976	protein_coding	442	1572	2190	1042	2106	473
LOC131388629	lncRNA	510	400	281	895	465	900
Gm54002	protein_coding	1008	1374	1765	1786	1508	1136
Dice2	protein_coding	57	34	87	96	140	201
Gm30228	protein_coding	2048	2433	1827	728	1690	2076
Nras-ps2	protein_coding	2428	56	1543	265	967	147
In(9)26Rk-d	pseudogene	919	884	373	1087	578	131
2900083M14Rik	protein_coding	595	885	1189	602	694	636
2210416O15Rik	protein_coding	451	735	123	586	644	458
LOC132409036	protein_coding	2029	1701	1664	2278	1349	1016
LOC132410580	protein_coding	3039	1619	1399	1107	5788	675
LOC131375279	protein_coding	246	219	312	596	204	278
LOC131385710	pseudogene	291	522	413	1248	896	355
Gm10370	protein_coding	648	1567	3480	1025	628	2968
LOC131375347	lncRNA	23	174	442	159	744	94
LOC131376141	lncRNA	1099	1844	1298	390	1472	555
LOC131340055	lncRNA	1045	339	63	255	0	395
Kdnw2	protein_coding	893	739	381	431	786	469
Pou2f3-rs1	protein_coding	3019	818	210	1919	2305	2210
E030044B06Rik	protein_coding	1258	480	208	1281	1980	1652
4930486I03Rik	protein_coding	498	1886	833	903	474	1918
LOC128925939	protein_coding	567	379	271	684	460	551
Iap5rc15	protein_coding	408	908	454	616	182	1655
LOC131376232	protein_coding	603	837	442	1152	760	817
Gm46676	protein_coding	93	103	230	123	282	81
Sntb2	lncRNA	1051	207	1683	1342	135	2200
Gm35089	protein_coding	280	1056	2072	1189	1051	1187
LOC131387934	protein_coding	236	363	695	714	447	1162
Vmn1r-ps127	pseudogene	977	1701	3166	436	2044	1032
LOC131373653	protein_coding	892	450	1529	1271	896	228
AA591044	protein_coding	1031	1063	538	621	1201	3399
Gm6474	protein_coding	67	100	25	70	38	82
LOC131390536	protein_coding	649	658	1010	2685	2764	556
LOC131385792	protein_coding	1058	953	549	106	300	1235
Gm39583	protein_coding	527	423	340	448	488	773
Gm10736	protein_coding	422	227	150	302	345	297
Odad1	protein_coding	1066	557	1725	864	971	892
LOC131337406	pseudogene	1283	1639	745	1264	745	2231
Gm39936	protein_coding	209	204	134	252	361	196
Hbnr7	protein_coding	152	117	172	177	344	140
Tbc1d5	protein_coding	300	481	429	210	349	361
LOC131390401	protein_coding	1569	672	774	887	520	645
LOC131340529	pseudogene	1096	2282	279	1711	118	1399
LOC132408159	pseudogene	2448	784	253	1388	461	447
Gm38498	protein_coding	415	522	449	552	145	475
C81302	protein_coding	264	325	615	697	393	499
LOC131392476	protein_coding	1050	648	1074	1974	902	1504
LOC132443715	lncRNA	2849	2183	2444	2823	1619	1864
5930427J20Rik	protein_coding	790	784	568	460	673	1310
Gm22868	pseudogene	655	995	1153	782	783	537
LOC131379981	lncRNA	95	53	103	101	95	79
LOC131297049	protein_coding	482	141	278	605	1466	2165
Gm31937	protein_coding	82	48	47	86	49	100
Obox3	protein_coding	1208	438	647	509	1268	278
LOC131385209	protein_coding	351	717	777	818	184	492
Zfp638	protein_coding	1221	664	860	1011	704	1469
Thap11	protein_coding	496	672	496	843	430	564
LOC132443648	protein_coding	70	0	185	24	867	5
Phf3	lncRNA	567	256	416	550	224	304
LOC131338797	protein_coding	605	709	256	115	178	139
Rb(12.13)3Ct	protein_coding	853	123	478	180	203	764
Gm43305	protein_coding	61	136	114	97	62	44
Srp72	lncRNA	812	486	441	420	701	768
LOC131340686	protein_coding	234	171	405	119	489	428
Gm6548	protein_coding	1644	2360	1156	1224	2132	614
LOC131387580	protein_coding	173	230	164	120	180	104
Tas2r123	protein_coding	1625	1420	990	1949	742	279
Zfp948	protein_coding	855	443	56	116	350	60
LOC109280014	protein_coding	1482	431	133	409	1580	96
Sds	protein_coding	2853	2470	3476	6603	2171	6808
Mc5r	lncRNA	2307	331	1098	2213	1070	1070
AU018797	pseudogene	881	1381	564	1163	888	467
0610039K10Rik	protein_coding	355	623	317	570	440	299
Gm10389	protein_coding	1495	2137	1340	659	896	548
LOC131379073	protein_coding	251	422	1152	849	317	1551
Tse3	protein_coding	255	13	805	766	190	538
A230106O10Rik	protein_coding	509	110	266	103	174	437
Slc24a4	protein_coding	860	1203	2301	1396	671	860
Gm22116	protein_coding	3621	1007	3649	2095	562	1222
Gm11266	protein_coding	932	3734	1707	1469	890	786
LOC131386562	protein_coding	716	576	651	751	319	870
Gm10237	protein_coding	1247	1389	3069	1701	1031	719
LOC131296009	protein_coding	3001	2653	1642	1982	1528	1605
Gm34845	protein_coding	97	102	233	124	137	56
Gm30809	protein_coding	155	13	240	278	94	243
LOC132443318	protein_coding	71	327	85	316	22	735
Gm41734	protein_coding	412	372	447	295	436	317
AU015232	protein_coding	5	6276	357	25	17068	2
Nkiras2	protein_coding	2072	157	512	678	1159	1165
Gm7079	protein_coding	1383	1037	825	913	1143	1250
LOC132411477	protein_coding	4277	4320	7821	7815	7389	7992
Gm35514	protein_coding	619	0	174	0	3	2
Gm34535	protein_coding	290	113	268	63	540	151
LOC132408883	protein_coding	29	51	135	229	131	104
Pltr13	lncRNA	1611	5049	4163	2508	1991	1155
Gm40982	protein_coding	1803	1710	1881	1226	1668	1614
Eif4ebp2	protein_coding	1039	1083	996	496	286	458
Rbks	protein_coding	799	1421	449	1064	958	4720
LOC132442475	protein_coding	47	1535	1064	792	1249	510
Elane	lncRNA	69	1081	188	251	913	1944
LOC132412708	protein_coding	2508	1921	2642	1999	4059	2550
LOC131338426	protein_coding	385	488	367	228	417	340
LOC131372383	protein_coding	2254	355	571	426	801	1410
Csnk1g3	protein_coding	1246	1311	1696	2794	2519	2568
Gm17396	pseudogene	1105	1334	925	1401	982	1105
LOC131386825	pseudogene	863	769	844	538	443	754
Ano1	protein_coding	328	969	611	1560	5750	2575
Gm21070	pseudogene	79	366	300	856	244	451
Gm15462	lncRNA	2662	1447	1761	2317	1364	848
Taok3	protein_coding	226	406	595	436	555	544
Prxsh	protein_coding	1031	670	2134	339	546	206
Gm41515	protein_coding	904	1002	985	516	725	1145
Aprt-ps	protein_coding	366	221	558	507	480	317
LOC131296489	protein_coding	258	86	723	703	775	225
LOC131385947	protein_coding	571	874	454	1048	392	638
LOC132442103	protein_coding	2037	4745	3582	3470	3406	3146
LOC128926594	lncRNA	30	113	560	46	201	182
LOC132444813	pseudogene	409	225	255	784	1137	432
LOC131341588	protein_coding	2237	347	1911	2582	1791	1048
LOC132445379	lncRNA	997	680	331	309	410	760
Asah1	protein_coding	218	79	468	112	464	138
LOC128924699	lncRNA	219	1249	39	913	751	73
Tinag	protein_coding	907	1762	1009	611	1416	741
LOC131339453	protein_coding	548	1520	62	135	91	135
Bw19	lncRNA	378	315	993	313	252	209
LOC132443093	protein_coding	458	386	986	1137	1688	1178
4930488B04Rik	protein_coding	1725	941	1949	1814	1957	2312
Gm14154	lncRNA	2311	2471	3326	1058	1012	400
LOC131295294	protein_coding	1042	566	3900	3490	466	879
Gm18352	protein_coding	2714	3075	4303	3136	3060	2204
LOC131341345	protein_coding	8	3687	0	6313	728	1275
Gm32776	protein_coding	3466	327	885	1852	1719	1326
LOC132442681	protein_coding	770	303	917	1086	602	879
LOC132443190	protein_coding	3200	1481	1078	1138	2875	1992
LOC131387452	protein_coding	1124	982	714	572	662	550
Gm18675	protein_coding	47	117	83	34	182	377
Actvty1	protein_coding	1273	739	175	874	277	476
Bmd7	lncRNA	1114	826	122	1427	142	2472
Atp6v1f	protein_coding	252	1679	1176	1057	1190	1587
Gm18831	pseudogene	3087	1226	265	3184	1694	1304
LOC131379362	protein_coding	1007	890	1613	1219	2778	1239
Gm41669	lncRNA	1864	1513	1687	1746	1945	1335
LOC128924995	protein_coding	406	990	652	510	474	1303
Gm10435	protein_coding	767	3163	3179	223	2087	3576
D13Die45	protein_coding	1212	463	938	826	934	846
Rb(16.17)32Lub	protein_coding	722	489	1305	1460	818	2722
4921534H16Rik	protein_coding	731	282	1059	646	672	1069
LOC128926824	protein_coding	1544	1606	772	372	459	335
LOC131373846	lncRNA	197	196	124	510	57	64
LOC131296562	lncRNA	1549	239	523	508	333	558
LOC131389100	protein_coding	36	415	138	0	1	52
Mir3474	protein_coding	219	430	383	201	629	692
LOC131295787	protein_coding	640	221	105	3538	5428	811
LOC131391827	pseudogene	320	286	1319	508	275	361
Adam28	pseudogene	1621	1014	2102	955	1533	597
Gm13104	protein_coding	873	1803	200	795	465	404
Earheal2	lncRNA	142	74	236	321	465	123
LOC128926503	protein_coding	1789	1436	399	195	581	1759
Mir291a	protein_coding	2035	456	1603	1393	736	1857
LOC131392640	protein_coding	1596	407	989	560	1064	403
LOC131377660	lncRNA	141	797	1842	201	423	516
Mir6414	protein_coding	2155	2954	846	788	818	596
Eae39	protein_coding	620	411	609	731	248	824
Tia1	protein_coding	1961	903	821	1168	566	3502
LOC131372239	protein_coding	54	92	43	89	60	70
Atp1a2	protein_coding	1599	5241	1323	1595	2631	2682
1700001D01Rik	lncRNA	345	1376	1124	114	1457	908
Cacnb3	lncRNA	937	722	899	469	1061	977
Snx9	protein_coding	1039	1546	2184	5494	3480	274
Gm38556	protein_coding	368	597	454	816	181	547
epf	lncRNA	3402	5200	4406	3772	2128	1409
LOC131295760	protein_coding	382	232	153	206	132	118
Gm15351	protein_coding	2797	2138	3460	2217	2856	812
LOC131371896	protein_coding	309	549	503	405	958	675
Gm23274	protein_coding	1482	783	495	945	1417	720
LOC109279866	protein_coding	976	668	1051	641	1499	884
LOC131377906	protein_coding	608	655	1222	1084	683	241
Gm21281	protein_coding	0	0	0	128	11	21
LOC132443903	protein_coding	1843	327	592	361	1999	237
Gm52184	protein_coding	1183	730	5288	1727	709	2129
Wdr74	protein_coding	1260	1340	2327	1765	1303	2469
LOC132412422	lncRNA	273	173	296	1062	912	1188
D17Mit129	protein_coding	938	407	796	1261	1574	1294
LOC131295183	protein_coding	1528	143	2252	2422	1505	2341
LOC131337454	protein_coding	1936	900	1000	1538	1317	780
Apex1	protein_coding	2785	825	2018	2889	173	97
Gm40491	protein_coding	331	431	6627	344	3410	7444
D2Ggc4e	pseudogene	758	383	173	799	1552	1047
Ndufaf8	pseudogene	436	285	428	761	1104	346
LOC128926631	pseudogene	287	165	900	652	378	324
Gm14985	protein_coding	81	518	562	203	784	622
Rrsv	protein_coding	984	600	2242	1511	4687	325
Fxn	protein_coding	532	313	553	245	359	415
LOC131340986	protein_coding	422	553	183	552	760	490
Ceacam2	protein_coding	654	337	1582	1171	1300	1060
LOC131386552	lncRNA	698	996	1670	592	826	310
LOC132411975	pseudogene	278	246	164	382	175	200
Gm22656	protein_coding	1170	286	1383	1133	963	907
Gm13383	protein_coding	7	44	43	2	10	164
Gm34457	pseudogene	41	288	68	224	119	268
Gm11379	lncRNA	814	310	152	719	213	210
LOC131341894	protein_coding	1478	2174	1429	989	2277	1251
Gf1	protein_coding	1669	931	1001	3623	473	1728
Polr3f	lncRNA	1014	731	528	614	1132	1005
LOC131388527	pseudogene	3651	1469	1295	1780	2238	1518
Gm31157	protein_coding	3	26	266	8	1620	2
Syt4	protein_coding	119	401	1341	242	1232	488
LOC132410822	protein_coding	4362	1798	1	973	5	1
Gm23508	protein_coding	106	270	76	92	40	80
Thbs2	protein_coding	135	181	515	88	284	157
Gm33381	protein_coding	1143	850	111	691	468	611
LOC132444729	protein_coding	487	1571	3036	850	653	1112
Cd47	protein_coding	903	236	527	375	392	444
LOC131296443	protein_coding	1318	1236	976	1705	1379	1134
Prh1	pseudogene	265	259	291	153	320	217
LOC132407856	pseudogene	1440	1511	1132	1334	1164	1290
1700057D03Rik	pseudogene	2417	493	2387	501	2603	1319
Gm15232	protein_coding	2722	2096	362	1992	2133	1489
Rgs10	protein_coding	221	124	23	715	857	59
LOC131372495	protein_coding	1460	2052	1083	1411	1701	2436
4933400C23Rik	protein_coding	1261	968	1533	1554	1423	1438
Ints14	protein_coding	640	597	697	517	1139	78
2510017J16Rik	pseudogene	148	57	102	352	99	41
Gm40110	protein_coding	3018	1533	728	762	195	888
Iap5rc19	protein_coding	206	165	50	269	64	642
Gm34632	protein_coding	440	144	65	2531	811	497
Gm6053	protein_coding	105	104	160	266	174	197
D9Mit230	protein_coding	6239	645	811	33	1951	4028
C230057M02Rik	protein_coding	547	566	518	518	751	230
LOC131386310	protein_coding	549	444	791	296	1200	648
Gm22247	protein_coding	855	1419	2219	1081	4077	1448
Pcdhb11	protein_coding	272	626	2505	302	175	443
LOC131378123	pseudogene	1173	1434	820	2589	1776	1659
Gm12814	pseudogene	5064	298	2628	385	1697	3888
LOC131374692	lncRNA	1133	805	520	1557	391	775
Dpm1	pseudogene	911	653	1357	326	565	670
LOC128925327	protein_coding	4125	1682	2573	7595	2550	1962
Ctsa	protein_coding	431	469	953	73	266	152
Xmmv14	protein_coding	1617	484	565	462	687	1346
Gm42294	protein_coding	100	349	312	487	395	793
Gm12508	protein_coding	2854	2609	1956	812	813	864
Gm54108	protein_coding	32	508	1046	366	4865	260
Vmmt19	protein_coding	554	464	425	581	699	517
LOC131376229	protein_coding	78	156	377	317	149	120
Aqp10-ps	protein_coding	407	130	156	925	165	62
LOC131392683	protein_coding	1359	1665	1956	1566	774	1363
Prkcb	lncRNA	2361	1364	1275	2478	1295	2198
Gm36586	protein_coding	328	387	679	448	619	686
LOC131374229	protein_coding	2874	1844	2203	1253	2049	1088
Rb(1.18)10Rma	protein_coding	2847	2138	1349	3685	1488	2065
Gm52193	protein_coding	46	132	0	188	1057	487
LOC131339490	protein_coding	3128	2715	1537	626	827	2211
Gm13192	protein_coding	1218	260	1084	338	289	311
Gm16503	protein_coding	1030	471	478	441	595	529
Gm41440	lncRNA	479	747	561	723	844	772
Gm4251	protein_coding	441	823	946	871	613	1607
Gcnt7	pseudogene	1493	1442	1764	2157	1340	1725
Gm33035	lncRNA	160	45	138	221	622	174
LOC131387381	protein_coding	414	666	610	540	1214	789
Gm16082	protein_coding	1284	606	257	26	90	526
Gm20367	protein_coding	60	45	103	56	96	20
Gm36457	protein_coding	550	278	59	194	17	2149
Rpl5-ps2	protein_coding	11	3240	166	0	0	0
Gm36883	protein_coding	989	2035	1119	2577	3019	71
LOC131389352	protein_coding	340	766	664	515	831	897
Mir6973b	protein_coding	928	1179	807	1758	803	767
Trav3-2	protein_coding	1152	903	1652	1246	1779	951
Gm21855	pseudogene	849	1410	762	439	618	1600
Ube2srt	protein_coding	3077	4241	1160	614	2758	933
LOC132409031	protein_coding	2159	108	469	319	1	772
LOC131371571	protein_coding	622	863	683	629	926	765
DXMit189	protein_coding	245	184	263	216	198	189
AI256787	pseudogene	137	131	79	118	115	150
Gm53501	protein_coding	143	297	636	606	496	285
LOC131341103	protein_coding	3706	243	1436	2893	1854	230
Gm16555	protein_coding	1381	649	490	443	548	2724
LOC131339597	protein_coding	423	469	338	556	433	503
BB211804	protein_coding	1622	2112	729	1006	660	1670
LOC131295592	protein_coding	331	255	34	105	2	293
Gm26488	protein_coding	62	118	65	528	580	298
Gm33008	protein_coding	580	183	309	179	482	343
Rps2-ps3	pseudogene	217	2493	1472	2854	1872	2203
Gm39801	protein_coding	378	882	408	739	196	346
LOC132408051	protein_coding	778	2353	989	1227	965	980
Gm20866	protein_coding	321	31	67	21	199	552
LOC131339667	protein_coding	3793	1082	3180	1415	1005	4280
Dxcp2	protein_coding	2318	578	1636	404	1477	323
Hs3st3b1	protein_coding	366	291	654	493	371	932
Gm36913	protein_coding	150	131	191	203	265	286
LOC131391512	protein_coding	864	631	788	443	340	681
Bgeq8	protein_coding	952	1029	1201	898	595	911
Gm35687	protein_coding	668	375	518	364	1053	674
Gm40930	protein_coding	1368	1522	830	5231	652	1964
D4Mit201	protein_coding	1189	1952	511	1067	961	1589
D7Mit342	pseudogene	499	352	518	382	831	216
Elyms1	protein_coding	130	489	315	191	170	493
Tfdp2	lncRNA	2492	1361	916	570	574	850
LOC132412243	lncRNA	1988	3089	1638	5361	3773	5645
Gm6228	protein_coding	445	2369	1146	1217	1696	850
LOC131376177	protein_coding	951	1024	1397	925	722	2149
LOC128924693	protein_coding	1450	628	404	894	307	827
D5Mit367	protein_coding	1562	3953	5439	1608	4293	718
Pcdh8	protein_coding	844	1423	1820	467	1170	673
LOC131388910	protein_coding	1136	2273	2089	1659	1723	1875
Gm14348	lncRNA	161	87	133	21	118	1940
Gm35419	protein_coding	1195	316	1046	1238	2033	1298
2210402A03Rik	protein_coding	3962	3849	2395	1661	378	2699
T(6;10)18Ad	lncRNA	0	38	0	146	17	7
A430103D13Rik	protein_coding	889	3420	2983	2931	3466	1610
Adip14	protein_coding	4522	545	3783	1374	5640	5601
Rb(11.13)4Bnr	protein_coding	1232	301	283	937	1209	636
Rn7s9	protein_coding	242	244	312	652	401	253
LOC131337920	protein_coding	1231	1567	1974	1848	1610	800
Lsm5	pseudogene	703	6438	809	2253	506	5752
B930059L03Rik	protein_coding	32	244	3893	218	670	233
LOC132440796	pseudogene	874	1105	540	387	969	1055
Gm20858	pseudogene	239	738	166	399	431	950
LOC128926761	protein_coding	59	110	88	168	190	77
LOC131340042	protein_coding	1138	575	91	1399	1134	427
Tjap1	protein_coding	114	120	204	41	53	49
Gm18389	protein_coding	466	2072	3016	1626	1956	3292
Gm18359	lncRNA	732	402	106	498	294	405
Gm46474	protein_coding	474	168	654	203	603	442
Gm16793	protein_coding	771	1103	406	1534	1338	1489
LOC131340402	protein_coding	2467	2707	4810	4812	3105	7125
LOC131337978	protein_coding	945	977	613	415	175	645
Gm41378	lncRNA	37	651	65	255	386	218
Abhd17b	lncRNA	512	618	138	1033	669	652
Gm12532	protein_coding	5	17	10	20	0	3
Cplaq3	lncRNA	227	154	30	365	87	68
Echdc1	protein_coding	371	1328	1672	757	576	1029
Gm10415	protein_coding	154	1764	179	2363	1544	3612
Eae35	protein_coding	815	523	968	1711	2163	474
Gm41400	protein_coding	1607	1998	1280	994	1836	2078
LOC131391150	pseudogene	2668	2580	1969	1946	2117	3537
LOC128925770	protein_coding	1080	841	489	259	404	249
Vma21-ps	pseudogene	469	409	482	632	570	734
Adamts18	lncRNA	703	123	858	248	226	724
Gm33533	protein_coding	64	21	38	104	255	159
Prss8	lncRNA	832	535	780	928	726	267
Mtfmt	pseudogene	926	928	1329	143	340	254
Gm52336	protein_coding	615	2021	838	1320	2082	1804
Gm53894	protein_coding	858	139	736	487	213	366
D4Ertd151e	protein_coding	352	371	546	638	478	973
Ccne2	lncRNA	911	1686	341	934	1099	1060
Gm29779	lncRNA	45	72	72	216	162	67
D8Mit200	protein_coding	2000	972	266	1190	2888	795
LOC131385480	protein_coding	482	328	615	628	805	1031
Mup7	protein_coding	3025	1667	2971	815	2932	1415
LOC132442255	protein_coding	2209	2037	1453	422	1866	5599
LOC132442839	protein_coding	1900	1441	2181	567	1024	1404
LOC132409479	pseudogene	610	315	249	139	639	229
D3Mit55	protein_coding	467	227	183	743	223	509
LOC132409060	protein_coding	1168	960	1251	750	914	662
Gm26739	protein_coding	66	1403	259	500	1245	5486
LOC131339072	protein_coding	1449	1428	1719	889	1232	1661
Gm14502	protein_coding	216	545	246	334	142	203
9230009I02Rik	protein_coding	353	133	142	135	306	293
Gpr4	protein_coding	1114	943	1077	1292	872	325
Gm41794	protein_coding	686	1177	269	1826	2652	556
LOC131391574	protein_coding	808	791	902	673	926	423
LOC131338750	pseudogene	1874	1110	659	2425	382	1145
Ossc2	protein_coding	659	570	1261	653	360	896
Tmem150cos	protein_coding	598	940	633	399	1649	716
LOC131337751	protein_coding	32	1929	52	900	582	4640
Gbx2	protein_coding	458	91	820	82	480	745
LOC132412309	protein_coding	776	1187	850	333	715	1093
LOC131374708	protein_coding	1119	737	309	438	156	68
Gm13611	pseudogene	1142	472	567	123	282	31
Exoc1	pseudogene	1274	1300	1839	828	604	1803
LOC131389205	lncRNA	615	468	1738	317	2247	1556
LOC131385016	lncRNA	370	695	339	447	587	920
LOC132412516	pseudogene	2036	3261	2141	4459	5954	1410
6330522J23Rik	protein_coding	203	2946	969	3110	787	5143
Akirin1-ps	protein_coding	760	1712	1155	1892	717	817
BC049715	protein_coding	412	42	94	345	16	256
Gm46102	lncRNA	303	191	197	271	651	13
Gm46916	pseudogene	113	195	153	53	117	201
Gm19976	pseudogene	155	92	101	102	154	190
D17Mit16	protein_coding	258	573	194	243	154	764
LOC131388097	protein_coding	563	228	225	304	630	420
Eps8l3	lncRNA	727	1000	546	746	940	930
Gm40128	protein_coding	1215	1561	1846	2231	1895	1363
AF313042	protein_coding	1236	589	515	569	911	638
LOC131388276	protein_coding	537	467	245	447	1040	276
LOC128926158	protein_coding	83	30	93	77	133	144
LOC128925972	protein_coding	297	58	924	158	39	13
Gm10002	pseudogene	1293	2344	2165	2705	3588	975
Ndor1	pseudogene	695	727	1010	1079	1235	720
Gm31611	pseudogene	1745	912	1167	1736	1637	963
Gm38610	lncRNA	338	1333	2258	371	566	3311
3110040N11Rik	protein_coding	254	462	356	373	275	634
Egq8	protein_coding	2017	1052	989	1941	863	1690
LOC128926164	protein_coding	333	1463	672	673	1823	698
Frct1	protein_coding	456	1409	983	1398	774	2060
Gm45011	lncRNA	122	97	555	173	226	234
Gm46584	protein_coding	247	292	479	1292	795	105
Gm46711	protein_coding	1524	1593	2585	2037	2060	1607
Gm31236	protein_coding	185	134	445	225	144	244
LOC131387946	protein_coding	112	166	20	201	267	76
Ubap2	lncRNA	707	1481	2625	5493	2539	3423
Gm57635	protein_coding	107	1905	200	2003	1585	381
Gm12416	protein_coding	707	2590	1066	39	5034	663
Bad	protein_coding	754	960	827	521	416	410
Tmem218	protein_coding	278	331	397	129	481	181
LOC131378304	protein_coding	86	44	38	60	103	92
Gm28682	protein_coding	210	357	167	569	247	263
LOC131337857	protein_coding	1695	812	363	732	90	665
Gm29428	protein_coding	133	238	312	167	130	49
LOC131385008	protein_coding	378	150	914	803	333	882
Gm41008	protein_coding	825	735	479	406	744	621
Gm26008	protein_coding	457	500	128	478	1286	1914
LOC131375948	protein_coding	699	1703	5	66	337	185
Insyn1	lncRNA	1513	936	2312	1547	738	1098
Gm38395	protein_coding	157	949	130	314	173	2
LOC131372924	protein_coding	295	474	984	348	414	637
LOC132443573	protein_coding	1197	1174	1365	2046	447	1245
Gm25868	protein_coding	911	688	2005	795	508	442
LOC131373685	protein_coding	648	624	346	521	713	595
Emv7	lncRNA	326	214	319	298	234	228
Zfp951	protein_coding	731	1299	822	873	1360	1363
4833417C18Rik	pseudogene	3569	1025	439	1854	59	781
LOC128924938	protein_coding	243	253	74	27	0	4
LOC132409106	protein_coding	792	663	749	943	582	598
Vmn2r117	lncRNA	3711	2265	2285	84	12	352
Mrpl2	protein_coding	2899	1981	1949	2375	3357	3545
Hip1r	protein_coding	191	108	266	335	287	43
LOC131378396	protein_coding	647	891	151	335	1181	566
LOC131388471	protein_coding	453	523	573	323	614	366
LOC132442528	protein_coding	2889	812	1071	2086	326	2275
LOC132409947	protein_coding	569	98	368	584	796	15
Gm39022	protein_coding	1088	492	741	234	43	150
Pxmp2	protein_coding	783	1042	357	636	751	747
LOC131295088	protein_coding	1022	1031	674	1275	908	2872
D6Mit311	protein_coding	712	1794	1421	817	3887	931
Gm57556	protein_coding	2978	782	3153	1355	1145	972
Gm8290	protein_coding	701	1697	1181	2202	3387	1630
Epha8	protein_coding	62	90	80	303	160	216
Gm31171	protein_coding	743	856	574	1103	638	1164
LOC131391360	lncRNA	441	466	1221	646	956	2135
Gm10563	protein_coding	737	2095	1264	1318	974	1099
LOC132408417	protein_coding	1270	739	1046	219	418	250
Gm40241	lncRNA	2935	2264	1026	1177	394	746
LOC132412829	protein_coding	910	1198	827	1350	809	1217
Gm2815	protein_coding	6	218	381	5002	13766	598
Gm51632	lncRNA	178	383	708	260	495	159
Gm30633	lncRNA	323	345	771	184	456	654
LOC131378111	protein_coding	597	129	105	25	5	226
Klk1b9	lncRNA	1355	351	391	43	564	420
Rpl13-ps4	lncRNA	56	32	22	189	451	173
Gm7082	protein_coding	1129	316	888	849	533	1042
Gm11416	protein_coding	1276	2205	1281	1172	2318	937
Vmn2r-ps127	protein_coding	2299	810	2388	2590	3475	3475
Gm46138	protein_coding	420	319	616	777	315	521
LOC132409234	protein_coding	1388	1085	1152	1540	504	1135
LOC131385736	protein_coding	184	721	394	763	253	203
LOC131337891	lncRNA	3765	3233	1844	4125	4636	4550
Hsbp1l1	protein_coding	914	485	691	1461	689	618
Zfp407	lncRNA	1148	2053	1019	5688	10479	8345
Gm16013	protein_coding	510	302	440	499	116	189
LOC131386249	protein_coding	924	603	610	611	536	425
Gm1988	protein_coding	156	862	183	137	641	620
Gm41825	protein_coding	144	162	420	30	123	41
Gm42074	protein_coding	1988	987	1199	3081	4486	3012
LOC131296973	protein_coding	890	421	432	514	592	297
Naad2	lncRNA	186	369	451	362	218	867
Gm17275	protein_coding	2862	1309	1636	2668	4169	2740
Gm41472	protein_coding	1209	192	717	498	922	753
LOC131339298	protein_coding	628	980	420	772	1084	925
Bfsp2	protein_coding	135	546	228	477	2214	125
LOC131372839	protein_coding	2734	1352	978	4830	2639	2528
LOC131371529	lncRNA	2348	2184	1565	813	652	3954
LOC131380195	protein_coding	819	717	1478	1501	1303	115
Gm41283	protein_coding	1199	745	947	1278	1052	351
LOC131296547	lncRNA	395	470	496	274	414	351
LOC132443175	protein_coding	628	2128	798	327	587	691
Hsd17b3	lncRNA	618	543	877	1698	1261	321
Gm31416	protein_coding	186	253	515	220	212	28
D16Mit32	protein_coding	534	1883	1034	698	797	976
Gm39724	protein_coding	2928	585	683	319	452	872
n-TLaag4	protein_coding	299	245	681	834	105	329
LOC132441322	protein_coding	196	531	121	1438	154	78
LOC131386713	protein_coding	2901	4342	5238	2883	676	1802
H3f3b	protein_coding	560	905	586	612	790	526
Fkbp11	pseudogene	1824	792	1044	1047	964	2497
Rpl37	pseudogene	3072	2975	2348	1156	2751	2844
LOC131379555	pseudogene	502	768	280	612	398	709
Cisd3	protein_coding	650	1870	1108	2031	1570	2043
LOC131338588	protein_coding	552	931	315	277	138	542
Tox4	protein_coding	686	1050	664	236	419	1624
Gm26054	protein_coding	940	1401	1217	805	1037	1532
Gm31924	protein_coding	1245	1274	1387	763	1185	3094
Gm39384	pseudogene	1736	1273	734	1945	749	912
LOC131380175	protein_coding	534	766	683	622	503	880
Del(X)18Brd	protein_coding	679	389	921	190	502	473
2610021A01Rik	protein_coding	90	108	98	95	75	115
Gm28179	pseudogene	496	595	352	491	415	581
LOC128925868	protein_coding	1132	2391	1018	1399	1269	2343
Gm2672	protein_coding	98	14	78	64	95	24
LOC131371430	protein_coding	649	671	327	155	441	512
Gm15110	protein_coding	354	3100	1043	1101	992	794
A230052G05Rik	protein_coding	153	58	180	118	67	183
BC048671	protein_coding	712	716	564	1951	544	1422
D17Mit59	lncRNA	160	264	182	108	263	197
LOC132410663	pseudogene	473	1181	666	990	492	1853
D1Dau19	protein_coding	2827	2563	2218	2930	3164	1791
Gm39930	lncRNA	2006	1312	2234	333	1037	3
D13Mit149	protein_coding	274	252	300	162	204	347
Btf3-ps6	protein_coding	5370	2436	1877	1509	786	147
Arxes1	protein_coding	128	105	87	135	198	70
Gm39947	protein_coding	1364	1297	1086	699	1457	692
Or1ao1-ps1	lncRNA	2135	1845	1478	790	1339	2460
Gm41592	protein_coding	290	1243	508	575	503	103
LOC131374524	protein_coding	613	612	753	634	348	852
9630014C11Rik	protein_coding	1788	3190	1282	2112	2437	1927
LOC131379728	protein_coding	101	24	24	667	14	176
Surf1	protein_coding	1376	639	975	1181	1222	780
Niban3	lncRNA	365	313	158	520	305	288
Zmat1	protein_coding	579	381	130	1460	935	460
Lad1	protein_coding	139	175	96	182	161	97
LOC132407956	protein_coding	995	1291	483	1876	427	953
Gm6069	protein_coding	1851	1014	1415	797	566	636
6430571L13Rik	lncRNA	593	729	1145	1159	494	933
LOC131379358	protein_coding	278	89	104	96	137	135
4921508M14Rik	protein_coding	306	332	309	464	402	157
Gm29788	protein_coding	2609	5772	1610	5623	1507	1903
LOC128926763	protein_coding	1245	1297	958	865	264	1022
D5Mit132	protein_coding	1011	517	901	397	697	618
Gm26651	protein_coding	566	1275	1452	586	592	168
D1Mgi23	pseudogene	1401	1556	823	3041	2164	2290
Mrps14	protein_coding	1186	1317	1140	1242	2979	1379
Gm13700	protein_coding	3024	1012	868	1311	1744	1053
LOC128924263	pseudogene	1076	1308	539	4089	759	2030
Gm3619	protein_coding	557	1581	345	1338	665	999
Gm41505	protein_coding	349	556	245	188	693	290
Doc2a	protein_coding	2013	6611	1307	723	1083	1267
4933402D24Rik	protein_coding	1055	391	612	820	337	536
Gm19966	pseudogene	2385	2526	2016	1942	1485	3184
Parvb	protein_coding	2544	4308	1770	10984	15614	10542
LOC131391458	protein_coding	226	315	221	180	117	83
Gm9499	protein_coding	331	491	1004	955	273	111
Gm36595	protein_coding	909	270	683	338	529	1577
Cds2	pseudogene	143	1334	324	1906	2150	410
Smim3	protein_coding	724	555	911	773	457	845
Gm7848	protein_coding	152	357	32	102	319	239
LOC131297687	protein_coding	134	255	121	119	316	56
Gm22510	pseudogene	591	670	386	553	600	547
9530062K07Rik	protein_coding	432	213	381	437	1519	960
Gm7833	lncRNA	174	367	447	962	489	1274
LOC132408285	protein_coding	947	8466	2706	879	2994	2419
LOC131386630	protein_coding	565	2073	1074	3211	728	1101
pf	protein_coding	1154	1311	2383	1015	1392	868
Tmem229b-ps	protein_coding	289	328	601	580	577	725
Gm7742	protein_coding	1111	613	563	1149	908	1457
Gm46258	pseudogene	1620	642	2123	1689	660	1020
Cacna2d1	protein_coding	797	185	1494	1504	390	788
D19Mit7	protein_coding	514	227	614	702	720	2319
Gm9443	protein_coding	6495	0	540	1790	610	550
LOC118568704	protein_coding	1250	867	374	652	331	337
Gm42165	protein_coding	1770	827	259	1619	849	1464
Gm36540	protein_coding	1061	2797	497	7	1710	62
LOC132442463	protein_coding	523	685	339	229	93	199
Shisa9	lncRNA	755	532	248	1109	439	781
LOC132409114	protein_coding	224	1803	705	1691	335	1954
Gm5340	lncRNA	1186	235	536	696	938	247
LOC132445103	lncRNA	2854	2303	1323	2047	499	7880
LOC131372155	protein_coding	5	6	1672	199	843	1075
F830045P16Rik	protein_coding	517	361	427	287	275	382
Cmv4	pseudogene	1308	1002	774	690	773	1003
Scrd2	protein_coding	1617	906	1600	946	2117	969
D3Mit249	protein_coding	531	206	544	547	168	275
LOC131387540	protein_coding	535	4360	1092	2657	778	1225
Tbx21	lncRNA	714	816	495	607	951	509
Gm52885	lncRNA	1377	1977	2556	3827	170	799
Ighv8-14	protein_coding	491	1271	680	976	915	636
Cyp2d38-ps	pseudogene	176	500	4968	1473	1251	94
Gm38876	protein_coding	355	1779	674	596	240	62
Gm19665	pseudogene	579	395	360	1013	438	68
Gm51686	protein_coding	24	38	54	58	47	65
LOC131374516	protein_coding	118	223	219	132	155	127
Elavl1	lncRNA	766	1138	779	925	175	176
Plcd3	lncRNA	106	140	45	53	186	256
AA607152	protein_coding	102	109	89	144	157	147
Grin3b	lncRNA	812	1557	1781	1269	564	498
LOC131373161	protein_coding	1919	6222	2732	893	1080	1778
LOC131374478	protein_coding	562	1570	1382	392	315	755
Gm50604	protein_coding	3221	1900	276	1791	1440	3616
Gm2089	protein_coding	121	125	65	54	83	74
LOC128925560	protein_coding	1527	653	1963	754	757	1924
Gm24641	protein_coding	70	136	298	744	649	433
LOC131374996	protein_coding	2284	1165	4272	1503	728	1115
Rhou	protein_coding	421	226	651	69	386	250
Olr1	protein_coding	319	791	160	492	1248	329
Ath20	protein_coding	961	829	1175	683	434	1586
LOC131340412	protein_coding	2780	1511	2140	1062	1288	2249
Gm52543	protein_coding	595	219	136	287	487	50
5430425E15Rik	protein_coding	190	791	115	5	18	0
Gm41806	pseudogene	2019	1140	1800	1002	1666	1664
Gm46766	protein_coding	1518	1129	1154	1613	973	1018
LOC131376944	protein_coding	52	34	691	249	172	309
LOC131389789	protein_coding	469	735	289	271	506	454
LOC128925824	protein_coding	904	1359	760	1226	1004	1434
Kcna2	protein_coding	1864	1215	1545	1862	1766	627
LOC118568038	protein_coding	515	1069	1320	887	1580	547
Gm40304	protein_coding	2217	1113	1519	2565	489	2628
Zfp738	protein_coding	232	2602	2461	844	2367	3095
Gm42368	lncRNA	288	801	661	246	218	519
D1Mit134	protein_coding	430	396	567	839	160	654
Gm28419	pseudogene	984	822	847	578	4467	1032
Emv22	lncRNA	5447	3345	1286	2689	839	1725
Gm22129	protein_coding	346	199	438	311	412	347
LOC131377290	pseudogene	193	336	227	386	575	444
LOC131379936	protein_coding	775	1382	539	1827	998	227
LOC128925525	protein_coding	2863	1122	575	1929	1506	1364
Gm11990	lncRNA	717	1167	1591	2766	412	612
Ugt1a7c	protein_coding	251	150	338	497	376	236
Gm29525	protein_coding	1848	2118	1719	2654	2323	2487
D9Sut1e	protein_coding	1030	373	718	503	116	264
Gm53314	protein_coding	883	1358	596	558	1171	853
Ndufs2	protein_coding	269	193	258	113	140	257
Nudc	protein_coding	1913	856	606	1517	1132	1165
Nipa2	protein_coding	1885	1630	1122	1942	2011	2003
Gm15946	protein_coding	97	74	101	237	202	82
Rpl35a-ps2	protein_coding	1509	1181	1798	306	1628	2700
Dssc2	protein_coding	963	757	1287	961	1236	1102
Gm21861	protein_coding	410	1703	944	1500	1673	739
4921525O09Rik	protein_coding	2300	1221	927	1159	813	1014
LOC131385327	protein_coding	65	302	436	205	545	279
Smim36	lncRNA	396	269	167	352	741	954
LOC131386373	lncRNA	730	904	1198	922	1142	431
LOC131379846	protein_coding	481	1226	50	218	385	96
A230006K03Rik	protein_coding	307	823	280	257	175	564
Gm40613	protein_coding	601	298	499	526	550	1074
LOC128926617	pseudogene	1209	1023	1193	1300	598	243
Fecq3	protein_coding	606	717	670	1579	1242	1051
Gm32714	pseudogene	235	688	2312	2148	1001	1717
Gm35533	protein_coding	1797	1121	494	1871	508	1291
Mir433	protein_coding	319	120	333	176	216	214
LOC131379435	protein_coding	543	1296	931	2435	1753	829
LOC128926321	protein_coding	1526	1240	1148	582	1175	1196
Wdr70	protein_coding	828	1112	703	1315	917	1877
Traj32	lncRNA	1000	2352	2026	2772	2274	1012
D4Mit80	protein_coding	1929	642	979	1073	1399	1432
Gm29899	protein_coding	62	108	110	140	98	101
C86562	protein_coding	2	15	227	26	203	105
Nba4	pseudogene	528	520	635	600	533	1123
LOC131389572	protein_coding	753	307	710	81	3	40
Mol4	protein_coding	633	1270	263	0	277	167
In(4)32Rk-d	protein_coding	1557	2056	2636	2053	1485	1721
LOC131390638	protein_coding	2994	1684	76	742	702	2924
LOC128925725	pseudogene	1461	2204	906	1058	2000	1358
Vps26b	protein_coding	207	56	585	379	459	384
Lcn9	protein_coding	1231	4069	102	214	1325	743
Gm7461	protein_coding	951	750	104	826	260	1118
LOC132412087	lncRNA	537	766	1600	472	894	2421
LOC132412617	protein_coding	2099	3192	1441	948	2287	2019
Or4d10c	protein_coding	128	18	90	315	153	81
LOC128925399	protein_coding	298	500	651	740	288	559
Rps25	protein_coding	988	687	1671	906	1023	723
DXGgc2e	protein_coding	836	486	724	561	140	300
LOC132412293	lncRNA	346	1164	1875	410	552	518
Ebf4	pseudogene	453	483	756	620	682	987
LOC131374320	lncRNA	70	46	351	425	158	583
Rab11fip5	protein_coding	998	2147	513	2264	912	814
C79468	protein_coding	425	1450	1291	660	1046	816
LOC131337816	protein_coding	919	363	3256	2927	1859	2703
Mlst8	pseudogene	330	98	204	505	578	106
Gm52867	pseudogene	425	658	642	472	119	235
LOC131392094	protein_coding	267	719	343	813	459	826
LOC128925291	protein_coding	400	570	259	786	352	481
LOC105244195	lncRNA	557	1594	2293	2167	1005	1796
LOC132412528	protein_coding	753	3190	696	836	2282	760
D17Jcs72	protein_coding	387	1523	837	677	472	1666
C030029H02Rik	protein_coding	826	510	553	635	1194	3804
LOC131372450	protein_coding	301	580	1724	1242	426	1559
Vezt	lncRNA	332	361	403	749	1118	1184
LOC131379268	protein_coding	1157	1182	1312	1062	1508	1565
4930571B16Rik	protein_coding	1222	1681	5328	3128	3769	3572
Gm32605	protein_coding	443	864	183	113	550	141
LOC131392274	protein_coding	9	510	0	0	5	465
Lhcgr	pseudogene	1308	753	946	547	842	1095
LOC107305670	lncRNA	1608	1817	1293	1170	706	2018
LOC110120508	protein_coding	1394	1	152	550	1770	0
Gm39774	protein_coding	342	376	1340	1850	910	1818
Gm3558	lncRNA	479	895	1070	1505	821	411
Krtap12-21	protein_coding	1028	1699	177	1310	1316	2216
LOC131341678	lncRNA	2977	1960	3768	3238	2834	1646
Gm29914	protein_coding	669	853	1954	2141	1829	1248
Glt28d2	protein_coding	1265	988	1450	893	585	892
Gm649	lncRNA	1227	1275	256	885	1106	636
LOC131387687	lncRNA	291	134	101	217	209	111
Gm39530	protein_coding	1129	449	834	920	565	1391
LOC131380095	protein_coding	500	536	449	1197	412	415
Gm26494	protein_coding	945	1572	2124	2053	1211	1875
Gm17896	protein_coding	299	90	545	1480	41	21
Cops6	protein_coding	1020	778	1710	1772	1023	1004
D6Ertd527e	lncRNA	3179	1062	1604	493	3051	1024
LOC131297365	protein_coding	1258	586	1035	580	1182	1684
Edv	lncRNA	1262	1319	1455	1709	732	1738
LOC131388539	pseudogene	1672	1141	3429	447	1244	1956
LOC131296166	protein_coding	1013	768	930	597	1144	611
D2Ertd468e	lncRNA	319	284	241	239	251	414
LOC131373676	protein_coding	342	281	117	657	757	169
Trbv19	lncRNA	209	693	484	287	127	424
Mir139	protein_coding	617	2290	1222	692	582	69
Atxn7l2	lncRNA	1334	1375	352	2094	1735	590
AY512949	protein_coding	906	1604	181	572	284	347
AA589488	lncRNA	184	402	313	200	21	105
LOC131388553	protein_coding	2232	1222	795	2282	6291	1279
Gm32151	protein_coding	1079	1237	200	706	1436	1198
Gm20763	protein_coding	823	755	1115	598	1186	418
Gm40703	protein_coding	614	728	1147	1446	796	1598
LOC131341104	protein_coding	1149	734	2377	387	2725	1413
D10Mit145	protein_coding	1516	778	1496	4121	1516	2277
LOC131374438	protein_coding	135	1	187	2	26	34
LOC131388204	pseudogene	851	319	741	724	155	1853
LOC132442167	protein_coding	2198	6321	2803	3498	859	2176
Gm30198	protein_coding	410	316	249	359	254	350
Timm22	protein_coding	1194	745	1366	3227	1379	436
LOC132445340	protein_coding	1174	775	231	918	2738	2112
Dlat	protein_coding	112	2939	1814	773	351	1403
LOC131340886	protein_coding	235	392	345	196	537	738
LOC131387547	lncRNA	1312	1972	2704	1766	1068	2190
Srsf10	protein_coding	1220	433	634	445	251	475
LOC128926303	pseudogene	3422	1234	693	551	573	987
Cocia8	protein_coding	601	184	713	279	477	578
Il5	protein_coding	2612	1278	1128	2253	2125	2141
Slc24a5	protein_coding	619	247	126	226	183	649
Gm5995	protein_coding	132	520	1151	262	378	405
Gm52873	protein_coding	1469	398	433	1480	832	1884
Mir451b	protein_coding	6220	2862	258	535	2922	1018
Atp8b3	protein_coding	485	276	208	434	310	85
Gm13278	protein_coding	4750	2852	1663	604	1912	1569
Skp1	protein_coding	749	692	2111	1889	1862	801
Zscan22	protein_coding	590	20	1079	371	476	464
Gm16754	protein_coding	2085	661	265	1042	400	960
1700030J22Rik	lncRNA	265	372	1686	648	70	286
Gm46553	protein_coding	729	734	583	649	680	553
Nudt6	protein_coding	1831	1069	1106	820	1120	820
Gm35887	protein_coding	306	4	223	871	257	42
Rims1	protein_coding	576	10	25	1	3571	293
Gm38686	protein_coding	1140	3298	1261	1672	429	1423
AV320309	protein_coding	1964	1316	2904	3895	1979	1716
Eef1a1-ps1	protein_coding	2488	1492	1508	1542	2640	788
Gm29121	protein_coding	355	361	331	368	619	860
Mir3086	protein_coding	1282	714	1286	936	534	91
LOC131392160	protein_coding	1514	1660	1985	1625	1375	761
Gm3675	protein_coding	1277	1465	2106	1457	1040	1889
Ccl21d	protein_coding	1160	805	870	1719	425	392
4933424M12Rik	protein_coding	332	430	471	220	348	198
Rps10-ps3	lncRNA	742	129	451	878	432	529
LOC132444940	protein_coding	960	675	492	198	681	169
Mcur1	protein_coding	487	720	966	609	819	869
LOC128924227	protein_coding	398	1133	321	80	353	354
Arhgap4	protein_coding	609	485	528	1057	633	464
Aknad1	protein_coding	995	463	452	749	839	575
Plce1	lncRNA	339	999	472	531	1059	1482
LOC132444634	pseudogene	1213	3698	1298	1007	1793	259
LOC131295909	protein_coding	1361	1877	418	558	1390	4596
Gm8256	protein_coding	973	549	1594	677	2056	594
LOC132440968	protein_coding	150	1887	401	684	21	803
Gm34637	lncRNA	4389	168	401	10666	3194	1269
LOC131389126	protein_coding	1725	1678	1373	900	1353	2072
Gm25880	lncRNA	1599	2606	5567	2110	1494	409
Gm18229	pseudogene	191	417	1330	412	766	404
Prss50	protein_coding	448	181	145	197	251	474
Gm10545	protein_coding	675	276	120	599	151	103
Ly75	protein_coding	428	915	1666	889	1330	435
A630073K07Rik	protein_coding	201	7	214	43	341	205
LOC128926708	protein_coding	67	0	87	6839	8	194
Gm25866	protein_coding	3	79	1163	22	1886	4
Gm30073	protein_coding	802	1172	929	244	777	949
Fkbp1a-ps2	protein_coding	360	1654	1888	1044	515	2005
Gm41170	protein_coding	922	1005	1135	367	392	582
Iap5rc8	lncRNA	772	64	37	674	170	835
LOC131340363	protein_coding	312	1132	1777	665	530	2253
D17Mit209	protein_coding	134	308	192	152	198	607
Gm23817	protein_coding	296	197	322	69	62	446
LOC132442402	lncRNA	1379	1326	2665	3322	3753	2354
Gm57578	pseudogene	440	357	328	195	410	239
LOC132412606	protein_coding	246	505	438	77	698	124
LOC128926952	lncRNA	433	598	843	801	854	460
Gm6605	lncRNA	2256	719	1794	1108	732	1153
LOC132410425	lncRNA	388	453	418	436	637	893
Gm26408	pseudogene	100	350	309	109	341	247
Gm52521	protein_coding	620	117	89	343	435	88
Gm46468	protein_coding	112	8077	133	319	954	4770
Gm41153	protein_coding	264	1692	1309	682	158	187
Chd5	lncRNA	1182	371	674	912	516	1377
Gm32031	pseudogene	998	518	1966	702	588	1871
Lats2	protein_coding	329	607	1221	1023	1356	1862
LOC131336944	protein_coding	428	250	210	204	230	537
Cyb5b	protein_coding	1113	1795	769	9153	13609	3490
LOC131391164	protein_coding	1418	726	1023	1518	368	1941
Gm13243	protein_coding	254	218	168	27	75	57
LOC131341630	protein_coding	112	239	273	378	674	204
LOC131341002	lncRNA	2851	1675	4455	2964	830	1676
Gm33404	protein_coding	717	244	145	143	761	238
LOC131390903	protein_coding	730	426	1703	3057	1586	1883
Adh4	protein_coding	36	37	417	1131	1109	285
LOC131386142	protein_coding	1874	992	3081	2060	1616	781
Gm18144	lncRNA	1073	714	1048	750	718	371
Gm54331	protein_coding	177	390	174	145	285	81
Pitpnc1	protein_coding	1014	2056	1358	895	1191	1824
Gm46095	protein_coding	918	1263	1119	1132	1052	1169
Gm47918	protein_coding	827	408	790	718	1100	536
D2Mgi52	protein_coding	912	663	330	902	1680	1377
LOC132408049	protein_coding	1109	2843	2732	521	419	1967
Mir346	protein_coding	181	73	265	132	78	352
LOC131388119	protein_coding	181	718	755	1582	843	1600
LOC131338592	protein_coding	673	839	2646	355	2988	640
C230072F16Rik	protein_coding	351	337	378	457	594	348
LOC132409518	protein_coding	27	14	5	95	867	588
LOC131336862	protein_coding	867	1385	866	855	1342	541
Nbeal1	protein_coding	465	320	779	113	43	147
Imp4	protein_coding	3994	5744	3368	2208	355	1474
Gm5422	protein_coding	821	357	516	621	488	631
63N19-T7	lncRNA	170	261	653	745	421	739
Rbm20	protein_coding	236	144	137	245	351	126
LOC131297784	protein_coding	404	463	349	527	287	635
LOC131297120	lncRNA	636	2946	305	997	1895	443
Pgk1-ps4	protein_coding	1448	598	643	403	1791	212
LOC131341403	protein_coding	347	317	280	304	315	272
Gm24150	protein_coding	308	416	226	316	294	269
Gm18669	lncRNA	415	138	221	98	157	339
LOC132440624	protein_coding	807	428	563	1247	985	253
AU024245	protein_coding	1271	363	921	514	872	368
Gm23891	protein_coding	917	1268	1011	987	937	574
Usp54	protein_coding	681	1007	989	607	641	557
LOC132411932	protein_coding	1130	1608	1841	2199	1191	2361
LOC131337155	protein_coding	1154	1110	448	171	1290	1973
LOC128925384	protein_coding	166	109	216	162	27	266
Gm36691	protein_coding	931	1118	910	814	1539	1145
Mep1b	protein_coding	1226	1306	1194	1319	2012	1217
D2Mit219	protein_coding	1977	219	1909	1070	511	3816
LOC128927348	pseudogene	359	404	517	436	656	389
LOC131296706	protein_coding	413	4409	5822	1365	3007	474
Gm30371	lncRNA	979	515	639	807	609	656
Loxl1	protein_coding	703	2179	1445	709	1282	1906
Tmem164	protein_coding	1204	1102	1649	1451	1017	681
Cyp4f15	protein_coding	2214	3375	3119	2414	3583	1733
Gm38759	protein_coding	1756	2332	886	1706	1426	1942
Gm30271	protein_coding	623	601	1535	1347	1298	916
Taf1d	protein_coding	2574	2957	3984	1574	621	2267
Psors1c2	protein_coding	1573	351	2466	774	772	360
Tectb	protein_coding	926	636	289	878	1253	2391
LOC131392542	protein_coding	1076	1207	2008	1453	1048	2451
Gm51688	lncRNA	396	311	648	166	736	506
Gm13268	protein_coding	1190	1007	911	669	803	553
LOC131372945	protein_coding	296	127	225	162	321	349
Alm	protein_coding	918	1278	931	448	441	110
Gm36328	protein_coding	490	947	1168	961	1163	421
Rita1	protein_coding	801	900	538	322	608	679
LOC131377765	protein_coding	1403	1432	1457	2481	2350	1572
LOC131340687	protein_coding	1941	2881	1135	214	1302	538
Gm14334	protein_coding	1755	1484	2498	1502	2495	1867
Gm15387	protein_coding	204	396	49	260	477	286
Gm15126	protein_coding	14	49	19	0	59	9
H2ac15	protein_coding	1279	1625	4014	1648	1642	2201
C86865	protein_coding	789	727	1271	563	1282	592
LOC111162619	protein_coding	1827	673	1826	628	4818	163
LOC131373643	protein_coding	1697	1490	1347	3104	1089	1683
Gm31054	protein_coding	1273	1357	873	1318	1264	1149
Gm38503	protein_coding	316	258	683	32	4462	15
Gm7004	protein_coding	451	577	928	1002	565	1064
LOC131388254	protein_coding	1323	1971	1093	922	2353	664
Gm23305	protein_coding	185	698	349	285	298	458
Gm40404	protein_coding	229	368	1691	610	558	101
Gm12917	protein_coding	650	990	778	1104	387	592
LOC132441879	protein_coding	837	726	962	136	65	87
Gm33091	protein_coding	346	407	421	436	508	371
LOC131386444	protein_coding	4487	3201	1529	2959	658	2278
LOC131296078	protein_coding	1840	1554	2962	444	2740	612
Vmn1r-ps34	protein_coding	1321	911	2188	1333	1027	2064
LOC128927214	protein_coding	3388	2995	3161	680	1649	4520
Cafq3	lncRNA	379	954	1105	1089	583	1270
LOC131386155	protein_coding	158	263	484	105	636	464
LOC131376696	protein_coding	468	382	855	518	192	283
Gm34515	pseudogene	2189	3275	2559	1735	2335	2237
D11Moh12	lncRNA	1000	1057	2067	179	528	693
Tmem106a	protein_coding	544	1870	980	505	511	869
Plcd1	pseudogene	206	184	251	12	242	180
LOC131388706	protein_coding	588	667	387	682	717	976
LOC131389164	protein_coding	363	299	1104	545	609	679
LOC132441175	lncRNA	668	1117	1079	504	1270	85
A330075M08Rik	lncRNA	896	376	635	162	209	375
Gm18836	protein_coding	2474	1666	2189	722	1103	1765
LOC131389114	pseudogene	1702	146	163	1323	3386	3954
A630028G03Rik	pseudogene	1563	1779	5417	2488	884	1378
Gm30317	lncRNA	222	133	261	246	240	165
Gm20163	protein_coding	539	441	1913	1066	841	1209
LOC131372423	protein_coding	221	144	119	297	501	220
Gm5265	protein_coding	131	211	177	457	237	576
l17Wis9	pseudogene	1391	648	506	332	624	422
LOC132409791	protein_coding	1148	865	1470	929	709	1817
LOC131386085	protein_coding	305	1800	1581	552	1724	919
Scgb1b26-ps	protein_coding	540	681	1416	82	304	3061
Gm15631	protein_coding	2188	1096	2069	929	1444	1724
Zcrb1	pseudogene	917	939	821	1023	950	977
LOC131386707	protein_coding	666	901	1537	2048	419	993
Or5w18	protein_coding	1155	1190	498	197	1306	805
5033423O07Rik	protein_coding	1582	1967	381	1699	2324	1268
D19Mit54	protein_coding	1905	405	4641	1170	714	1134
Cstdc3	lncRNA	569	386	218	302	289	82
LOC132440671	protein_coding	446	598	364	161	338	320
Or5d45	lncRNA	462	1378	681	532	1621	128
Zbtb34	pseudogene	1070	668	879	2477	1146	1403
LOC131379137	protein_coding	1291	1214	1379	2356	1471	1373
D930019F10Rik	protein_coding	294	514	400	745	305	257
LOC131341898	protein_coding	729	980	1709	1846	673	1355
Hrmt1l2-rs	protein_coding	185	596	367	36	136	932
Gm40160	pseudogene	379	599	346	477	442	400
LOC131295048	protein_coding	655	1161	2713	732	600	1531
Or10m1-ps1	protein_coding	1686	1391	1100	1232	587	612
Gm20188	protein_coding	1204	6606	1878	568	3705	2
Zxda	protein_coding	1393	666	4029	866	569	2067
Gm15796	protein_coding	2560	3455	2913	2218	3284	878
LOC131341408	protein_coding	1368	576	724	1230	525	1375
LOC131373983	protein_coding	70	222	108	100	274	47
Xmmv49	protein_coding	773	523	912	1136	648	382
Gm46183	protein_coding	2537	1477	1471	1975	1240	1802
Vmn1r172	protein_coding	1305	798	1738	464	1320	523
Mir146b	protein_coding	560	810	780	956	302	503
LOC128926927	protein_coding	866	2121	506	685	1555	495
Serpinb5	protein_coding	180	273	276	246	125	241
D16Mit145	protein_coding	589	315	749	185	208	321
Gm46526	lncRNA	553	490	1033	1774	1543	885
1110014L15Rik	protein_coding	1384	45	632	108	133	153
Gm23272	protein_coding	367	163	80	346	621	345
LOC110120404	lncRNA	3378	524	2599	765	957	2430
Gm46055	protein_coding	254	206	387	334	313	335
Gm38802	protein_coding	2447	911	1942	872	1297	1311
LOC131337021	lncRNA	581	345	525	1082	630	316
Gm53349	protein_coding	1925	1454	181	1441	362	255
Gm46180	protein_coding	1963	2520	2809	1017	1369	837
Ccdc74a	lncRNA	158	260	115	223	74	150
LOC131385392	protein_coding	318	588	438	1255	225	566
Gm40589	pseudogene	195	1984	755	265	1321	1305
Gm32742	pseudogene	545	1281	914	771	871	604
380N16T7	protein_coding	96	2365	1004	491	434	157
Gm12266	protein_coding	195	296	325	736	271	549
n-TCgca9	protein_coding	5453	3444	4121	4087	1260	4245
LOC131341426	protein_coding	5460	3644	1934	2190	900	1960
Gm21112	pseudogene	1124	325	153	85	82	298
Gm22973	protein_coding	542	460	709	345	816	119
D5Buc13	protein_coding	1168	589	315	394	484	536
LOC132441012	protein_coding	383	533	631	1307	941	342
9430064G09Rik	protein_coding	60	722	1193	170	809	171
Gm36173	protein_coding	2388	2643	1390	2871	740	3995
Saa1	protein_coding	1445	1472	1555	2685	1172	3611
LOC131385234	protein_coding	264	384	270	308	552	868
Gm39818	protein_coding	1086	1775	459	1086	1772	368
Tcra-V1.6	protein_coding	1245	2690	1374	353	2045	1978
Obox4-ps2	protein_coding	166	1484	1365	541	6532	1026
LOC131388478	protein_coding	970	2308	2894	956	2430	647
LOC131374193	protein_coding	2085	888	1079	2104	308	1158
LOC131341703	protein_coding	531	101	283	209	286	325
LOC139428847	pseudogene	746	615	526	519	430	826
Ldha-ps2	protein_coding	275	70	403	110	180	41
LOC131297021	pseudogene	1399	98	1919	1225	897	629
LOC132408709	protein_coding	755	2238	1273	1799	4148	1983
Gm30279	protein_coding	870	1149	658	657	837	1071
1700027H10Rik	protein_coding	2737	4242	2652	1866	1232	1620
LOC132412099	protein_coding	496	995	1031	207	638	187
LOC132441862	protein_coding	50	330	54	100	173	84
LOC131386738	protein_coding	827	1412	2306	1025	1523	1183
Cbx3-ps4	protein_coding	1039	1473	653	1311	769	1648
LOC128927246	protein_coding	796	1742	2330	196	98	1354
Sbmd1	protein_coding	324	847	276	1483	2363	1298
LOC128927665	protein_coding	126	2612	2060	116	126	1091
LOC128924736	pseudogene	623	413	1022	564	876	288
Gm33232	protein_coding	167	772	374	973	1	259
Gm25934	protein_coding	1391	779	1679	2395	356	1244
1700030C10Rik	protein_coding	3	327	249	472	120	166
Gt(ROSA)26Sor	protein_coding	4136	5586	3705	2344	1628	2590
LOC131390300	pseudogene	4015	7007	12665	2351	4153	11377
Gm54181	protein_coding	452	501	332	397	439	308
LOC132412136	protein_coding	509	305	327	200	210	477
Otos	protein_coding	277	347	281	564	413	567
Csn1s2b	protein_coding	202	1427	1314	4014	2407	1164
Gm10459	protein_coding	1032	1066	193	101	513	453
4930478P22Rik	protein_coding	1656	1407	715	1881	1179	990
Gm14229	protein_coding	102	33	16	2	60	6
Gm15461	protein_coding	203	522	551	445	670	524
LOC132410219	lncRNA	221	3242	1572	636	2134	1866
Gm40230	lncRNA	777	1391	529	1596	20	835
LOC131340570	protein_coding	224	740	637	154	753	145
LOC131337134	lncRNA	159	123	64	128	99	100
Gm34621	protein_coding	1962	1172	2706	318	2879	2552
Gm40408	protein_coding	819	1341	1964	1071	712	891
D0Ffm1	protein_coding	199	442	242	127	345	622
Gm18318	pseudogene	777	498	1028	1127	979	399
Gm14211	protein_coding	1067	378	1444	2519	1119	152
Gm13365	protein_coding	978	3024	852	757	1511	1177
Gm6334	protein_coding	72	289	283	262	85	282
1700061E18Rik	protein_coding	481	2068	1310	1747	497	494
LOC131372586	pseudogene	349	496	205	191	425	275
Tff3	lncRNA	403	612	142	350	389	240
LOC109279851	protein_coding	691	838	506	449	591	509
LOC132411322	protein_coding	2647	239	2165	1624	1003	851
LOC131371920	protein_coding	593	954	690	1173	766	837
Swqnd2	lncRNA	947	3499	1317	786	123	912
LOC131380547	protein_coding	4521	1838	340	6196	2589	5432
Adip18	protein_coding	2270	1574	2057	782	2953	3285
LOC132409763	lncRNA	126	107	45	32	100	44
Unc5cl	protein_coding	66	243	124	86	76	61
4930428B07Rik	protein_coding	382	464	603	1541	1514	1537
LOC131372506	lncRNA	2941	640	784	93	339	1474
Gm20820	protein_coding	50	89	54	28	102	98
LOC128925254	protein_coding	636	5302	147	265	377	245
Hbnr3	protein_coding	125	2112	1566	1417	1233	264
Lhpp	protein_coding	1852	655	535	371	620	893
LOC131296543	protein_coding	359	1429	2141	1371	232	1199
Ebna1bp2	protein_coding	1147	393	266	932	166	39
Gm22542	protein_coding	404	531	114	186	42	207
LOC131339594	protein_coding	834	1375	456	572	464	989
Bgeq6	protein_coding	325	1624	255	561	1249	1128
D9Mit64	pseudogene	1255	902	505	1159	1007	1146
Gm26611	lncRNA	1738	1200	560	665	715	751
Tmt1a	protein_coding	583	432	254	359	285	346
Gm52826	protein_coding	108	366	216	210	250	292
Gm53875	protein_coding	2674	3229	2177	1297	1832	1278
Prkcz2	protein_coding	174	209	164	220	157	137
LOC131341151	pseudogene	228	867	3823	1895	1073	2507
LOC131296082	lncRNA	2976	503	1927	3388	1339	5558
LOC132410896	protein_coding	966	403	759	380	846	686
LOC132444560	protein_coding	796	450	699	305	133	580
Mtbcq4	pseudogene	948	369	137	410	521	341
Gmeb1	protein_coding	2559	321	681	447	191	770
Gm40851	protein_coding	1088	804	1384	1654	1202	2664
Zpld1	protein_coding	176	454	500	1105	1033	476
LOC132443592	protein_coding	843	1031	784	3395	1461	1765
Gm11241	protein_coding	224	150	146	53	54	156
Tdpoz2	protein_coding	588	958	1330	1094	820	456
C81141	pseudogene	812	0	48	1	309	3127
LOC131374925	protein_coding	1799	911	343	87	75	998
Gm40467	protein_coding	807	1331	1658	113	99	164
Gm33627	protein_coding	1458	500	760	377	457	979
Gm32716	protein_coding	6735	2037	1946	4679	9099	7450
Fez1	protein_coding	470	331	873	704	3359	4537
LOC128925084	lncRNA	1061	1495	507	694	802	833
Mir18	protein_coding	491	173	633	664	1086	323
Mrgpra8	protein_coding	636	1088	1099	1120	688	445
Nctm1	protein_coding	81	15	185	210	75	168
LOC131389083	protein_coding	390	208	243	288	341	407
Gm40927	protein_coding	806	359	263	892	160	1153
Klhl30	protein_coding	257	443	604	1065	657	412
Gm16223	lncRNA	158	420	169	699	731	208
Gm40065	protein_coding	1053	1521	478	1206	1455	328
Gm18763	protein_coding	471	587	755	451	796	596
LOC131339014	protein_coding	832	290	81	372	1254	806
Odc-rs13	protein_coding	1298	859	1369	1618	1071	2314
LOC128927379	protein_coding	1333	1009	907	1437	804	1129
LOC131371491	protein_coding	104	2106	62	379	371	1391
Gm32111	protein_coding	889	427	1497	1541	593	827
AW557046	protein_coding	188	234	396	251	199	106
Tmeff2	lncRNA	3337	258	1327	846	435	986
Spcs1	protein_coding	725	3352	1135	1724	1323	858
LOC131392135	lncRNA	637	536	460	607	282	356
Dbf	protein_coding	123	222	428	1770	542	379
9330162B11Rik	protein_coding	1005	1042	564	433	489	500
Gm26211	protein_coding	4727	2720	1165	1697	428	4850
Phgdh-ps1	protein_coding	1060	1627	1129	1045	2151	1205
LOC132441185	pseudogene	774	216	175	226	170	148
LOC131378874	protein_coding	96	788	117	75	84	202
D11Bwg0388e	protein_coding	397	380	1311	1042	409	306
D9Mit76	protein_coding	157	399	318	87	202	134
Myrf	protein_coding	405	734	465	2030	3632	5
LOC131375108	protein_coding	104	20	120	134	140	44
LOC132412056	pseudogene	2389	1262	1991	867	1003	2496
Tank	protein_coding	6998	9995	44	12100	47	3584
Gm32973	lncRNA	608	578	703	516	997	1042
LOC131295827	pseudogene	2128	675	580	1470	495	1344
LOC131380275	protein_coding	813	829	1353	1879	986	694
LOC132443565	protein_coding	869	1923	2480	721	1169	2650
n-TCgca3	pseudogene	967	153	738	226	1731	812
Per1	protein_coding	1519	1593	792	793	1790	259
LOC131295746	pseudogene	249	232	301	161	93	161
Murrs2	pseudogene	107	220	255	466	654	434
Gm53654	protein_coding	1646	608	1108	514	618	268
Gm6510	lncRNA	2040	837	2493	1288	964	528
LOC131379391	lncRNA	80	309	84	40	191	542
Otc	protein_coding	212	250	211	109	156	309
LOC131378225	protein_coding	1004	1673	1596	3942	269	2388
Abca8b	protein_coding	1929	1692	1345	901	862	1046
LOC131296741	protein_coding	637	410	1870	1035	935	1242
Gm40181	protein_coding	215	831	1465	614	951	935
Scp2-ps1	protein_coding	359	543	552	317	390	315
Gm38559	protein_coding	776	1263	2041	3552	2942	3325
Gdcr2	protein_coding	2336	4305	4375	371	484	624
Rpl17-ps11	lncRNA	637	669	1370	387	400	1166
Gal3st1	lncRNA	152	92	151	54	47	141
Gm31193	protein_coding	556	316	634	330	352	282
Gm34433	protein_coding	932	482	609	897	507	2214
Gm30191	pseudogene	134	97	144	446	190	83
Heal2	pseudogene	455	283	571	460	266	1104
LOC131341929	protein_coding	719	439	256	777	788	397
LOC132410331	protein_coding	446	367	205	729	806	639
1700031P21Rik	protein_coding	0	0	506	2	93	3960
LOC132443033	protein_coding	663	1007	1555	719	946	1329
Gm34514	protein_coding	1038	1222	1836	1529	1442	1538
Gm20139	protein_coding	238	1111	2486	1208	657	445
Jph3	protein_coding	63	471	270	547	383	185
H4c14	pseudogene	112	187	741	7746	282	556
LOC132410754	protein_coding	506	378	531	296	990	640
LOC132412852	protein_coding	405	546	219	147	294	210
LOC131373916	lncRNA	53	85	226	310	295	50
Pstc2	protein_coding	808	590	129	562	727	1153
LOC131374135	protein_coding	320	468	947	512	494	1861
LOC131378147	pseudogene	2616	616	1481	2394	3239	1485
Gm42304	protein_coding	401	286	197	338	33	178
Gm6296	protein_coding	1219	1206	1726	2509	558	1216
us	protein_coding	2176	2073	1706	671	1574	330
Gm41872	protein_coding	357	314	448	223	471	371
Gm31228	protein_coding	1122	953	1647	1162	855	1335
Vdac2	pseudogene	1299	373	978	565	709	526
Mir5130	protein_coding	444	322	480	623	437	381
Gm38421	pseudogene	79	108	869	465	1581	26
Gm3302	protein_coding	1075	939	4599	539	363	2433
Gm32734	protein_coding	56	997	0	969	365	0
LOC131340995	protein_coding	84	378	394	620	111	152
Scgb2b10	protein_coding	6038	4435	1754	3025	1516	748
Synch2	lncRNA	46	258	369	275	290	285
LOC131392209	protein_coding	759	229	522	1029	1347	669
LOC131296198	protein_coding	393	82	318	1841	223	1899
LOC132411237	protein_coding	191	123	362	151	684	224
Bbaa14	protein_coding	658	655	1086	124	264	569
LOC131392685	protein_coding	1631	1825	936	3144	2413	4783
Dlg5	protein_coding	1373	495	581	380	501	774
Vmn2r-ps141	protein_coding	1191	1060	1075	559	720	1518
LOC131372311	protein_coding	1464	1133	620	534	488	1327
Sprol1	protein_coding	255	215	379	601	1017	847
Gm50593	lncRNA	622	342	256	1594	4378	1015
LOC131392752	protein_coding	878	1230	2390	1068	1572	1522
LOC131372662	protein_coding	183	257	535	720	362	1053
5830453J16Rik	pseudogene	736	1728	355	1700	4069	1436
Gm17984	lncRNA	444	445	542	316	972	579
LOC132441552	lncRNA	2932	4123	2562	3746	2180	2983
Tcra-V1.7	protein_coding	2230	1146	2420	1366	2165	3036
LOC131341314	protein_coding	1301	263	114	354	328	314
Gm57638	protein_coding	553	841	629	776	538	873
Gm18780	protein_coding	28	80	73	63	84	61
Hoxd4	protein_coding	3266	1442	198	485	464	684
T(8;16)17H	protein_coding	353	922	308	1122	1124	888
Klk1b23-ps	protein_coding	901	886	820	1215	969	843
LOC131385900	protein_coding	232	195	255	70	203	471
Gm7594	protein_coding	1275	1229	2754	155	538	283
Tel19p	protein_coding	883	4654	5212	2891	481	5605
Gm19171	protein_coding	1126	1401	1763	491	2105	818
Vng	lncRNA	1479	1866	385	1120	2067	1049
LOC132409504	protein_coding	1745	1378	1281	1008	2175	1077
Gm32739	lncRNA	271	141	88	185	194	45
Gm32632	lncRNA	944	1254	684	435	413	2447
Gm12718	protein_coding	481	69	172	174	82	544
Mir6769b	lncRNA	1204	666	583	775	1376	620
Tex51	protein_coding	1345	1183	944	1197	1072	1567
LOC131374663	protein_coding	3491	948	327	486	88	580
LOC128926764	protein_coding	2179	2126	1431	1737	4032	1663
D12Mit228	protein_coding	1142	1289	2721	1505	811	1494
LOC131386050	protein_coding	262	212	305	384	141	237
Cyp4f17	protein_coding	2208	1910	1363	3341	1464	1400
LOC131338219	protein_coding	2278	491	253	175	341	3002
Pramel36	protein_coding	646	1	674	0	0	1
LOC131375463	protein_coding	952	564	821	2454	4398	2495
Gm33719	protein_coding	556	664	269	809	367	761
LOC131380446	lncRNA	649	535	514	248	496	511
Gm26150	protein_coding	1599	570	1391	679	797	956
Gm40838	lncRNA	1755	1418	2212	3033	2871	1421
LOC128926777	lncRNA	1345	615	1203	449	1131	983
LOC131379168	lncRNA	678	617	564	795	495	537
Iqcf6	protein_coding	5651	1440	2400	8445	11850	4181
Gm32373	protein_coding	557	1183	1491	939	1446	546
LOC131390942	lncRNA	2240	641	1231	243	619	449
LOC132412538	protein_coding	1463	936	1639	852	1800	1698
LOC131377324	protein_coding	525	709	766	675	732	784
Gm22747	lncRNA	12	62	238	268	151	279
Itprid1	protein_coding	2063	802	280	2639	585	325
Gm38897	protein_coding	220	521	156	524	363	149
LOC131392013	protein_coding	157	219	101	247	108	407
Gm52328	protein_coding	2685	1497	1426	434	1825	402
LOC131390544	protein_coding	104	711	1461	1816	352	472
LOC131376002	protein_coding	551	893	760	1267	1423	2346
LOC131339027	protein_coding	693	877	353	538	754	407
LOC131391436	lncRNA	635	14	46	238	198	41
LOC131385670	protein_coding	1036	1431	276	2228	706	748
LOC132440862	protein_coding	2215	1610	1846	1399	3242	2650
Mmv18	protein_coding	402	328	521	979	439	1681
LOC131376809	protein_coding	581	443	972	119	74	310
1700008K24Rik	pseudogene	1906	1075	808	1715	886	1228
LOC132443688	protein_coding	313	584	204	587	339	600
Gm40611	lncRNA	3937	495	568	2928	3396	1656
Aco2	protein_coding	982	717	163	1655	1000	4074
Hoxb5	protein_coding	34	2178	3561	290	764	843
Gm53877	lncRNA	420	203	296	281	577	142
Ifi206	pseudogene	5330	6006	1078	3300	6452	6480
LOC131340667	protein_coding	171	431	300	377	234	473
Gm3956	protein_coding	253	563	1468	504	1138	1451
Gm19031	protein_coding	458	980	553	463	266	478
LOC131391936	protein_coding	1558	1145	2680	1749	712	476
2510039O18Rik	protein_coding	211	1069	562	603	1208	367
Actl11	protein_coding	339	731	331	637	492	430
LOC131340366	protein_coding	286	245	1310	794	320	968
LOC128927935	protein_coding	4541	2627	3651	240	6910	912
E430014L09Rik	protein_coding	2399	1354	1720	734	1412	1489
LOC131391855	protein_coding	98	66	389	87	157	141
LOC131373019	protein_coding	474	548	525	786	627	576
Blmpf5	protein_coding	1811	1913	2279	913	578	924
Ece2	protein_coding	974	3244	1793	480	2022	887
Gm21083	protein_coding	766	735	703	835	695	842
Prelid2	protein_coding	1002	623	1578	1163	1795	920
Gm14056	pseudogene	1359	681	347	442	906	462
5730407I07Rik	protein_coding	888	583	894	1822	1092	759
LOC128925710	lncRNA	1060	636	827	451	532	581
Gm53991	protein_coding	1642	1505	3763	2131	4197	2301
LOC132445027	protein_coding	2349	2193	1419	1101	2443	4282
LOC131296842	protein_coding	999	383	1071	307	1745	2758
A130057D12Rik	protein_coding	2413	3583	2406	1999	1514	2271
LOC132412620	protein_coding	122	257	127	105	637	246
Or7g19	pseudogene	562	360	409	244	441	888
LOC131337252	protein_coding	500	382	324	395	383	320
Gm30842	pseudogene	259	1844	913	476	448	626
Gm6881	pseudogene	523	737	698	1158	994	1603
LOC131296428	protein_coding	60	121	283	19	295	445
Tpi-rs7	protein_coding	17	199	6	118	40	125
LOC131338269	protein_coding	425	144	107	267	138	346
LOC132442976	lncRNA	730	924	764	989	3761	1910
Vacq2	pseudogene	1355	904	1387	1468	1392	1099
Gm10750	protein_coding	2300	791	197	85	3132	2692
Gm7838	protein_coding	341	674	449	523	382	438
LOC131377234	protein_coding	2386	3436	1952	2182	3096	2342
Rpl31-ps14	protein_coding	1260	299	1427	465	925	387
Usp31	protein_coding	1158	362	1321	200	846	314
Gm14172	protein_coding	2659	1637	1743	2973	2718	3361
LOC131385165	protein_coding	1242	718	854	686	830	750
D5Mit255	pseudogene	186	539	202	972	302	842
Evi26	protein_coding	1263	1523	1561	216	463	226
LOC132410816	protein_coding	876	654	1164	1026	1036	943
Zfp469	protein_coding	843	2355	640	891	763	1847
Bmd1a	pseudogene	612	552	1298	1201	578	1113
Gm36533	protein_coding	1629	963	629	1262	641	1004
Gm46433	protein_coding	1821	755	1678	289	3346	272
LOC132409698	protein_coding	179	130	43	162	246	0
Gm17388	protein_coding	688	283	1600	807	1498	889
Zfp74	protein_coding	4949	2025	3369	3266	4718	2138
LOC132410084	protein_coding	1061	1180	589	634	3187	725
LOC131339057	protein_coding	269	932	1409	1985	1768	974
Gm19544	protein_coding	1898	3371	3532	1043	1710	1524
LOC128926089	lncRNA	2811	2829	1317	6776	3692	1476
Gm39262	lncRNA	2127	552	1282	1737	2277	471
Gm36393	protein_coding	521	488	614	451	703	482
Gm10486	protein_coding	748	1267	723	1472	946	1187
LOC131340268	protein_coding	1009	871	715	826	385	405
4930555G01Rik	pseudogene	5398	1122	6872	9384	3043	4
AW121686	protein_coding	1188	1504	1145	1280	1663	1287
Serp1	pseudogene	391	201	199	281	274	145
Gm44988	protein_coding	1104	966	1349	1262	772	1022
LOC131340682	lncRNA	1535	1295	1227	1174	855	3826
Gm24695	protein_coding	1942	2381	1183	2118	1518	1921
Eif2b3	protein_coding	407	548	341	120	253	219
Gm41654	pseudogene	456	431	560	267	476	961
Hnrnpab	protein_coding	950	276	734	1603	848	352
Gm27510	protein_coding	687	69	334	451	207	69
LOC131340157	protein_coding	914	599	1005	2434	1342	2575
LOC128926245	protein_coding	1338	1329	476	508	766	1544
Gm38770	pseudogene	1611	1255	1793	1232	3664	890
LOC131385005	protein_coding	111	1119	1258	1250	910	989
LOC131340198	protein_coding	1923	1125	1113	1082	4192	1225
LOC131390092	protein_coding	2340	3283	3210	1554	2945	4029
LOC131385793	protein_coding	379	412	985	808	236	278
LOC132442304	protein_coding	2392	493	749	855	875	1068
Lrrc73	protein_coding	48	959	428	478	1219	968
Gm40969	protein_coding	1391	168	1241	517	395	217
Gm36413	protein_coding	402	726	191	680	913	230
Gm32377	protein_coding	2321	2386	1711	2088	2524	2069
Spata17	protein_coding	1936	1675	1616	996	1598	1329
Gm2058	lncRNA	1066	476	563	622	664	321
Gm4651	protein_coding	1031	894	1591	4298	1509	9334
Gm22433	lncRNA	1228	531	2537	1515	1885	2122
Gm45985	protein_coding	1242	2655	1333	1420	793	1081
Pofut3	protein_coding	1377	722	2183	1208	3726	1636
Gm25452	lncRNA	346	238	675	499	309	469
Bpq7	protein_coding	2	2378	0	1385	1870	864
Ltnr6	protein_coding	67	70	301	30	5	86
E430016F16Rik	protein_coding	922	1465	1010	1415	1533	1274
LOC131389087	lncRNA	1075	219	545	389	508	500
Mospd4	lncRNA	36	722	652	1408	6390	763
LOC131390435	protein_coding	993	789	1385	474	781	763
LOC132410581	lncRNA	998	233	564	1554	154	1681
Vmn1r-ps111	protein_coding	1179	5166	2191	3530	2732	6936
LOC132445220	protein_coding	1156	29	808	720	597	160
Fti1	protein_coding	2480	3330	2802	989	1997	878
LOC131337616	protein_coding	193	264	265	243	435	296
Map4k2	protein_coding	693	131	137	1235	260	94
LOC131341365	protein_coding	1341	375	649	1083	844	1368
E230001N04Rik	protein_coding	597	743	1532	1458	795	1886
Gm46481	pseudogene	811	536	418	1033	1080	1565
C030045M22Rik	pseudogene	35	19	428	181	1178	141
Mical1	protein_coding	2334	1138	1650	1054	1020	1293
Gm57573	protein_coding	1718	1196	2242	1349	3738	2201
Gm57742	pseudogene	1268	1197	2803	1431	2571	2232
D4Mit42	protein_coding	590	276	776	391	270	754
LOC132443647	protein_coding	1527	1505	1242	837	1290	1543
Gm53785	protein_coding	127	164	366	911	382	416
LOC132445002	lncRNA	1491	1814	1513	487	1195	3760
Or6c200-ps1	protein_coding	2460	1904	224	1857	15	363
LOC131379092	lncRNA	759	1248	3195	448	1115	4525
Mir7094-1	lncRNA	271	353	239	240	401	411
LOC132441277	protein_coding	1043	2996	869	2269	1978	2790
Or8b43	protein_coding	753	1881	30	513	3454	705
LOC132408221	pseudogene	536	587	920	624	1126	1006
Gm54215	protein_coding	476	319	405	130	970	869
Gm41354	lncRNA	335	2807	1264	196	2396	271
LOC132412132	protein_coding	734	682	468	488	189	1287
A330023F24Rik	lncRNA	1439	3135	3267	1533	1542	59
LOC131376518	lncRNA	1041	207	466	1496	1466	3351
Irak3	protein_coding	200	233	942	117	156	307
LOC132408500	protein_coding	339	3456	906	3826	2044	456
LOC128925218	pseudogene	806	334	968	985	1179	547
Mir7234	lncRNA	291	381	298	259	47	126
Pomgnt2	protein_coding	2679	1770	649	96	1507	1033
LOC131338549	protein_coding	889	1096	886	435	644	546
D1Mit391	lncRNA	17	551	18	465	49	1705
Gm12715	protein_coding	103	1984	3418	785	2443	942
LOC132409707	protein_coding	466	138	91	437	245	160
D5Mit193	protein_coding	597	831	1413	1607	1269	1545
LOC131392504	lncRNA	613	985	483	775	1338	972
Gm10408	protein_coding	1299	1020	1686	1460	1806	1042
Aibl	protein_coding	665	474	415	64	154	928
Obox4-ps32	protein_coding	914	1521	982	1293	1362	856
Gm51586	protein_coding	254	481	304	278	418	580
Gm35232	lncRNA	714	1236	1396	665	1113	1910
LOC131336963	protein_coding	715	633	1269	838	1092	421
Gm52070	protein_coding	627	995	1153	852	1222	828
LOC132440633	protein_coding	726	721	507	384	364	291
A230045G11Rik	protein_coding	626	359	221	517	562	351
LOC131388990	protein_coding	400	195	342	418	179	264
LOC131341225	protein_coding	623	752	647	1039	1008	373
Gm16233	lncRNA	1333	970	708	1468	1058	1415
Krtap31-3	protein_coding	55	30	76	36	127	290
LOC128927016	protein_coding	50	719	4614	1592	132	25
Cripto	lncRNA	252	587	85	286	707	412
Sema3f	protein_coding	773	1623	455	1670	719	1034
LOC131387371	protein_coding	480	95	20	54	81	393
Clca4c-ps	protein_coding	2080	1179	2678	1408	2139	1101
LOC131385509	protein_coding	864	1775	1112	1086	526	1190
LOC132410230	lncRNA	995	1954	1426	3387	2350	1108
LOC131386983	protein_coding	633	525	708	555	873	693
Gm8080	lncRNA	1839	205	451	1859	199	1568
B230337E12Rik	protein_coding	1081	469	262	78	629	31
Rhoay-ps1	protein_coding	493	79	194	267	123	220
Gm40271	protein_coding	1427	823	667	620	312	1004
LOC131390037	protein_coding	1330	1500	2513	1663	150	1328
Gm32764	lncRNA	195	367	631	624	282	165
LOC131375431	protein_coding	3605	842	1721	5778	5275	2305
Gm35095	protein_coding	836	1652	1670	279	150	177
Gm33750	protein_coding	1539	1188	151	210	710	974
LOC128926892	pseudogene	1614	2110	2607	2051	1763	773
Gm53613	lncRNA	86	113	80	58	192	48
Gm10494	pseudogene	3981	1607	2132	1716	4143	2002
LOC128926513	protein_coding	552	545	275	186	935	168
LOC132412629	protein_coding	503	1157	677	386	415	462
LOC132442046	pseudogene	647	430	305	166	273	348
LOC131392098	protein_coding	1321	852	2436	862	2146	621
LOC132442837	protein_coding	1129	412	842	566	295	1142
Pcd4ts1	protein_coding	506	0	2925	352	38	68
Gm32801	pseudogene	255	758	454	693	95	241
9230114J08Rik	protein_coding	709	950	1547	1791	1171	731
Sat1	protein_coding	1	962	552	341	8	149
Manz12	lncRNA	706	1380	464	1187	771	788
Fbl	protein_coding	263	253	634	927	251	578
Psmd14	lncRNA	874	1931	2134	1989	2574	1148
LOC131389052	protein_coding	226	194	280	247	316	192
D1Mit24	pseudogene	54	181	164	142	614	294
Or4c29	pseudogene	1822	1714	2361	2817	1154	2949
D2Mit309	lncRNA	1095	1497	841	1252	1340	1440
LOC131375395	protein_coding	297	480	747	1162	1070	884
LOC131392737	lncRNA	65	54	530	219	103	76
Ces2b	pseudogene	33	111	99	24	41	96
D10Mit51	protein_coding	675	662	965	855	1035	4954
LOC110120365	protein_coding	1950	1001	109	1135	639	532
Gm53197	protein_coding	1669	541	1896	1675	489	591
Gm25834	lncRNA	111	28	18	525	3	756
LOC131337790	protein_coding	2500	1427	1353	2503	2270	1159
Gm34922	pseudogene	47	140	191	134	154	110
4930520P13Rik	protein_coding	279	349	511	371	749	361
Ghrhr	protein_coding	889	332	826	448	504	960
LOC131295530	pseudogene	1557	1059	666	1543	956	810
Mir770	protein_coding	510	661	1955	316	1955	209
Ifit3b	pseudogene	956	865	320	427	613	283
LOC131295442	protein_coding	962	587	100	891	787	249
LOC131341756	protein_coding	690	1344	967	848	1248	1386
LOC131392330	protein_coding	609	4762	175	1220	114	21
LOC131341659	protein_coding	2049	2182	476	2867	951	928
Serpinb1c	protein_coding	634	1598	1517	381	541	277
LOC132412322	pseudogene	163	130	233	159	281	207
Gm10838	protein_coding	1017	481	444	1405	155	776
DXMit132	protein_coding	835	707	1036	322	462	1191
AW742560	protein_coding	762	2071	1140	461	836	255
Prb1c	protein_coding	3731	2208	1595	2548	3411	2322
Kif13a	protein_coding	131	226	189	353	145	211
Fkbpl	protein_coding	581	1152	861	327	210	213
Them6	protein_coding	520	77	1857	673	3519	814
LOC128927567	pseudogene	80	1129	1705	2185	55	558
LOC131371968	protein_coding	32	86	100	284	6	241
Raml4	pseudogene	55	189	92	29	50	76
LOC131295211	protein_coding	263	156	1551	319	5860	1211
H3c8	protein_coding	299	847	1402	512	1889	515
Tmem17	protein_coding	2125	1691	717	1124	1435	3786
Mir6936	lncRNA	555	990	363	688	606	1086
LOC131391300	lncRNA	1058	589	703	572	737	862
Gm6847	protein_coding	1935	527	990	988	1114	139
Nenf	protein_coding	2435	745	42	53	0	22
Gm5586	protein_coding	22	159	65	154	111	370
LOC132411545	lncRNA	4472	3048	3226	2610	1919	3516
Gm31018	protein_coding	608	624	1079	691	403	278
LOC131372206	protein_coding	663	1530	1999	1903	1466	1431
LOC132408110	lncRNA	996	2500	1225	1465	1587	1687
LOC132412826	protein_coding	2096	4134	4890	2558	2006	2353
D1Mit67	protein_coding	287	178	312	279	247	102
Tnnt3	protein_coding	1517	632	258	572	912	633
Mir344f	lncRNA	1404	645	3615	657	1845	263
Gm30843	protein_coding	405	1113	54	260	314	64
Gm9377	protein_coding	1249	909	1174	951	1477	1350
Gm15984	protein_coding	217	343	107	472	132	607
LOC131391677	protein_coding	1254	2375	31	262	870	468
n-TScga3	protein_coding	3686	971	923	2781	492	1065
LOC131337266	lncRNA	684	1212	1001	2040	1118	1359
Rnmt	protein_coding	1900	1444	4327	926	524	113
DXMgc42	protein_coding	944	1431	1724	1439	945	2152
Sart3	protein_coding	586	630	859	286	216	211
Gm4856	pseudogene	20	19	21	15	25	18
LOC131371734	protein_coding	751	884	858	522	560	610
Gjb1	lncRNA	1651	679	1545	851	1265	344
LOC131387193	protein_coding	1359	1626	5434	1479	2932	2996
Adgrg5	lncRNA	227	327	262	220	308	285
LOC132440513	protein_coding	1282	252	484	773	819	592
Btn1a1	lncRNA	680	1235	1202	683	908	958
4930522H14Rik	protein_coding	98	212	130	42	289	214
Tcra-V11.8	protein_coding	640	1243	4177	2383	1400	1127
Mamld1	protein_coding	101	189	146	178	165	224
LOC131337855	protein_coding	196	168	659	796	240	378
LOC131340206	protein_coding	85	366	87	78	61	76
Alpq3	lncRNA	1734	1499	1096	1002	2177	2461
LOC114827904	protein_coding	224	196	523	206	168	399
Ociad2	lncRNA	6601	1816	2045	6184	1949	1440
LOC131392593	protein_coding	525	832	1207	1388	804	1401
Gm40981	protein_coding	1585	189	1904	747	2295	1256
LOC131372193	pseudogene	251	336	149	18	197	594
LOC132410940	protein_coding	358	205	136	172	30	134
LOC131384777	lncRNA	850	1061	572	600	1062	430
Gm11786	pseudogene	133	54	215	101	24	103
LOC131372518	protein_coding	669	338	142	346	208	436
LOC131340125	protein_coding	104	3091	3379	0	1	2
LOC132441211	protein_coding	3206	1879	3513	3410	3197	5232
LOC131384850	protein_coding	2521	3210	1794	2246	1877	587
Spata1	pseudogene	2251	2565	3217	4376	1529	2975
9330159M07Rik	pseudogene	1684	350	1097	769	846	291
Vmn1r243	protein_coding	1728	1561	1300	1460	1623	1489
P3h2	protein_coding	0	8	27	5378	0	0
LOC131338566	lncRNA	1268	1560	974	1688	2102	1676
D2Wsu34e	lncRNA	997	1924	1170	2901	661	902
LOC131385857	protein_coding	221	930	600	120	212	439
LOC131380019	protein_coding	88	348	3469	912	2246	3395
Gm23722	lncRNA	1137	1185	542	2865	1061	2710
LOC132411407	protein_coding	12	194	588	80	236	91
Gm7408	protein_coding	3575	1220	580	1446	938	899
LOC131390675	protein_coding	1236	429	252	225	422	274
Gm31717	protein_coding	1874	460	132	1490	1215	1498
LOC131372693	protein_coding	1755	857	1464	922	498	1598
LOC131388767	protein_coding	549	386	591	306	1490	607
Gm21849	protein_coding	662	766	608	380	930	747
Cltd-rs	lncRNA	2332	1177	2280	810	387	630
LOC131389321	protein_coding	545	718	402	453	1289	336
LOC131386192	protein_coding	408	289	405	363	204	241
Gm14208	lncRNA	1032	708	632	1059	1047	595
LOC131392345	pseudogene	2002	525	622	933	1830	3314
Kyat1	protein_coding	258	202	763	1660	1821	736
Dynlt2b	protein_coding	574	662	864	621	43	17
Zfp324	protein_coding	1992	606	713	1000	552	420
Onecut1	protein_coding	731	75	151	428	266	444
Gm7287	lncRNA	705	4466	337	2677	1245	365
LOC128924637	protein_coding	1454	2472	670	1621	1759	1508
LOC132440480	protein_coding	630	978	827	779	463	1246
LOC132409539	protein_coding	373	2079	662	2	774	514
LOC128925038	protein_coding	212	303	435	723	86	745
Gm46836	lncRNA	532	1075	801	529	369	961
LOC131379830	protein_coding	357	1903	41	75	166	25
Zfp24	protein_coding	956	792	1583	1878	1793	763
Prrt2	protein_coding	1427	1955	665	871	2177	1208
Gm15523	protein_coding	4378	3644	2288	7634	3012	6704
LOC131390651	protein_coding	31	297	314	181	367	81
Gm25065	protein_coding	387	324	426	111	119	108
LOC131386339	protein_coding	292	273	535	276	117	345
Olfr442-ps1	protein_coding	1394	604	1082	970	722	734
D4Mit100	protein_coding	924	869	936	566	793	1052
LOC132441394	protein_coding	290	632	44	338	1328	78
4731419I09Rik	pseudogene	2295	1540	1357	4066	4653	1866
D9Mit282	protein_coding	1306	1290	739	1882	1110	973
LOC131388587	protein_coding	1659	338	2436	1123	978	1608
LOC132444188	lncRNA	763	3966	573	653	81	109
LOC128926427	pseudogene	101	675	369	268	516	175
LOC132444587	lncRNA	1170	1077	1589	2569	1588	686
Or4d10	pseudogene	600	858	519	480	930	770
LOC131337613	protein_coding	916	1130	794	642	827	660
LOC131373624	protein_coding	469	2317	14	78	1	76
Gm22890	protein_coding	236	370	215	539	928	364
Gpbp1l1	protein_coding	933	711	261	1080	947	3551
Gm33371	protein_coding	697	2223	757	1646	2860	1454
Gm46261	protein_coding	958	2483	2278	1041	1287	1995
D11Ertd142e	lncRNA	223	135	94	290	203	9
H2-T21	lncRNA	263	173	24	291	618	467
LOC132410311	protein_coding	981	1768	1947	2055	1744	1574
Kntc1	protein_coding	96	566	413	209	241	585
Gm39462	protein_coding	882	995	296	900	483	572
Gm13260	protein_coding	281	255	324	101	338	303
Alcp4	protein_coding	785	665	514	889	706	888
Ethm1	protein_coding	618	394	486	1555	803	1612
Mrpl47	protein_coding	33	6677	1343	2645	3	21
D030036P13Rik	protein_coding	855	1265	668	3380	442	1422
LOC131388928	protein_coding	1021	2929	1613	1374	254	1441
Kl	protein_coding	728	643	197	71	203	809
LOC131388445	lncRNA	7043	1130	0	0	5	1701
LOC131387734	protein_coding	383	717	414	745	650	824
Gm10642	protein_coding	570	298	216	268	263	236
LOC131378138	protein_coding	864	1049	1477	742	952	2037
Cend1	lncRNA	1009	1105	787	736	434	598
Ppp4r3c-ps	protein_coding	488	538	731	738	570	530
LOC131296666	protein_coding	1193	639	1266	1095	747	1226
LOC132444708	pseudogene	1035	47	814	201	195	359
Gm13408	protein_coding	234	243	205	206	256	166
Abhd2	protein_coding	1320	211	610	29	1497	760
Ndufs6	protein_coding	164	354	99	159	165	70
LOC132410439	protein_coding	1262	820	708	526	747	827
LOC131390857	pseudogene	504	455	714	895	859	1175
Gm11917	protein_coding	310	174	166	74	216	127
Gm35317	protein_coding	993	271	1059	395	1085	183
Zfp719	protein_coding	937	916	1442	625	276	2140
Mobq3	protein_coding	530	287	599	298	802	352
Gm9028	protein_coding	1531	2359	1207	2582	1348	2135
Gm6261	protein_coding	285	237	782	0	1	63
Pemt	protein_coding	52	130	23	511	153	31
9430014N10Rik	protein_coding	202	328	429	69	282	65
Zmat4	protein_coding	604	473	516	870	588	295
LOC128924341	protein_coding	143	1035	160	210	99	131
Gm36402	protein_coding	1016	387	413	1115	582	1170
LOC132441085	protein_coding	211	156	181	106	247	110
Krt1-ps	protein_coding	290	1118	763	771	1052	1106
D10Nds3	protein_coding	2655	2025	2838	2366	1777	375
Ugt1a1	protein_coding	740	468	510	666	943	1364
Gm29503	protein_coding	577	31	38	406	824	266
Yod1	protein_coding	380	151	327	388	293	210
Gm46408	lncRNA	4231	3069	1297	2393	2733	3728
D5H4S76	protein_coding	670	974	397	1028	391	499
Gm19142	protein_coding	417	918	612	143	471	541
Del(X)1Brd	protein_coding	1569	842	385	942	531	430
Add2	protein_coding	468	626	11	1085	1862	782
Scgb2b11	protein_coding	665	850	745	489	514	1032
LOC132441233	protein_coding	237	292	171	199	237	139
LOC131297433	protein_coding	299	41	250	551	125	200
Gm52812	protein_coding	263	111	309	113	164	299
Gm46839	protein_coding	1338	699	323	374	746	552
Serpinb9h	protein_coding	1689	1550	2395	2305	1034	3497
LOC131297194	protein_coding	2322	1551	829	1162	2624	2198
Gm46483	lncRNA	1143	1028	548	986	1159	441
Gm34445	protein_coding	184	85	109	76	107	198
LOC131389290	protein_coding	433	466	187	278	349	501
Nktcn2	protein_coding	1488	890	861	1188	1150	767
Synpo	pseudogene	708	1586	2403	931	942	682
Npm3-ps1	protein_coding	2840	456	935	676	1107	157
Cep76	pseudogene	115	1426	13	16	500	69
LOC131295393	pseudogene	75	97	225	310	215	230
Cadm4	lncRNA	1376	1589	3268	2331	2397	864
Gm46727	protein_coding	455	179	582	101	179	202
Mapt	protein_coding	232	315	752	177	315	153
LOC132408370	pseudogene	2231	2652	2743	2827	2382	2886
LOC131297160	protein_coding	278	513	351	302	105	172
Gm46681	protein_coding	822	977	1257	3194	1700	3009
Gm45173	protein_coding	1551	1149	1445	1665	1325	2293
D7Mit62	protein_coding	744	538	845	695	1086	1629
Gm23688	pseudogene	75	289	2	66	407	608
Gm57502	protein_coding	977	873	1323	2052	734	1189
Ms4a20	pseudogene	782	1459	2455	4403	7242	4356
Gm26130	protein_coding	1589	3070	965	1977	1938	1143
D5Mit171	protein_coding	13	55	68	23	85	79
Bbaa2	protein_coding	567	971	771	1185	944	412
Hspd1	protein_coding	793	884	1240	446	1009	802
H2-T23l	protein_coding	698	64	660	3512	603	1690
LOC131341039	protein_coding	191	314	179	218	457	483
LOC131373634	protein_coding	327	54	571	209	261	616
Mir6968	lncRNA	47	463	260	478	776	238
Tmem267	protein_coding	430	413	523	794	495	732
Tsen54	protein_coding	928	717	616	1113	867	286
Gm30293	protein_coding	627	228	16	180	961	161
LOC131336820	lncRNA	178	198	51	167	146	258
LOC132410141	protein_coding	1072	2290	1539	543	77	1353
LOC131296353	protein_coding	1303	345	572	1300	162	587
Vbp1-ps1	pseudogene	1001	1261	574	596	468	1996
LOC128924735	protein_coding	178	736	235	268	782	264
LOC131374346	protein_coding	262	5539	43	215	1698	1845
Gm52800	protein_coding	298	183	298	245	487	820
Krt85	protein_coding	87	882	148	146	57	25
Ndel1	lncRNA	2061	2804	2341	1732	2371	1996
2810402E24Rik	protein_coding	426	1181	535	800	157	448
Or1af1	pseudogene	637	755	1196	1328	1399	1730
LOC132442341	protein_coding	1507	1298	1549	1130	3138	846
Zdhhc21	protein_coding	203	1133	138	513	484	732
Gm51540	lncRNA	2185	1767	1197	827	1949	733
Mir330	protein_coding	389	237	149	247	220	21
Tcra-V	protein_coding	232	272	309	293	215	188
Gm28597	protein_coding	57	418	1003	795	691	1482
LOC131379396	protein_coding	1628	704	611	863	1524	1201
Zfp640	protein_coding	2920	3748	1273	38	3566	17
Zdhhc16	protein_coding	1657	1070	416	425	1002	4565
Bomd1	protein_coding	153	111	198	175	128	300
LOC131340601	protein_coding	731	158	62	795	165	235
Gm12382	pseudogene	992	1075	1042	433	1082	1674
Gm18439	protein_coding	6566	2837	5350	3489	3332	2720
Tbr1	pseudogene	85	69	38	106	93	118
4930535F04Rik	protein_coding	1543	1959	1245	4250	5959	4477
Mltr5	lncRNA	450	481	294	380	283	753
Gm17846	protein_coding	140	191	235	333	254	584
LOC131340466	protein_coding	277	181	199	1561	559	300
Or5al6	protein_coding	712	341	469	383	593	429
Gm12582	protein_coding	1141	942	707	1276	330	359
Elovl7	protein_coding	1473	770	1396	1193	745	1541
LOC132412092	protein_coding	0	849	48	341	22	309
Gm39151	protein_coding	110	1794	938	244	400	651
LOC131371394	protein_coding	865	682	555	2607	853	1293
Gm28089	protein_coding	1015	1880	2732	3179	1332	4552
Uts2r	protein_coding	2856	1667	1226	1216	2149	135
Gm36721	protein_coding	628	227	742	206	71	286
LOC131379676	protein_coding	2573	2332	1463	844	2281	169
LOC131372918	protein_coding	1772	4862	1179	1337	1719	1145
LOC131378039	protein_coding	455	137	286	373	496	191
Arvm1	lncRNA	449	1095	2192	1252	1810	408
Psl1	protein_coding	310	333	336	590	304	307
Mfsd4b4	protein_coding	354	165	195	518	628	538
Gm35920	lncRNA	1747	152	1706	1843	776	1626
LOC132408571	protein_coding	440	785	520	959	620	714
D5Mit331	lncRNA	1454	1553	1436	1189	2368	3982
LOC131388967	protein_coding	1154	2843	632	454	4022	381
LOC132443829	lncRNA	603	196	220	543	518	623
LOC131377381	protein_coding	470	216	50	470	448	227
LOC132441403	protein_coding	132	332	237	472	214	328
Prdt3	protein_coding	9675	298	1147	1520	508	1653
Gm36661	lncRNA	563	15	1285	3301	582	2316
Gm29729	protein_coding	1921	915	1160	1037	1066	566
Mup-ps28	protein_coding	1095	412	229	330	909	514
LOC131337749	lncRNA	583	380	598	607	35	468
Tapt1	pseudogene	238	129	4	472	3260	444
LOC131339272	protein_coding	976	158	1437	1795	297	896
Otop2	protein_coding	3660	1923	970	1322	2352	6256
Cav2	protein_coding	674	209	453	496	154	263
LOC128924534	protein_coding	639	1192	1646	844	932	80
Gm39322	pseudogene	24	54	528	458	516	16
LOC131295873	protein_coding	484	723	353	308	679	784
Gm53532	protein_coding	1297	1054	1665	989	1575	147
LOC131385791	protein_coding	718	697	959	1058	675	599
LOC131388234	protein_coding	2439	299	306	1721	201	1138
Pcdhgb5	protein_coding	92	7	101	8	1333	2226
Lrrc8e	protein_coding	34	2565	61	34	269	145
Gm38557	protein_coding	1097	631	1117	1198	2224	338
LOC131339755	protein_coding	1932	1877	1079	753	1031	1228
Gm54242	protein_coding	305	439	476	124	92	52
LOC131337141	protein_coding	341	478	974	618	463	503
Gm34037	protein_coding	2556	1482	781	730	99	895
Gm51458	protein_coding	2155	1025	2761	1612	944	1061
LOC131390642	protein_coding	863	400	1273	2050	517	775
Fcgbp	protein_coding	853	123	974	369	373	680
H60a	protein_coding	1295	915	558	4253	2823	456
LOC131385563	protein_coding	271	306	249	195	284	524
LOC131374647	protein_coding	336	656	293	833	403	436
D9Mit215	lncRNA	574	339	247	560	187	302
Faq9	protein_coding	2361	1561	4334	2311	4323	2361
Serpinb2	lncRNA	579	1991	1	1695	135	245
Dhrs7c	protein_coding	299	983	852	393	510	1073
Zfp781b	protein_coding	1027	705	441	1479	287	831
Gm8295	protein_coding	824	1673	3937	504	1330	10
Gm52791	lncRNA	1364	1319	484	716	781	794
Gm40575	protein_coding	424	855	710	384	902	841
LOC131386465	protein_coding	625	785	318	1249	320	608
Gm43383	protein_coding	244	185	316	63	99	53
Gm53802	lncRNA	692	993	3245	2865	1354	3496
Gm41492	protein_coding	127	401	225	246	10	166
Pcnx4	protein_coding	1536	1843	488	442	793	1717
LOC131392213	protein_coding	451	357	1223	615	718	972
LOC131376379	protein_coding	1349	2218	2101	2683	4829	2795
Frp2	lncRNA	213	1700	828	586	600	1044
LOC128925776	lncRNA	1049	833	1423	2095	1535	113
LOC131388644	protein_coding	464	788	939	166	567	455
Gm41698	protein_coding	648	707	445	878	976	372
Gm42311	pseudogene	932	1334	796	1286	852	1047
D5Mit195	protein_coding	87	145	3	418	316	261
Gm18289	protein_coding	312	209	196	284	233	298
LOC131295239	pseudogene	308	695	641	162	576	208
Mir7026	pseudogene	201	187	2248	774	2289	385
2810416A17Rik	protein_coding	168	299	340	178	252	239
Gm11468	protein_coding	441	784	644	486	1153	599
Gm33868	pseudogene	111	94	132	134	141	131
Ms13-22	protein_coding	5279	1720	5213	2327	2596	889
LOC131340768	pseudogene	744	1210	1892	755	562	566
LOC128926012	protein_coding	2612	2104	1536	2115	3841	2822
LOC132410630	protein_coding	2618	3141	1279	4318	2815	3089
Gm38568	protein_coding	4741	4593	1343	1190	2062	1241
Xmv20	protein_coding	284	504	493	906	326	907
Gm40423	protein_coding	385	1533	532	445	795	400
Bwfq1	protein_coding	201	934	704	383	200	304
Gm14634	protein_coding	246	149	116	144	169	227
Hmgn1-rs13	protein_coding	48	151	123	25	159	293
Snora36b	lncRNA	715	849	1255	2755	2596	1836
Gm18750	protein_coding	711	597	350	515	1146	444
LOC131391120	protein_coding	897	342	235	430	427	274
LOC132444116	protein_coding	1621	10	0	180	12	84
Gm36705	protein_coding	227	205	271	245	258	277
LOC131295019	protein_coding	2266	1804	1818	493	540	1257
LOC132408987	protein_coding	828	811	717	1459	1725	1123
Il2	protein_coding	325	497	455	165	103	136
Gm30137	pseudogene	238	365	899	932	427	501
LOC131339793	protein_coding	3298	2332	2501	454	1374	3995
LOC132408025	protein_coding	317	672	343	800	318	483
Gm35228	protein_coding	2273	1457	1186	2065	2123	1004
LOC131376363	protein_coding	86	397	325	627	34	266
Gm13223	pseudogene	717	660	630	555	634	570
Gm53941	protein_coding	1221	1070	965	3605	2269	1375
Gm57571	protein_coding	219	507	161	201	303	244
B230217J21Rik	lncRNA	1113	1385	1252	709	961	733
LOC131340893	protein_coding	3243	3305	2673	2121	786	2238
Gm3702	protein_coding	403	45	1026	1157	556	126
D19Wsu44e	lncRNA	1647	1258	1050	1482	1240	1175
Lcn15	protein_coding	514	924	208	1104	96	1051
Gm43978	protein_coding	3	642	690	0	71	14
LOC131375664	protein_coding	433	196	190	132	297	68
Amd-ps1	protein_coding	546	297	485	411	1641	1038
LOC131339685	protein_coding	700	585	407	668	670	578
F830047L01Rik	protein_coding	441	585	464	579	438	587
Gm53410	lncRNA	142	185	328	368	372	157
H2-Ke5	protein_coding	506	618	355	1053	1024	600
Gm28687	protein_coding	333	267	131	224	111	428
2900060B14Rik	lncRNA	590	383	587	321	438	395
LOC131391064	protein_coding	733	532	539	496	1009	376
Celsr1	protein_coding	162	97	83	48	30	169
Iap3rb19	pseudogene	1748	1220	1119	1272	1018	1134
LOC131390015	lncRNA	1291	1219	2029	330	359	436
Gm42177	pseudogene	132	58	114	75	277	393
Gm18186	protein_coding	1513	624	1004	610	2456	261
Zfp697	protein_coding	0	6	264	25350	33644	16503
Gm13310	protein_coding	908	1098	1629	1818	2686	2744
Popdc3	protein_coding	20	2	36	157	207	158
Gm19027	protein_coding	146	115	145	314	126	150
Gm12650	protein_coding	85	405	1166	590	226	922
LOC131386250	protein_coding	1832	4872	4636	2455	1332	1987
D5Ertd700e	lncRNA	235	866	356	926	349	570
Zbp1	pseudogene	616	721	428	187	1428	263
Bsdc1	protein_coding	64	98	74	53	64	72
Uchl4	protein_coding	2926	247	633	250	42	1439
Gm35310	protein_coding	659	1507	909	1448	369	1944
B930086H10Rik	protein_coding	107	24	84	67	56	27
Hspb2	lncRNA	210	569	162	151	102	148
LOC131297645	lncRNA	1341	1022	3081	3807	714	2440
Olfr511-ps1	protein_coding	1198	1353	774	2326	558	602
Gm44507	protein_coding	2269	5457	2961	1140	2485	723
LOC131379978	protein_coding	1095	1414	1189	245	970	572
AU022848	protein_coding	632	715	705	528	553	203
D15Mit143	pseudogene	11	716	3705	66	1135	808
Gm22936	pseudogene	273	1397	4328	1095	1269	2720
LOC132411595	pseudogene	959	812	883	1051	688	906
Gm51948	protein_coding	488	242	335	773	606	556
Gm40376	pseudogene	817	715	464	600	1067	775
Pla2g4c	pseudogene	469	447	375	1025	1169	1087
Gm5387	pseudogene	2542	822	360	422	711	1569
LOC131387721	protein_coding	841	156	215	568	1994	131
Hbtq	protein_coding	2120	1367	231	518	438	1065
LOC131385464	protein_coding	66	177	603	215	330	3
Gm29293	protein_coding	793	582	200	296	610	493
LOC132408341	protein_coding	587	288	269	68	341	188
LOC128926620	pseudogene	763	814	1299	882	348	247
LOC131375563	protein_coding	434	326	626	220	544	390
LOC132410400	lncRNA	1333	3154	1114	2144	1475	2167
Sprr2g	protein_coding	422	47	215	447	170	21
Gm13391	lncRNA	255	188	275	156	214	119
Gzme	protein_coding	456	373	373	326	617	320
Gm21317	lncRNA	3551	3339	452	206	9243	4700
LOC131386396	pseudogene	727	697	930	1181	1064	811
Mir337	lncRNA	1105	3896	341	496	167	682
LOC131297590	protein_coding	354	198	748	200	128	70
LOC132442386	pseudogene	971	302	2920	1112	2386	635
Gm28321	protein_coding	1262	39	312	633	212	312
LOC131375238	protein_coding	816	1480	1614	1190	1155	948
LOC131373025	protein_coding	316	148	185	344	274	376
B230340J04Rik	protein_coding	716	904	2196	561	623	1334
LOC131339835	protein_coding	200	665	793	588	166	65
LOC131373183	protein_coding	108	91	261	267	264	268
Gm29487	protein_coding	459	12	915	115	273	213
Scfr1	protein_coding	709	208	288	780	381	664
Gm54282	lncRNA	5538	3094	3544	1419	1818	2704
Gm25922	protein_coding	864	834	971	2024	890	1254
LOC131339406	protein_coding	21	68	347	198	236	204
Zcchc12	pseudogene	325	166	289	711	1192	411
LOC131375113	protein_coding	586	2056	359	403	480	383
LOC128925193	protein_coding	4744	1832	2766	3753	3026	2395
Gm28934	protein_coding	598	445	572	730	884	598
Mn1	protein_coding	34	116	2417	2	0	51
Gm6913	protein_coding	928	829	1247	614	722	1672
LOC131392710	pseudogene	1007	677	967	2873	5088	7664
LOC132441644	protein_coding	119	168	351	70	51	477
Gm52785	protein_coding	66	3	157	25	229	11
LOC131380128	protein_coding	2331	3074	401	2903	1774	604
Pou4f2	lncRNA	762	422	625	964	1134	330
Gm34014	protein_coding	497	583	258	345	813	136
LOC131389406	protein_coding	1401	1575	373	586	161	657
Gm24278	pseudogene	1163	4525	1268	392	2830	3451
Cfid	pseudogene	243	633	141	223	1144	956
Gm14730	protein_coding	118	241	508	14	29	170
LOC132411997	lncRNA	522	3907	2304	3321	1493	913
LOC131384972	pseudogene	670	64	2026	1361	991	295
LOC131374876	protein_coding	4675	1654	1065	546	2271	957
Krtap6-6	protein_coding	814	1466	1097	3023	5235	4774
LOC131296850	protein_coding	2648	646	794	473	1285	846
Pls1	protein_coding	418	242	591	529	590	437
LOC132409653	protein_coding	1253	2262	885	1926	872	1144
LOC132409503	protein_coding	183	181	189	185	197	165
Gm7166	protein_coding	32	682	566	93	70	335
Ir3	protein_coding	155	61	124	108	142	101
Ubiad1	protein_coding	766	647	1080	1300	796	1658
LOC131385067	protein_coding	3331	862	367	502	674	97
LOC131376115	lncRNA	478	374	430	162	130	570
LOC132411540	protein_coding	2430	2032	917	423	919	1554
D830013O20Rik	protein_coding	1218	2148	1231	722	429	613
Gm16867	protein_coding	688	620	1043	1475	997	847
LOC131341742	protein_coding	212	123	249	257	267	201
LOC131379068	protein_coding	3641	635	2575	1460	1551	2104
Potefam3c	protein_coding	919	469	635	436	1109	746
LOC128925067	protein_coding	1598	2840	1848	3747	1460	2612
Gm20736	protein_coding	383	665	1231	1220	579	2584
Irf7	protein_coding	500	9	300	2027	5	811
D1Mit541	protein_coding	1438	123	266	5	1946	19
LOC132410130	protein_coding	2840	1554	1736	1679	1126	574
LOC132412976	lncRNA	540	276	382	348	388	368
LOC131387445	lncRNA	214	6	151	72	27	44
LOC131387869	lncRNA	4477	4019	2873	2754	4183	5037
Hspa-ps	lncRNA	795	1300	867	1302	652	946
Gm31477	pseudogene	1030	2395	657	1240	2457	1668
Iap8-1	lncRNA	1982	1237	3487	911	1450	4876
Tlm	protein_coding	113	1197	1024	895	868	767
Ighv6-2	protein_coding	424	112	582	863	253	554
D5Mit73	lncRNA	794	448	1068	518	805	536
LOC128925482	pseudogene	359	65	62	1007	209	328
LOC132410519	protein_coding	2460	2144	1743	1451	1322	932
LOC131387541	protein_coding	1817	912	1322	1220	890	1711
Cdcs10	lncRNA	592	2187	3490	1770	1706	1330
LOC131297550	protein_coding	904	627	1009	1289	1249	641
LOC131297823	protein_coding	2087	1025	483	1146	1494	770
LOC131392174	protein_coding	567	735	5	121	473	420
Alg6	lncRNA	2397	1614	1585	874	2062	1003
Sials	protein_coding	434	683	389	1479	1619	1744
Gatm	lncRNA	1708	1248	1594	1188	1748	1017
Gm8354	protein_coding	1751	1481	1115	287	253	105
Lonrf2	protein_coding	348	818	871	280	1658	977
DXMit78	protein_coding	294	260	139	233	302	415
LOC132444444	protein_coding	43	25	58	73	42	76
D18Mit94	protein_coding	771	505	433	423	340	663
Cyp4a31	pseudogene	500	331	82	1055	1422	257
Nelfb	protein_coding	668	214	590	458	590	1508
Gm32143	protein_coding	458	2012	1031	276	213	533
Rps23-ps1	lncRNA	409	1448	639	282	205	346
LOC131377305	lncRNA	21	97	96	148	90	93
LOC131385781	lncRNA	1510	879	1403	121	2298	1154
Gm16477	protein_coding	1039	1538	1714	1846	802	1553
LOC131374641	protein_coding	3138	1475	4749	1480	505	1953
LOC131340567	protein_coding	283	463	354	126	492	331
D13Mit265	pseudogene	91	83	46	28	10	17
LOC132412474	lncRNA	95	304	250	141	221	594
LOC110120388	protein_coding	558	1415	1200	1048	3310	471
Gm36491	lncRNA	394	1247	810	511	732	236
Gm30296	protein_coding	336	458	366	150	186	822
LOC131373136	protein_coding	1184	1239	671	1056	1659	1073
Cercam	protein_coding	321	366	556	529	691	425
LOC132407831	protein_coding	337	490	296	437	274	524
Gm14362	lncRNA	790	1847	1085	2456	2593	2733
Gm32187	lncRNA	786	939	654	1418	1784	699
LOC131338343	protein_coding	506	1884	992	2324	1633	641
LOC131341803	protein_coding	461	1079	331	1209	2839	2183
6030458A19Rik	lncRNA	748	123	43	665	575	435
Mir875	pseudogene	2174	1008	1072	2592	2744	3947
Gm46628	protein_coding	791	260	339	1694	1057	1396
LOC131385971	protein_coding	1170	1359	1791	461	1047	1251
Gm9984	protein_coding	212	215	235	115	48	224
Gm7695	pseudogene	4599	1971	317	643	1521	3780
n-TItat14	pseudogene	479	303	566	711	566	575
Gm22847	protein_coding	955	991	1397	847	1390	824
LOC131375504	protein_coding	1619	1123	3910	1839	2718	1803
Gm19010	protein_coding	531	810	658	1146	683	538
LOC131296493	protein_coding	1199	292	592	1637	609	1623
D10Mit109	pseudogene	1385	631	1270	654	959	859
LOC109279883	protein_coding	1116	1613	3460	2197	3577	3494
Speer1h	protein_coding	1084	2732	1186	958	1436	1228
LOC131297311	protein_coding	1200	823	491	776	979	671
LOC132441969	pseudogene	81	108	107	178	182	171
LOC131373145	protein_coding	1494	1006	1213	456	449	1143
Yme1l1	protein_coding	440	308	646	674	595	399
Gm42107	protein_coding	685	756	540	653	398	685
LOC128926536	protein_coding	601	4592	2533	728	6372	682
Gm23965	lncRNA	2287	36	918	850	0	914
D7Mit79	protein_coding	396	228	359	114	189	471
D1Mit430	protein_coding	406	695	461	838	364	488
D4Ertd78e	protein_coding	1066	1608	2361	1707	1199	1308
LOC132411769	protein_coding	916	1302	1198	1344	619	2009
Gm10158	protein_coding	1638	1135	1235	540	1069	312
LOC132410121	protein_coding	1276	1514	1678	1467	766	2305
Drb4	protein_coding	535	312	578	267	986	703
LOC131379230	protein_coding	152	13012	2576	993	1609	2621
Gm7255	protein_coding	734	1624	537	361	1132	957
LOC132440462	protein_coding	781	1206	1098	1387	690	2164
Prok2	protein_coding	497	132	868	148	155	586
Gm40670	protein_coding	637	1303	922	2544	1681	1094
Sod1	protein_coding	1414	2888	1728	775	3405	2450
Gm54082	protein_coding	220	508	582	171	174	611
Sox9	protein_coding	503	1021	564	1095	231	1004
Gm35141	protein_coding	285	361	341	432	278	333
Gm14305	protein_coding	128	0	525	1	1	221
LOC131389007	protein_coding	151	421	313	1335	297	1047
Pih1d1	protein_coding	646	1280	896	1470	901	3233
LOC131388858	pseudogene	607	693	667	486	1331	439
LOC131373692	protein_coding	1977	2812	2138	565	1032	3082
Gm41238	protein_coding	1305	922	1058	1040	535	1783
Gm10785	lncRNA	794	1784	1615	2176	263	1294
Ppard	pseudogene	26	369	30	0	3	0
Psg16	lncRNA	244	95	337	253	233	168
LOC128927997	protein_coding	1108	229	307	100	570	38
LOC132409107	lncRNA	615	803	670	319	406	499
LOC131371396	protein_coding	793	431	607	389	400	702
Map6d1	protein_coding	575	1337	1000	899	2120	973
Tmevd7	protein_coding	999	303	1494	832	948	470
Mannr	protein_coding	620	508	159	108	172	491
LOC131391016	protein_coding	641	123	70	141	83	87
Adam20	lncRNA	744	1084	939	1550	780	795
Gm29889	lncRNA	458	938	1096	796	953	600
LOC131391837	lncRNA	5071	2534	1675	733	4658	1396
Pdp2	protein_coding	2401	2218	2430	3636	1559	1747
Gm5034	protein_coding	400	363	259	343	304	248
LOC131377205	protein_coding	2756	341	3152	2731	643	1793
Fendrr	protein_coding	613	29	287	549	11	225
3110037L02Rik	protein_coding	1990	435	161	1493	949	1386
Efna4	protein_coding	266	375	259	501	269	589
Stra6	protein_coding	114	71	77	93	41	104
2900042A17Rik	protein_coding	547	648	1131	730	193	226
LOC131377731	lncRNA	1143	1903	1897	1555	1857	1029
LOC131386558	protein_coding	3138	3834	395	890	1874	682
Gpt2	lncRNA	470	588	227	220	1726	285
Mtpap	pseudogene	1411	1195	2227	998	919	3018
LOC131386025	pseudogene	1516	310	527	139	662	827
Mrgpra4	protein_coding	462	406	459	576	205	463
LOC132410761	protein_coding	1582	477	2268	3531	4292	2251
5830433D23Rik	protein_coding	184	96	107	203	146	202
Psmb5	protein_coding	0	15	1902	1919	114	590
Gm53690	lncRNA	929	1007	1020	958	1301	1006
Ndufa5	protein_coding	568	279	630	1145	1673	537
Peli3	pseudogene	442	464	403	1140	486	777
Gm16231	protein_coding	51	840	3303	232	3558	3656
Serpinb9g	protein_coding	691	874	480	949	313	786
Gm11645	pseudogene	625	554	556	504	406	1083
LOC131379856	protein_coding	2017	3118	2751	2883	1737	4055
Gm12251	protein_coding	177	93	109	749	188	85
Edc3	protein_coding	362	144	150	93	338	271
Klra5	protein_coding	0	507	1035	98	1328	10073
LOC131372933	lncRNA	398	697	612	246	714	222
LOC131377300	protein_coding	1768	1528	210	1452	663	892
LOC131295281	lncRNA	546	64	8317	2114	998	968
Igh-Ns2	lncRNA	1366	5519	1867	1059	1892	551
Gm41241	protein_coding	3420	3150	4001	1653	214	5347
LOC131372295	protein_coding	113	905	99	188	120	86
LOC132409804	protein_coding	495	501	403	185	632	390
Gm42196	protein_coding	655	265	3592	584	2845	3452
Mir497	protein_coding	796	231	120	32	1958	174
LOC132408154	protein_coding	135	223	228	835	819	1115
Fzd2	protein_coding	1000	905	1583	689	945	836
Btbd35f15	pseudogene	4302	138	2030	5618	3845	644
Gm36431	protein_coding	222	601	428	124	630	214
Gm6004	protein_coding	184	597	528	792	895	449
LOC131379183	protein_coding	575	1019	709	559	768	520
LOC131339827	pseudogene	1666	1392	1450	1337	902	1631
Rd3l	protein_coding	1156	766	416	385	591	977
Gm33721	protein_coding	2877	378	3154	5330	1201	2886
LOC132407846	protein_coding	394	412	272	1082	657	292
Gm31761	protein_coding	536	845	385	932	275	410
Exa	protein_coding	3844	918	810	3667	2415	2614
4930432L08Rik	protein_coding	153	324	208	224	630	115
LOC132411019	protein_coding	2448	2783	2360	2302	3541	2937
LOC132442796	protein_coding	238	857	294	837	413	317
EC192RR	protein_coding	1392	1280	1769	1799	2549	1266
Dhrs7	protein_coding	280	488	680	953	699	1362
Ccdc33	protein_coding	389	782	328	919	1742	781
Fgr	protein_coding	112	202	167	145	349	599
LOC131378081	pseudogene	530	1581	275	73	269	370
Prox2os	lncRNA	1225	907	304	830	324	2069
D14Mit239a	protein_coding	308	171	307	445	948	737
C030038I04Rik	protein_coding	651	1047	1545	1193	1584	514
Gm36859	protein_coding	2735	2293	2224	933	747	5713
LOC131374470	protein_coding	2773	1021	2174	1344	2391	1752
LOC131338204	protein_coding	691	260	395	407	237	224
LOC128924269	protein_coding	1837	48	810	81	280	1428
LOC131376011	protein_coding	615	2698	1864	428	1707	445
Gm8515	protein_coding	1477	1238	1383	1802	1104	414
Bcr	pseudogene	2012	4465	4990	2336	2838	2550
LOC132445305	protein_coding	767	1002	3421	3507	4992	6730
Vmn2r-ps15	lncRNA	989	780	539	1657	864	599
Cars1	protein_coding	2644	3216	4107	1935	4205	1850
Gm52637	protein_coding	413	200	469	585	428	311
LOC131374233	protein_coding	21	234	486	433	2339	22
LOC131339262	protein_coding	198	164	132	214	390	307
Mark1-ps2	pseudogene	151	230	228	258	247	206
Ssc5d	protein_coding	563	176	155	150	420	739
Fam89b	protein_coding	640	353	171	223	6044	3546
Slc7a7	protein_coding	397	983	951	671	1007	2279
LOC131377032	lncRNA	1247	1356	3111	2289	951	1850
Il17rd	lncRNA	621	2450	341	380	228	105
LOC131297224	protein_coding	1650	590	641	708	459	148
LOC131385678	protein_coding	539	328	590	540	240	442
LOC131297075	protein_coding	0	600	170	97	390	2
n-TMcat7	protein_coding	5813	807	2493	276	106	900
Fgfbp3	protein_coding	3454	725	883	2694	875	2857
LOC128924833	protein_coding	316	324	300	972	318	194
LOC131374884	protein_coding	290	251	468	186	309	276
LOC131341870	protein_coding	446	426	440	536	258	203
Fbrsl1	protein_coding	1202	834	1344	1810	1348	393
Gm15310	protein_coding	150	93	215	341	218	247
Gm15240	protein_coding	555	55	108	333	701	71
LOC131337350	protein_coding	192	144	175	278	200	146
D13Mit243	pseudogene	283	257	239	214	544	256
LOC131378191	lncRNA	142	592	14	98	0	160
A430093F15Rik	protein_coding	2347	32	689	1740	1636	2594
LOC131372372	protein_coding	214	223	553	156	431	265
LOC131376498	pseudogene	1125	2855	1918	1273	946	1222
Gm15446	protein_coding	436	435	1443	164	760	177
Gm21409	protein_coding	438	218	200	220	268	82
Mir365-1	protein_coding	3476	424	411	1682	385	484
Gm35044	pseudogene	582	1675	1341	1088	1042	984
Gm18129	lncRNA	22	713	1843	97	898	1679
LOC131377605	protein_coding	1466	708	1209	323	271	522
Gm36879	protein_coding	144	532	201	1951	1363	1319
Defa-rs9	protein_coding	166	1084	723	312	119	144
LOC132411719	protein_coding	2204	1774	2044	2252	1414	1202
LOC131385580	protein_coding	703	779	407	484	1006	1141
Dynlt1b	lncRNA	1707	832	1533	1334	2665	1410
LOC132412376	protein_coding	649	126	80	93	130	38
Omt2a	pseudogene	797	231	462	1316	660	105
Gm35769	protein_coding	504	733	614	216	834	644
Ly6e-ps1	lncRNA	761	3986	3621	1158	4994	959
LOC132411917	protein_coding	183	442	351	701	114	442
LOC131380340	protein_coding	206	110	146	123	181	225
LOC131338869	lncRNA	450	418	740	596	502	706
Cachd1	protein_coding	177	333	205	129	92	380
Gm41916	protein_coding	612	330	674	90	147	372
LOC132412802	protein_coding	1307	658	1107	1052	1045	2027
LOC132409258	lncRNA	789	590	804	1139	1073	1035
D13Mit78	lncRNA	819	842	751	1212	1579	914
Gm38951	protein_coding	593	257	193	1968	439	4065
LOC131341043	protein_coding	181	145	180	481	537	394
9330188P03Rik	protein_coding	1198	644	481	1253	1338	655
LOC131295298	protein_coding	3322	1186	3746	1306	835	1396
Csta1	lncRNA	491	945	1979	3796	556	1191
Krtap9-1	protein_coding	1439	1401	473	884	714	430
Gm21753	protein_coding	624	908	461	296	1068	1108
Stox1	protein_coding	2212	104	85	3116	605	3325
Timd6	protein_coding	1995	855	313	1288	2047	1116
LOC131371836	lncRNA	250	68	546	277	244	48
Fam110b	protein_coding	354	918	441	687	1314	1104
Setbp1	protein_coding	401	435	984	2415	1164	1362
LOC132411103	lncRNA	5081	6694	1478	4239	643	1742
LOC128927558	pseudogene	343	1202	717	2070	1451	462
LOC131375338	protein_coding	754	771	525	510	245	725
4930480K23Rik	protein_coding	1589	581	1299	289	693	2838
LOC131375632	protein_coding	1266	860	1117	852	835	746
LOC131338482	protein_coding	453	684	773	444	545	626
Ighv5-16	protein_coding	3969	3790	2418	3324	690	7150
D2Ertd329e	protein_coding	1172	376	1074	1831	1317	772
Gm14964	pseudogene	805	576	2057	426	2677	684
Lrrn1	protein_coding	759	673	941	835	1002	384
Gm40027	lncRNA	653	971	469	690	579	902
Gm32339	protein_coding	52	446	243	48	176	757
Gm6446	lncRNA	314	476	336	587	174	504
Gm30162	protein_coding	1423	5409	2462	503	1603	985
LOC132410679	protein_coding	2021	764	1608	950	1245	1277
LOC131388989	protein_coding	518	558	519	635	453	182
Ube2l6	protein_coding	2950	3171	636	2727	6461	1434
Trbv28	protein_coding	6	230	565	1447	272	1130
LOC131390549	protein_coding	312	402	369	587	790	352
Gm18665	protein_coding	326	203	556	414	167	210
LOC131337316	protein_coding	178	328	100	136	481	381
LOC131296180	pseudogene	401	335	472	649	779	773
Gm35470	lncRNA	1026	788	946	926	848	593
LOC132442763	pseudogene	583	825	376	719	1143	719
T25669	lncRNA	474	306	458	338	780	600
LOC131339959	pseudogene	1374	1025	1361	1103	855	499
Gm23455	protein_coding	1396	1100	1147	367	1546	41
LOC132441295	lncRNA	860	716	1359	1913	652	785
Gm40511	protein_coding	386	656	179	360	233	391
Gm42084	protein_coding	1130	898	1087	2010	1017	956
LOC128924614	pseudogene	753	4091	2780	4129	358	2153
Wta4	protein_coding	2097	1288	2047	2145	1427	346
LOC131296751	protein_coding	1464	1695	1471	1270	1239	720
Gm5637	protein_coding	106	410	89	106	217	198
LOC131385463	lncRNA	84	124	24	65	38	88
Im7	lncRNA	1222	463	1625	344	440	532
LOC108489981	protein_coding	930	1674	1668	2033	984	1100
1700051A21Rik	protein_coding	783	941	1160	491	1569	577
Or2a56	protein_coding	370	585	1230	727	1343	799
C77614	protein_coding	2439	1519	810	691	293	620
Eif2ak2	protein_coding	1380	302	1208	682	3742	3346
Ppp1r3f	pseudogene	822	720	844	1102	942	529
Gm22118	lncRNA	651	471	353	582	366	590
D13Mit52	pseudogene	1396	1662	856	824	1570	1928
Gm36492	protein_coding	496	1510	794	470	557	468
Gm17857	protein_coding	784	1141	913	673	980	1472
LOC132412178	lncRNA	567	765	574	1059	812	866
4732468M13Rik	pseudogene	85	127	50	61	128	113
LOC131391803	pseudogene	1236	583	1121	1142	1431	233
Ba5	protein_coding	2730	660	2154	1093	3270	638
LOC128924212	protein_coding	643	853	1339	631	843	568
LOC131391404	lncRNA	322	1940	415	1352	368	652
Igkv4-55	protein_coding	561	1674	1370	996	643	637
Gm20781	protein_coding	1763	666	1293	1183	1516	996
LOC131376320	protein_coding	2838	2208	1492	4520	4856	2211
Gm40412	protein_coding	1553	918	1059	1617	2185	1645
Gm22447	protein_coding	850	879	784	796	1118	1008
LOC131339059	protein_coding	494	328	278	233	813	545
Gm40067	protein_coding	49	86	228	190	76	127
LOC131295820	protein_coding	4504	2099	5032	4914	2970	2963
LOC107228251	protein_coding	2056	514	1610	1506	1781	1253
LOC131297442	protein_coding	116	101	126	120	46	77
LOC132411165	protein_coding	720	818	503	929	1583	463
Gm40305	protein_coding	1863	1605	1529	1685	3938	3011
LOC132408346	lncRNA	1010	1393	661	459	693	1291
Pcdha7	protein_coding	104	282	487	629	961	1063
Mageb17-ps	protein_coding	1701	2556	306	1593	2714	441
LOC132445101	pseudogene	172	57	99	89	126	74
Dvb11-1	protein_coding	609	1820	1802	146	2538	3326
LOC128924721	lncRNA	1828	820	503	1006	1046	677
D830024N08Rik	lncRNA	1844	3809	2691	2212	3650	2032
LOC128926839	protein_coding	261	1389	475	501	793	645
LOC132412636	protein_coding	1191	1785	684	743	2453	525
Vps9d1	lncRNA	356	127	550	194	638	158
Gm53428	protein_coding	160	574	1264	202	103	1081
Gm53307	protein_coding	380	1586	1235	921	530	582
LOC132408566	lncRNA	448	522	723	450	530	500
Clps	pseudogene	1774	909	3555	1355	1136	1558
1700111N16Rik	protein_coding	85	436	3394	2378	3481	505
LOC131385404	protein_coding	1321	1552	1271	2005	1802	1584
Gm33591	protein_coding	1550	1292	1459	768	591	1555
LOC131341919	protein_coding	2978	264	460	2483	900	2725
AU019868	protein_coding	744	660	338	642	192	1011
Gm19896	protein_coding	3171	517	595	2690	2142	1362
LOC132409185	lncRNA	3157	748	1681	944	1880	912
DXMgc23	protein_coding	3668	1642	4497	4462	3782	1450
LOC128924443	protein_coding	288	415	468	284	238	187
Gm5477	pseudogene	1232	1181	4433	2056	1901	1139
Lrrcc1	protein_coding	4691	3577	244	697	1933	1601
LOC132445019	protein_coding	349	681	669	603	333	455
Gm41150	protein_coding	1638	1420	727	354	1206	1151
LOC128924557	protein_coding	628	996	2201	3392	324	931
A930023M06Rik	lncRNA	874	2718	1169	2178	1196	991
LOC132444108	lncRNA	618	50	135	302	153	70
LOC131295989	protein_coding	447	400	2188	2033	1296	2121
LOC131339598	protein_coding	199	981	367	194	295	375
Gm32302	protein_coding	427	410	589	353	433	1108
LOC131373966	protein_coding	880	914	600	1087	717	802
Gm35502	protein_coding	2526	1760	1426	1599	1072	843
Gm41974	protein_coding	1497	185	993	1747	1024	394
Fdps	protein_coding	456	2191	1295	429	235	1386
LOC131389121	protein_coding	489	1203	1887	563	928	394
LOC131372613	protein_coding	579	1294	431	499	665	1480
LOC131380599	pseudogene	1174	955	1665	2159	1835	1087
LOC128926798	protein_coding	138	311	293	116	194	478
Xkr6	protein_coding	1062	1398	835	1097	2763	1004
Arigm3	protein_coding	1941	2890	758	583	741	767
Ndn	protein_coding	608	634	1212	704	1035	796
LOC131374854	protein_coding	738	888	1316	461	1189	486
LOC131379561	protein_coding	80	86	1038	399	533	1416
Gm54238	pseudogene	846	1235	1149	635	725	467
Ttll9	pseudogene	718	912	432	640	375	503
Gm33882	pseudogene	1500	4755	4651	421	1625	5702
Or51k1	protein_coding	252	353	348	536	438	217
LOC131385959	protein_coding	895	156	1004	203	328	454
Gm49083	protein_coding	294	1039	41	227	1682	517
LOC131390252	protein_coding	970	447	789	388	1098	667
Oscp1	lncRNA	506	166	707	336	150	598
D11Mit329	protein_coding	1095	535	1945	371	264	506
Gm25651	pseudogene	708	1451	551	796	1303	844
Gm23908	protein_coding	1551	2469	788	785	1086	1555
LOC131376771	lncRNA	262	595	437	400	450	407
Copg1	protein_coding	171	6	0	120	11	10
Or51f23b	lncRNA	458	2526	1109	2017	213	477
Lamr1-rs2	protein_coding	1683	4281	2295	3004	5817	215
Gm29984	protein_coding	1173	1641	2151	408	726	1550
LOC131388489	protein_coding	371	398	802	279	613	904
Gm23596	protein_coding	102	194	46	75	87	511
Trav13d-4	protein_coding	113	187	60	115	50	136
Gm13496	protein_coding	146	226	23	72	81	111
LOC131391527	protein_coding	1719	2405	1513	1763	1625	2990
Htr4	protein_coding	1469	2543	1993	1732	2395	1900
LOC131380059	protein_coding	793	836	3750	1832	976	2809
Mir12192	protein_coding	196	148	67	149	79	28
LOC131339692	protein_coding	101	97	102	97	114	87
Gm5648	protein_coding	527	689	1230	828	383	264
n-TIaat4	protein_coding	1200	1375	596	1817	874	423
Gm9993	lncRNA	139	258	4364	532	2510	79
2900076G11Rik	protein_coding	2752	3328	541	102	1249	912
LOC132412957	protein_coding	743	1122	1009	655	647	570
Gm11967	protein_coding	508	1222	303	910	1347	650
LOC131339374	protein_coding	424	322	1161	572	582	347
Cpne9	protein_coding	607	257	99	820	59	194
Gm6732	protein_coding	1714	1415	903	1338	946	1095
LOC131372922	protein_coding	2586	1652	173	1378	4254	146
LOC131376130	protein_coding	143	224	341	288	159	85
Gm32888	protein_coding	745	528	731	1678	1214	986
AI181832	protein_coding	198	199	335	253	387	362
Gm36152	lncRNA	659	252	344	606	288	620
Ptpn13	protein_coding	966	838	63	768	100	223
LOC128925830	protein_coding	1324	1112	1713	1152	431	2317
LOC131391832	protein_coding	172	371	587	505	320	744
LOC131380325	protein_coding	3478	1347	1431	1318	1536	5385
LOC132408670	protein_coding	402	503	26	539	52	354
Tel6p	lncRNA	131	177	444	606	1096	858
Septin5	lncRNA	4135	1286	1654	246	811	413
LOC132441800	lncRNA	2568	1881	1781	4513	2174	1851
Skts6	pseudogene	292	250	302	172	246	224
Gm35815	protein_coding	740	461	918	734	1171	1341
Gm39668	lncRNA	1848	537	358	1001	475	569
LOC131377333	protein_coding	888	779	1321	1991	1335	1958
Gm3015	protein_coding	2114	4191	1828	3184	887	1960
Gm51502	protein_coding	632	1172	827	423	758	946
Gm52353	protein_coding	1041	1030	1233	1171	1451	1808
LOC132412956	protein_coding	1437	1004	1082	1994	932	958
D12Mit81	protein_coding	313	196	268	250	197	187
LOC131380424	protein_coding	198	695	49	31	6	16
Gm16249	protein_coding	1786	942	1826	1444	684	999
Slc6a17	protein_coding	436	1432	526	564	152	722
Gm26057	protein_coding	1774	1603	1999	2668	6713	9483
LOC118568795	protein_coding	1639	2091	497	910	872	3358
Gm39948	protein_coding	546	395	813	458	487	180
Gm19197	protein_coding	625	1063	920	2776	1250	1593
Gm10734	protein_coding	183	216	357	372	278	160
Arf2	protein_coding	938	1037	1477	2073	717	306
Gm52069	protein_coding	958	1371	772	1025	747	826
Hmga2-ps1	protein_coding	421	531	595	371	259	458
Wfdc18	protein_coding	299	323	539	294	374	320
Mageb1	protein_coding	309	763	1343	1119	1031	1505
Marcksl1-ps3	protein_coding	248	553	211	21	446	692
LOC131388325	protein_coding	325	615	744	725	818	620
Lsm7	protein_coding	271	517	608	502	465	1221
LOC131337193	lncRNA	369	235	202	366	427	421
LOC131374285	protein_coding	1040	1000	204	2065	2156	1126
A930019H14Rik	lncRNA	940	2254	1897	1565	1070	1630
Rb(11.13)6Lub	protein_coding	460	390	128	697	489	921
Gm24267	protein_coding	559	918	162	154	406	377
Tcrd-D	protein_coding	576	789	1258	1430	582	1652
Gm51479	lncRNA	692	123	1333	1796	471	1745
Plep	lncRNA	469	540	528	359	391	284
LOC131392612	protein_coding	588	3015	1773	385	1901	1695
LOC131372046	lncRNA	2490	3084	1786	2659	2558	2095
Gm24004	protein_coding	83	20	32	208	322	51
9130004J05Rik	protein_coding	534	186	62	277	171	30
Gm38519	protein_coding	2228	1166	356	4044	2831	381
Gm51532	protein_coding	326	217	1059	695	6	473
LOC128926904	protein_coding	744	1105	1601	1571	865	745
Pglyrp4	protein_coding	587	429	357	421	1657	205
Gm34689	lncRNA	91	565	234	3289	497	646
4933406D12Rik	protein_coding	1330	366	1332	785	2082	300
Chrng	protein_coding	418	557	359	871	656	748
Gm50598	lncRNA	3396	1602	1613	2719	677	4700
C1d	protein_coding	658	494	502	522	632	402
D8Mit170a	protein_coding	1486	945	2274	987	902	1106
Gm6204	pseudogene	361	142	45	393	613	1205
Pnma8a	pseudogene	994	3997	2032	2172	875	1791
LOC131387725	protein_coding	31	37	349	32	27	553
LOC131384762	lncRNA	634	282	1923	408	1099	752
Rhd	protein_coding	294	359	229	548	418	780
Cc2d2a	protein_coding	1383	1940	1611	764	917	1646
LOC131388312	protein_coding	1796	2537	2992	1877	1893	2252
Pir	protein_coding	55	26	3	0	246	304
Gm18760	protein_coding	3819	4545	3243	766	1683	3178
LOC128927777	lncRNA	90	282	411	257	177	39
Dnah10	protein_coding	1009	1743	2307	668	1506	1156
Gm11425	protein_coding	483	730	4479	2307	2370	5237
Gm5414	protein_coding	84	987	1460	147	435	259
Sema6c	protein_coding	1100	1506	1743	1957	1296	1180
Gk	lncRNA	221	292	435	234	519	326
LOC131390540	protein_coding	188	34	563	132	1291	0
Gm34171	protein_coding	1253	1188	588	1070	1413	1965
Dnlz	protein_coding	1211	1548	2199	1342	1282	1569
Gm34740	protein_coding	713	590	257	730	1024	810
LOC131339013	protein_coding	240	176	89	43	134	48
Dusp10	protein_coding	3709	5051	6330	3948	1709	5410
LOC128924538	lncRNA	703	699	1051	350	505	254
LOC132408087	protein_coding	1248	1360	428	1561	2802	1201
B19E(I)	protein_coding	1110	638	1025	728	993	667
LOC132444843	protein_coding	208	187	530	352	1840	4568
Xmv63	protein_coding	335	842	409	112	356	356
Il11ra3	protein_coding	317	796	566	111	356	296
Gm14251	lncRNA	2862	1180	1868	1736	1996	2032
Ddx54	protein_coding	1304	1252	926	1556	727	1658
Gm54074	pseudogene	538	322	671	535	390	454
LOC131376909	protein_coding	1666	877	1622	1175	975	1564
Vegfc	protein_coding	1676	2683	1471	1533	4965	2483
Tcof1	protein_coding	192	2270	837	1040	158	1
LOC132412232	pseudogene	68	137	111	204	495	632
Iap5rb3	protein_coding	367	1240	2316	658	1945	548
Nme2	protein_coding	2225	890	494	1754	1315	1395
Gm36348	protein_coding	6	26	55	161	12	18
LOC132441604	lncRNA	1186	1091	1038	2300	803	1010
Zfp52	protein_coding	960	1733	948	588	260	1682
Tgtp2	protein_coding	1072	2028	756	548	1052	544
Gm38533	protein_coding	116	149	153	301	137	499
LOC131372724	lncRNA	2433	927	4432	970	1997	2123
LOC132441221	protein_coding	175	357	301	261	335	197
Gm16096	lncRNA	488	739	1451	1291	564	426
LOC131380559	protein_coding	467	536	101	295	28	8084
C8a	protein_coding	379	560	1392	675	256	278
LOC128927174	protein_coding	480	406	432	715	1526	891
LOC131375017	lncRNA	243	191	433	442	474	73
Gm29321	protein_coding	2322	3399	3703	5348	2172	2990
Gm16228	lncRNA	1641	601	1348	1612	600	975
LOC132408536	protein_coding	67	1144	447	424	774	722
LOC132410653	protein_coding	1487	1420	935	884	1262	144
Dcaf15	lncRNA	614	483	541	1301	1288	985
LOC132408525	pseudogene	651	486	1126	256	176	630
Gm41711	protein_coding	787	1243	1151	1592	657	696
H2ac5-ps	protein_coding	162	164	1708	556	997	235
LOC131377597	protein_coding	102	330	303	359	137	257
Slc18a1	protein_coding	928	1676	1037	1165	1665	1365
Gm32203	lncRNA	369	526	150	760	140	227
D1Mit328	protein_coding	578	917	198	293	121	743
LOC132409397	lncRNA	606	401	386	838	1845	536
Gm6313	protein_coding	2231	696	1007	266	517	252
LOC131372876	protein_coding	26	1901	1382	228	441	616
LOC131341427	protein_coding	116	312	1287	379	1261	1782
Skts7	lncRNA	387	100	0	441	15	3493
Gm8104	protein_coding	342	164	201	115	73	216
Gm19063	lncRNA	29	633	3587	254	929	6399
Gm22571	protein_coding	608	452	314	301	426	354
Gm5666	lncRNA	400	565	215	233	376	255
Gm52315	protein_coding	435	449	1319	309	965	1111
n-TSaga4	protein_coding	923	122	452	728	714	269
Or2q2-ps1	protein_coding	779	1483	972	758	486	829
Alcp14	pseudogene	530	701	243	856	148	879
Gm8463	protein_coding	768	3338	1203	497	315	748
LOC131375083	protein_coding	4176	1173	946	863	674	253
Gm52181	protein_coding	931	1185	699	1249	115	147
Gm34442	protein_coding	355	532	266	496	216	430
LOC132443843	protein_coding	2878	2418	1624	1735	599	1538
LOC131337780	protein_coding	364	481	821	861	351	687
Gm52636	protein_coding	2041	1167	1157	1290	1338	1164
B230216C01Rik	protein_coding	1222	611	999	478	134	1247
Gm46910	protein_coding	95	105	68	88	48	66
Gm20934	lncRNA	80	156	824	720	241	1265
Rb(6.12)3Sic	protein_coding	897	933	780	620	816	79
LOC131384728	protein_coding	291	899	584	577	1063	338
LOC131392356	protein_coding	827	362	864	1170	1592	215
Ms6-1	protein_coding	769	309	376	187	215	500
Gm41243	protein_coding	405	3880	1058	983	218	1829
LOC131389508	pseudogene	575	985	830	557	507	450
D11Ertd518e	pseudogene	479	1088	470	253	115	106
Gm6377	protein_coding	446	431	745	614	1989	3035
Art5	protein_coding	758	4342	1841	3120	1102	1903
Vps41	protein_coding	1512	1753	377	2078	5041	896
LOC128927834	protein_coding	543	505	201	64	147	187
LOC132442260	protein_coding	907	249	393	289	657	538
Gm19237	lncRNA	532	1166	463	586	619	372
LOC131339637	protein_coding	201	508	939	93	197	240
LOC131295384	protein_coding	613	133	591	226	323	305
Mir31	protein_coding	96	504	718	310	147	378
LOC131336939	pseudogene	193	50	44	138	645	117
Irx3	protein_coding	786	512	891	909	766	1070
D9Mit214	pseudogene	396	823	1599	1562	989	410
LOC132410201	protein_coding	134	127	148	103	172	92
Adcyap1r1	protein_coding	2066	1727	1706	1077	1752	1963
LOC128924280	protein_coding	613	1867	1397	1429	987	1119
Mir365-2	protein_coding	974	1508	684	3514	272	361
D12Mit74	protein_coding	24	377	222	169	252	153
Gm21037	protein_coding	557	377	334	938	370	716
LOC132410222	protein_coding	173	163	140	103	365	274
LOC132408730	protein_coding	326	692	515	288	1434	1326
LOC132444910	protein_coding	578	646	522	2255	924	796
Gm26284	lncRNA	482	663	602	1508	972	1640
LOC132444211	protein_coding	129	72	117	421	372	36
Gm28364	protein_coding	826	370	628	309	331	436
Ovol2	protein_coding	11	21	31	0	1307	73
LOC131375227	protein_coding	424	424	728	602	933	609
LOC131385115	pseudogene	1805	246	428	1055	319	678
Gm10440	lncRNA	1767	286	80	779	56	1262
Isoc2a	protein_coding	1153	575	532	410	1063	1654
Gm19994	protein_coding	1579	279	408	1005	407	106
Gm46177	protein_coding	185	330	222	381	571	511
LOC132445039	protein_coding	469	132	121	110	811	662
Gm40945	protein_coding	289	534	181	0	519	2449
LOC132410991	lncRNA	1282	1045	1491	1289	1654	940
Gm30039	protein_coding	1683	1608	2449	1011	1689	1456
4933427I18Rik	protein_coding	106	123	310	188	249	155
Gm41780	protein_coding	3707	5396	3484	4777	675	5155
Speer4e1	protein_coding	69	25	145	45	93	81
C78810	protein_coding	663	518	202	530	746	542
Gm17909	protein_coding	406	699	660	152	214	266
Mfi5q1	protein_coding	2227	770	1020	1573	2254	1075
Or7e170	protein_coding	452	633	194	131	7	81
Fbn1	lncRNA	1980	1289	1513	2863	825	1645
Idd21.1	protein_coding	297	105	500	220	78	51
D930023I05Rik	pseudogene	3716	5512	2724	4695	4392	3997
LOC132412568	protein_coding	182	147	66	78	174	330
Trgj2	protein_coding	986	1314	1443	3167	4351	2390
Igkv6-29	protein_coding	779	373	337	323	685	703
Gm7064	protein_coding	1072	1510	1581	799	786	760
LOC132407877	protein_coding	450	201	753	468	197	606
LOC114827874	protein_coding	577	207	1486	220	976	413
Gm20127	protein_coding	912	1485	4262	1159	5779	116
Or7e166	pseudogene	1498	1696	1291	1538	1317	1839
Gm35837	protein_coding	6	218	367	653	15	498
Akr1b7	protein_coding	620	704	457	469	962	1404
LOC131390176	lncRNA	5162	3848	1914	3352	3019	2848
Gm41102	protein_coding	6948	15	76	27	302	242
Gm9967	protein_coding	2088	2026	904	2506	4798	1088
LOC131295620	protein_coding	97	175	217	290	342	318
Gm6074	protein_coding	155	180	231	251	324	184
LOC131297243	protein_coding	455	255	392	330	153	264
Gm25763	protein_coding	734	1409	584	497	394	1040
Femwf7	protein_coding	1119	917	876	934	539	992
Gm16445	protein_coding	902	441	1048	769	880	527
LOC131371941	lncRNA	878	242	325	596	636	603
Krt79	lncRNA	206	287	128	547	452	320
LOC131389591	protein_coding	715	964	737	906	830	561
Gm40147	lncRNA	3444	781	695	943	2226	1251
Chcmq2	protein_coding	2625	1747	2604	589	2185	367
LOC131374915	protein_coding	251	501	1131	754	2302	558
Scrd1	lncRNA	269	859	1300	1683	934	2072
Mir7093	lncRNA	634	592	532	151	410	576
Krtap10-4	protein_coding	1065	1007	863	640	496	461
LOC131373206	pseudogene	768	357	290	64	223	1248
Gm10852	lncRNA	2774	3673	2724	3760	853	1289
Gm6225	protein_coding	860	718	1101	1181	1280	1698
LOC132407871	protein_coding	2889	3413	6579	10136	2254	6832
A430027C01Rik	lncRNA	703	793	1688	86	184	533
Gm36070	lncRNA	32	35	45	60	23	51
Gm18909	protein_coding	19	2986	264	2	0	0
Gm36549	lncRNA	618	888	441	710	261	814
9630001P10Rik	protein_coding	407	237	1224	710	893	455
Ckap5	lncRNA	1946	1947	1162	3009	6064	1569
Gm8246	pseudogene	228	986	308	320	1665	500
Lrrc7	lncRNA	3191	1873	4412	1146	2362	2264
Pate8	protein_coding	4489	3853	6160	4780	4648	10472
Snord89	protein_coding	1000	1639	576	660	614	654
Gm22772	protein_coding	640	494	859	727	959	1061
LOC128926108	protein_coding	2274	2530	926	1322	2221	2211
Igkv4-50	lncRNA	479	792	1456	300	756	1181
LOC110120391	protein_coding	199	122	344	195	350	357
LOC131379036	lncRNA	359	374	183	284	276	310
Pdgfra	protein_coding	1910	2982	955	1719	1702	2461
Snord91a	lncRNA	574	717	652	841	322	663
Gm57519	protein_coding	1629	1940	5658	4177	4322	1176
Gm9110	pseudogene	4511	4112	435	2068	2222	1598
LOC131340863	protein_coding	1447	1134	714	993	693	1360
D3Mit90	protein_coding	396	508	349	348	616	718
6030443J06Rik	protein_coding	2010	1621	1331	1966	2892	3924
LOC132412278	protein_coding	988	1724	1669	1404	954	710
Gm53939	lncRNA	798	870	638	81	308	487
Gm8199	lncRNA	1279	382	813	198	64	1182
LOC132442531	protein_coding	423	766	1060	579	623	507
Wfdc17	protein_coding	1024	292	4098	2543	7899	3105
Gm41453	protein_coding	987	701	803	201	253	250
Gm31237	lncRNA	2351	1803	2583	1667	1750	1923
Gm30377	lncRNA	755	2287	234	4050	3449	3801
Esyt2	lncRNA	392	235	322	33	274	350
Gm8110	protein_coding	937	1149	2044	1120	2098	601
LOC109433676	protein_coding	377	1126	990	1205	504	257
LOC131389357	lncRNA	535	858	476	454	425	467
Cnot6	protein_coding	73	247	14	44	360	4
Vmn2r-ps11	protein_coding	0	2	19	0	124	0
Amn	protein_coding	2	13	536	105	219	30
Gm13922	protein_coding	305	36	1064	602	191	204
LOC131392402	protein_coding	121	283	219	101	157	136
LOC131390083	pseudogene	626	314	238	109	314	92
LOC131389038	protein_coding	3123	1194	1180	2206	3995	1311
Mdc1	protein_coding	2758	2910	1227	1741	3588	2388
LOC132408950	protein_coding	604	2583	1348	2735	644	8371
LOC128926193	lncRNA	47	16	6	51	34	38
Gm52569	lncRNA	260	310	268	281	173	464
LOC131371475	protein_coding	327	380	556	469	390	486
Rap1gds1	protein_coding	334	1796	243	1356	420	1436
LOC132410433	protein_coding	413	908	365	790	602	328
Gm24674	protein_coding	960	670	846	128	245	267
Pcts	lncRNA	454	560	837	919	1221	1224
LOC131341720	protein_coding	519	1178	3245	2030	1491	1378
Fem1c	protein_coding	120	4286	299	399	22	770
Gm18394	lncRNA	436	601	1497	327	1253	368
Gm21838	lncRNA	260	319	515	1652	655	644
Gm13536	protein_coding	571	706	595	1461	1663	1408
AA516741	protein_coding	220	325	494	365	146	618
Gm14633	protein_coding	364	237	314	115	434	166
Gm18015	protein_coding	618	897	566	888	1358	488
LOC132442351	protein_coding	225	208	114	246	162	221
D7Wsu1e	pseudogene	1247	688	1105	1260	918	1336
Gm38425	protein_coding	667	500	396	269	747	1413
Mir7012	protein_coding	4852	448	2953	748	6972	2580
LOC128927195	pseudogene	543	844	233	1245	427	207
D9Mit89	protein_coding	2950	3811	1392	3876	3584	989
LOC132443180	protein_coding	1228	1188	3395	240	1156	1156
Gm7048	lncRNA	1956	3319	4800	1784	2504	365
Gm50603	protein_coding	99	235	147	112	102	124
LOC131297631	protein_coding	413	410	387	911	644	664
Iap3rc13	protein_coding	188	664	438	313	569	444
Ankrd10	protein_coding	1867	1256	787	1143	1149	1724
D9Mgi32	protein_coding	595	475	1878	2932	2631	412
Acss2	protein_coding	623	231	202	35	1	593
LOC131374012	protein_coding	904	1134	380	925	2135	1910
LOC131375207	protein_coding	1080	775	1993	1947	775	1241
Lprm4	lncRNA	34	172	1048	1	61	114
LOC131371589	protein_coding	315	438	426	538	314	643
LOC132442405	protein_coding	1142	860	1066	691	1316	1298
Gm40278	protein_coding	354	1002	479	348	199	369
LOC128924504	pseudogene	601	1276	1726	862	890	1161
B230104I21Rik	protein_coding	410	921	696	1136	685	890
LOC131385508	protein_coding	364	55	321	457	186	291
Thyct1	protein_coding	5203	2433	1409	6509	5864	1216
LOC128927247	protein_coding	665	836	1856	1152	1546	1323
Gm23041	pseudogene	614	1281	685	469	1264	662
Rnaset2a	protein_coding	324	1411	1823	260	765	1570
LOC131338599	protein_coding	639	2986	367	4166	406	382
Grin2b	protein_coding	640	473	585	289	539	175
Zfp36l1-ps	lncRNA	957	837	204	560	689	207
Mtv40	protein_coding	1438	831	205	210	655	916
Ppp1r14bl	protein_coding	2670	1495	4663	4752	5833	4380
4930554N03Rik	protein_coding	28	32	25	17	34	42
Clptm1l	protein_coding	352	245	261	155	125	181
LOC131341288	protein_coding	593	837	836	819	241	1148
LOC131392362	protein_coding	1144	1926	1562	675	1101	1620
msrvh1	protein_coding	2088	2655	149	3710	152	514
LOC128927739	protein_coding	1451	237	585	681	609	1033
Gm36231	protein_coding	674	1503	1230	613	846	866
Gm39578	protein_coding	1395	3522	1036	3058	1896	2139
LOC128926010	lncRNA	211	108	205	78	137	59
Or11n2	protein_coding	714	2341	3840	1778	948	2084
Ctrc	protein_coding	879	1235	1649	1155	924	756
Naaladl1	protein_coding	297	25	327	234	577	687
LOC433053	protein_coding	199	179	191	137	148	168
LOC131297386	protein_coding	52	117	900	51	451	231
Or10a3	protein_coding	1420	855	637	127	86	423
Gm33714	protein_coding	398	2013	337	2361	5401	3664
LOC131385160	pseudogene	2567	2152	1897	1582	1486	1979
LOC131375064	protein_coding	705	862	3782	66	329	1472
Gm11175	pseudogene	657	31	757	1080	1105	1361
LOC132409441	protein_coding	414	377	413	871	901	746
Dbmc3	protein_coding	1709	1343	2382	930	1378	1165
LOC131377035	lncRNA	1053	404	333	1205	967	344
LOC131376074	lncRNA	2544	577	2161	2128	1743	512
LOC128926290	protein_coding	870	1374	1375	1160	1819	807
LOC128927534	protein_coding	3042	1519	560	398	813	1498
Daq7	protein_coding	410	735	582	655	381	626
Or10v5	protein_coding	285	948	1800	592	1576	240
AI255207	lncRNA	1381	741	1137	1186	1355	634
2610524J22Rik	protein_coding	1311	562	58	13	593	923
Gm17518	protein_coding	815	1694	444	790	399	410
LOC131377104	protein_coding	561	922	1292	242	934	1295
LOC131296320	protein_coding	1400	757	1880	805	1239	1818
LOC131296940	protein_coding	443	210	204	454	100	177
9330171B17Rik	protein_coding	1422	1171	1121	2281	477	194
Gm22733	protein_coding	340	210	145	241	75	254
LOC132411937	protein_coding	174	267	279	146	367	54
Gm57727	protein_coding	1660	1705	1397	1764	1126	4695
Rnu5g	protein_coding	861	649	212	469	422	780
Ccl19	protein_coding	1096	1122	2924	1979	206	649
Gm7985	protein_coding	554	217	269	1489	257	855
Gm38584	lncRNA	717	1390	735	556	1864	787
Nr1i2	protein_coding	415	91	906	191	380	131
LOC131297747	pseudogene	2723	2119	1823	1717	1444	3052
Gm29782	protein_coding	1663	910	2993	2158	1622	2429
Sfxn4	protein_coding	157	770	406	320	346	198
Azdm3	protein_coding	345	134	211	257	199	169
Obwq3	protein_coding	977	846	2033	1714	939	1601
DXMgc81	lncRNA	1579	909	671	732	454	587
LOC131389616	protein_coding	1791	478	3489	1109	1392	1799
Bloc1s3	protein_coding	78	16	660	41	526	27
9830137J09Rik	protein_coding	542	242	1814	501	283	2278
Kitl	protein_coding	71	52	48	47	99	70
LOC131389171	protein_coding	2028	3113	712	1430	101	234
Igfbp7	pseudogene	95	94	263	468	585	391
LOC132409553	protein_coding	2969	2033	3084	2510	818	1730
1700123J17Rik	protein_coding	1445	794	837	2457	2327	1636
Gm51430	lncRNA	820	377	1176	1196	865	851
LOC131372376	lncRNA	856	105	2770	1992	1595	251
LOC131385773	pseudogene	1376	1012	1239	1582	905	1246
LOC110120475	protein_coding	542	678	843	600	718	567
Bod1l	protein_coding	124	83	169	92	118	88
Mir6396	pseudogene	30	2417	5536	274	184	597
Slc1a1	protein_coding	584	1356	435	890	631	1376
LOC131338732	protein_coding	2581	1568	2982	723	1230	3074
Gm57800	protein_coding	1858	1058	1737	1198	867	1032
LOC132440887	lncRNA	1331	2238	1460	964	880	549
Or5w20	protein_coding	882	107	1594	526	186	1336
LOC131384815	protein_coding	180	918	22	1	105	503
LOC131372640	protein_coding	108	204	107	68	98	162
Gm7953	protein_coding	404	549	286	791	905	502
Gm53789	protein_coding	149	373	380	264	291	489
Gm53713	lncRNA	1048	209	1340	277	928	168
LOC131372413	lncRNA	369	81	233	528	400	563
LOC132440973	pseudogene	318	256	505	194	344	503
LOC131336860	protein_coding	645	194	1613	23	231	2265
Il31	protein_coding	2801	2365	917	1748	415	1000
LOC131371623	protein_coding	315	160	259	407	231	306
Gm33385	pseudogene	2731	184	831	452	1174	261
LOC132444796	protein_coding	773	370	413	648	647	475
LOC131371985	protein_coding	1061	1677	1524	936	501	882
LOC131377616	protein_coding	910	2420	3787	1260	3096	5675
Gm33144	lncRNA	683	2408	1488	2402	2082	908
Srilp	protein_coding	903	2077	1635	539	1273	604
Chrf	protein_coding	137	663	116	634	811	739
LOC132443181	protein_coding	282	219	188	387	564	196
LOC131378942	protein_coding	1660	1463	1367	1234	996	711
LOC131372624	protein_coding	1176	137	1782	1295	153	3371
Hdl2	protein_coding	679	1145	1045	241	1138	992
LOC131378963	protein_coding	1606	1166	1737	965	1757	518
Gm57603	protein_coding	876	540	824	1348	537	578
LOC128925691	protein_coding	1555	1676	1592	1175	1342	1922
Stimate	protein_coding	601	992	1037	682	863	679
LOC128927930	lncRNA	538	722	524	590	793	402
Rnf227	pseudogene	469	1045	1108	450	527	1139
Mtrf1	protein_coding	472	673	453	647	1076	671
LOC131385366	protein_coding	1216	1036	1313	1005	1230	860
Gm54264	protein_coding	2489	2436	2839	2284	3608	2397
Gm53203	protein_coding	179	255	54	15	4	148
LOC131376272	protein_coding	543	548	901	201	615	1005
LOC110283620	protein_coding	352	707	356	448	450	264
Gm41301	protein_coding	611	752	235	471	907	517
Or10j3b	protein_coding	665	1232	1045	352	610	442
LOC131391022	protein_coding	229	397	422	271	114	239
Gm25431	protein_coding	1914	2335	1913	3045	1089	3353
LOC110120554	protein_coding	62	34	129	63	478	16
Map4k4	lncRNA	1081	264	551	494	1277	1516
LOC131392281	protein_coding	744	2110	477	565	1137	786
Xkrx	protein_coding	722	540	1114	801	636	435
LOC132443576	pseudogene	359	125	114	325	271	119
LOC131385002	lncRNA	2681	1540	3153	2557	388	3688
LOC132443922	protein_coding	1633	2731	1833	1576	2061	1289
LOC131379014	protein_coding	1097	285	252	270	258	244
LOC131392047	protein_coding	953	1275	1282	344	705	456
Nat8f4	protein_coding	473	1135	1606	584	830	1745
LOC132440467	protein_coding	1345	1150	1726	1223	1881	1569
Duxf2	lncRNA	181	546	807	293	64	1315
LOC132411161	protein_coding	578	618	215	628	678	561
Slc50a1	protein_coding	1591	1335	1363	454	609	1092
LOC132441689	protein_coding	1146	633	1122	434	742	554
LOC131387935	protein_coding	492	832	1110	1281	985	503
Mtmr14	protein_coding	704	1321	1471	1781	1759	1869
l9Rl3	protein_coding	1005	400	40	0	3923	449
LOC128927947	protein_coding	500	139	1170	1452	2238	1071
Pou2f3	pseudogene	3347	466	2337	1683	10065	5936
LOC128925576	protein_coding	1494	2399	233	423	292	242
Gm41777	protein_coding	661	493	5061	607	1245	960
Gm5652	lncRNA	0	128	546	0	16	3921
LOC110120470	protein_coding	879	1213	350	685	464	424
Tspyl-ps	protein_coding	908	868	439	1575	1751	1571
Gm23286	pseudogene	1840	411	261	413	752	1356
Gm23266	protein_coding	506	2359	902	940	164	1219
Gm5051	lncRNA	2363	531	2348	1886	1294	2801
D4Wsu139e	protein_coding	219	436	771	1558	1056	1502
Casp9	protein_coding	821	1547	586	608	924	2351
Fbxo39	protein_coding	481	799	1536	701	831	889
Rtn4r	protein_coding	327	270	88	477	467	800
Mex3c	lncRNA	436	340	709	1515	998	892
LOC131374898	pseudogene	529	346	54	176	178	756
Or2d3	protein_coding	316	112	664	533	217	250
LOC131376154	protein_coding	2901	3965	2616	2106	1723	2314
LOC132444289	protein_coding	617	1187	1547	872	1317	984
Gm22454	protein_coding	1277	496	2741	1175	517	134
LOC131390796	protein_coding	46	315	5	243	476	324
LOC131391745	pseudogene	248	404	179	1028	915	227
D8Mit162	pseudogene	242	495	332	260	184	382
Gm10615	pseudogene	153	149	239	118	243	280
LOC131389111	lncRNA	89	107	263	2387	1019	385
LOC131376542	protein_coding	199	344	334	168	524	530
Gm53658	protein_coding	632	1347	337	396	1269	913
Mir6978	lncRNA	15	1239	358	245	10	140
Magee1	lncRNA	3056	80	3531	3240	856	2303
LOC118568082	protein_coding	466	542	338	844	6584	2142
Neurod5	protein_coding	211	235	170	458	327	171
LOC131340661	lncRNA	893	105	1738	270	633	1071
Abhd11os	protein_coding	251	683	526	210	522	443
LOC131385918	protein_coding	274	418	446	510	152	493
Mir7063	lncRNA	643	347	747	287	584	414
LOC106014250	protein_coding	1459	585	1381	2032	697	2018
Clas4	protein_coding	928	1687	1370	1001	1096	467
LOC132441300	protein_coding	1356	962	1019	1224	1144	527
Olfm2	protein_coding	1644	259	1263	241	1767	1007
Susp	protein_coding	952	265	127	1076	150	425
BB176409	protein_coding	196	787	338	434	805	761
Arih2	protein_coding	508	364	190	1210	639	422
LOC128924952	protein_coding	635	2603	1341	7824	4524	1100
In(2)58Rk	lncRNA	489	230	513	784	796	1204
LOC131297526	protein_coding	228	745	28	2520	330	1656
A730071L15Rik	protein_coding	1754	985	738	1555	984	764
LOC131386922	lncRNA	715	1350	1004	727	586	313
LOC131391371	protein_coding	719	5063	117	332	513	251
LOC131387644	protein_coding	510	352	2128	1408	650	1052
Gm53825	protein_coding	632	895	182	953	619	739
Gm21869	protein_coding	1282	960	1704	606	1365	583
Gm20081	protein_coding	777	1901	3318	829	1382	1302
Defb6	protein_coding	749	1050	1407	2331	190	782
Pde6a	protein_coding	761	975	1628	576	435	763
Gm13985	protein_coding	133	71	16	197	8	14
LOC109279970	protein_coding	325	819	1165	762	356	394
LOC132412155	protein_coding	907	75	1241	477	1039	176
1700120G07Rik	protein_coding	879	626	952	484	994	493
Ino80	lncRNA	418	319	198	220	148	235
AI315681	protein_coding	139	1788	563	713	593	258
5730409K12Rik	protein_coding	89	896	3227	226	936	2362
D5Mit151	protein_coding	130	53	0	112	218	0
Gm20465	protein_coding	806	87	229	871	467	357
LOC131341315	protein_coding	936	1285	1620	2051	759	1467
Pgia22	protein_coding	12	329	40	328	0	708
LOC132411421	protein_coding	2363	1365	476	804	2052	2730
Rpl22	lncRNA	296	275	1345	246	154	435
Gm7337	protein_coding	2835	1055	4017	1592	886	3091
LOC131338456	lncRNA	1497	653	3481	1474	2925	6153
4930471L23Rik	protein_coding	81	76	112	35	58	30
Clip1	protein_coding	1153	1710	689	750	1003	1763
Gm42043	protein_coding	2017	1972	1684	3670	5036	2842
4833447I15Rik	protein_coding	617	549	455	154	119	248
LOC131387408	lncRNA	1785	606	794	1710	1662	2469
Gm14132	lncRNA	221	302	335	84	161	76
LOC131387388	pseudogene	723	1132	504	556	1134	1374
Sorcs3	lncRNA	97	57	61	120	132	338
Gm25640	protein_coding	655	891	545	769	587	1205
LOC131390127	protein_coding	948	1935	1912	1671	1277	865
LOC128927327	protein_coding	144	380	101	199	237	356
B230219N15Rik	protein_coding	6992	0	0	0	0	0
LOC131379180	protein_coding	858	502	412	642	754	929
LOC132442620	protein_coding	574	318	365	468	425	611
LOC131295961	pseudogene	1063	1100	4593	213	537	1469
LOC131377715	pseudogene	713	1349	1229	902	897	1545
LOC132410327	lncRNA	1380	828	1791	2231	1630	880
Cog1	protein_coding	851	930	1586	923	253	832
4933401D09Rik	protein_coding	998	1670	474	916	2046	1368
LOC131338799	protein_coding	953	1084	381	45	908	1060
Zfp280d	protein_coding	763	5571	7879	1133	3780	2710
Gm54163	lncRNA	508	683	805	220	411	294
LOC131341746	pseudogene	2590	1040	1045	1924	373	379
Grid1	protein_coding	41	44	164	1	57	13
Gm18275	pseudogene	510	652	722	782	1622	849
LOC131374331	protein_coding	1228	317	496	258	1136	283
Gm20760	protein_coding	324	282	191	394	552	612
Plxnb1	protein_coding	41	7	568	224	54	1211
Heph	pseudogene	1650	2897	2273	1482	433	1046
LOC132444933	protein_coding	26	137	100	295	339	296
D10Mit105	protein_coding	153	46	314	29	11	108
H2-D1	protein_coding	500	733	128	995	537	219
Cyp2d10	protein_coding	372	715	1802	411	1001	587
LOC131386882	protein_coding	783	377	1312	494	207	597
Mall	protein_coding	1985	399	637	391	626	1138
Rrm2-ps4	protein_coding	590	1062	288	672	340	432
Dnajc4	protein_coding	727	1234	1166	2978	5602	4693
LOC132412233	protein_coding	1079	1276	496	521	422	195
L1Md-Gf23	protein_coding	752	343	850	1461	481	921
Skts15	lncRNA	524	867	245	1024	406	379
Gm23454	protein_coding	340	337	269	495	255	273
Gm19620	protein_coding	789	947	909	12	1096	1979
Gm32703	protein_coding	205	472	478	459	438	193
LOC131385409	protein_coding	49	80	98	82	63	50
Alan2	protein_coding	1111	782	1667	1891	1786	651
Gm4425	protein_coding	76	142	399	366	0	974
Gm53635	protein_coding	208	94	3275	236	58	1002
Gm7420	protein_coding	81	60	368	128	18	225
LOC131392218	protein_coding	340	347	786	813	1303	913
T2dm1sa	protein_coding	846	717	556	539	504	472
LOC131389806	protein_coding	2988	1955	933	1128	3125	1961
LOC131389654	protein_coding	2130	1575	1098	1451	1133	1081
Tel2q	protein_coding	1264	2193	1108	961	1030	500
Mir467a-5	protein_coding	25	47	30	38	38	14
LOC131297834	protein_coding	1023	588	872	626	496	414
LOC128926897	protein_coding	562	896	1473	484	651	74
Gm7707	pseudogene	181	1493	919	14	1751	2461
LOC131391640	protein_coding	405	523	401	321	241	350
Gm8599	pseudogene	87	129	78	177	130	109
LOC131389443	protein_coding	961	564	557	1594	1028	796
Impdh1	pseudogene	1192	1403	877	1504	1180	1123
LOC131340229	pseudogene	1308	2147	1498	2178	1436	1811
LOC131337553	protein_coding	148	175	174	179	98	273
Tgtp1	lncRNA	1016	248	654	608	909	1071
LOC131340865	protein_coding	2488	1098	1922	1150	674	2732
Gm32729	pseudogene	166	264	35	53	356	117
LOC131374098	protein_coding	35	205	1162	594	4532	1169
Oat-rs1	lncRNA	301	230	814	165	238	135
Psrs5	protein_coding	342	287	65	246	396	473
LOC131388955	protein_coding	998	2456	1091	2020	1658	2075
LOC131377151	pseudogene	1857	449	1125	1323	1247	2146
Gm41644	protein_coding	124	34	52	183	291	186
Slco1b2	protein_coding	295	273	471	268	474	215
Gm48952	protein_coding	773	430	917	852	3114	1260
LOC131378918	protein_coding	204	17	1819	2117	816	143
LOC132443262	protein_coding	1314	849	1267	455	965	1099
LOC128924230	pseudogene	16	18	37	30	13	18
5330411J11Rik	protein_coding	926	319	1025	1005	670	456
Bswt	protein_coding	2293	871	3113	1660	3419	2016
Rpl5-ps1	lncRNA	284	1451	212	1711	2766	1020
Gm22988	protein_coding	288	531	652	220	855	353
LOC131375633	protein_coding	36	1561	200	241	573	3122
LOC132408538	protein_coding	499	3090	503	2387	1795	613
LOC131376615	lncRNA	3002	651	1999	2228	1256	1611
LOC132444372	protein_coding	411	119	134	471	170	7
D2Mit523	pseudogene	94	198	230	243	164	191
Rab7b	protein_coding	679	1274	1180	175	746	634
Gm54135	protein_coding	739	719	3438	444	2461	1813
Gm40307	protein_coding	1940	3414	1368	1365	1373	3086
LOC132412728	protein_coding	2872	2149	1524	3084	2477	1671
Gm13414	pseudogene	262	235	480	587	889	424
Gm24216	protein_coding	735	1159	240	454	241	823
D10Jhu61	protein_coding	504	910	370	1094	1114	851
Slc2a4rg-ps	protein_coding	653	471	249	194	520	629
AW743293	pseudogene	897	1062	414	497	1099	501
Gm26853	pseudogene	112	99	55	426	187	375
Gm20369	lncRNA	379	1003	256	760	693	170
LOC128925836	protein_coding	1098	1786	1274	1001	1927	742
LOC131380297	protein_coding	328	33	532	137	4	48
Gm32753	protein_coding	1981	4940	121	7	1484	869
Trap1	protein_coding	874	1160	1766	2244	2230	1649
Gm51992	protein_coding	1123	1730	1602	4081	2739	3619
Tceb1l-rs2	protein_coding	2300	1571	1833	1690	1049	1980
4930597L12Rik	protein_coding	9431	64	450	5680	4094	487
Gm39768	protein_coding	518	912	245	498	649	595
LOC131376137	protein_coding	47	40	59	54	44	29
LOC131375216	lncRNA	430	229	167	348	208	326
Cdkl1	protein_coding	2661	907	1209	2115	589	2491
A130019P10Rik	protein_coding	627	307	244	447	472	460
Mir22hg	protein_coding	374	1212	2002	3653	2812	503
Or8g20	protein_coding	963	762	611	707	404	1238
LOC131386237	protein_coding	630	1208	381	1195	978	508
Gm29007	pseudogene	892	2367	1063	1059	592	346
AW050077	protein_coding	2403	1409	2605	2188	1152	1524
LOC131296702	lncRNA	1056	2294	2345	102	315	1217
Gm13378	lncRNA	733	506	1436	658	2250	286
Gm11909	lncRNA	933	1557	184	655	17	2270
Slc3a1	pseudogene	562	2090	2160	1772	1416	1391
Vmn2r73	protein_coding	195	342	295	814	298	678
Pnkd	protein_coding	2388	3733	1485	2659	2987	1559
Gm5418	protein_coding	205	27	117	167	115	288
Otud7a	protein_coding	99	554	384	6	0	3556
LOC131337295	lncRNA	639	435	573	419	153	595
LOC128925964	lncRNA	608	708	1530	1067	1032	1144
LOC132412296	lncRNA	894	858	877	831	689	836
Hjv	protein_coding	122	166	303	181	219	322
Wt3q1	protein_coding	173	46	153	1340	15	324
Gm20304	pseudogene	1303	566	537	651	229	1201
Gm51404	protein_coding	700	1353	538	836	707	753
Gm52601	protein_coding	517	1295	442	2047	573	2762
LOC131392322	pseudogene	1025	527	533	499	949	1146
Ints11	protein_coding	161	259	314	250	401	107
Xndc1	pseudogene	226	915	484	604	705	946
4930554P06Rik	protein_coding	299	219	769	245	429	186
LOC131295291	protein_coding	302	7	19	391	140	1115
D4Mit253	protein_coding	2093	1374	2800	2371	3145	1482
LOC131373569	pseudogene	1225	1231	1132	1847	1642	2025
LOC131374129	pseudogene	354	605	490	349	601	263
LOC128924999	protein_coding	2063	249	2009	17	1391	516
LOC131379445	protein_coding	610	322	513	1228	841	698
Gm2559	protein_coding	272	493	592	305	872	306
4930577H14Rik	protein_coding	1501	1103	185	282	598	1298
AW413774	pseudogene	694	771	260	1118	1301	161
Gm35961	lncRNA	673	791	1353	1052	1216	1313
Ncapg	protein_coding	971	521	1915	1334	742	1490
Fth-ps3	protein_coding	238	497	57	232	228	482
LOC132412893	lncRNA	603	839	703	1550	568	783
Gm53778	lncRNA	2036	4407	1813	484	1664	930
Iapt20	pseudogene	101	280	166	250	150	180
D9Mit351	protein_coding	455	239	239	275	205	218
4930573O21Rik	lncRNA	1049	1240	734	858	684	1128
Disp1	protein_coding	838	468	454	770	315	812
LOC131371418	protein_coding	2024	990	439	2321	1948	611
LOC131297203	pseudogene	2791	885	2988	954	1473	2241
Bmpr1a	protein_coding	1082	1011	441	562	1468	1120
D11Mit136	lncRNA	126	198	444	143	326	352
LOC132410120	protein_coding	4759	3170	3353	1038	827	428
Bodw3	protein_coding	688	701	1291	213	1253	240
LOC131379078	protein_coding	427	79	334	536	341	713
Gm32315	protein_coding	201	139	263	48	257	195
LOC131377269	protein_coding	223	345	545	258	162	270
Espq4	protein_coding	432	203	709	154	306	109
LOC132408211	protein_coding	386	258	272	839	316	1023
Gm35329	pseudogene	660	981	817	1940	488	1075
LOC131388444	protein_coding	779	933	990	1210	800	1106
Uxs1	pseudogene	814	210	503	137	200	36
Gm54225	lncRNA	786	2740	3100	7192	713	4479
LOC132410009	protein_coding	2057	1228	663	489	672	526
1700034G24Rik	protein_coding	237	820	286	405	1237	245
Gm4263	protein_coding	207	760	587	391	822	483
Srgap2	protein_coding	1860	824	1424	681	2260	447
Scgb2b31-ps	pseudogene	310	48	129	118	103	218
Gm14727	protein_coding	941	566	636	4179	1410	1176
Iapls1-8	lncRNA	237	116	603	273	693	586
199O21-Sp6	protein_coding	294	195	317	424	393	238
D5Buc11	protein_coding	448	1356	337	1978	278	967
D5Nam12	protein_coding	470	972	1345	211	1299	1656
Gm19152	protein_coding	3875	638	2329	754	926	1271
Gm9290	protein_coding	355	566	74	191	224	224
LOC110120423	pseudogene	860	549	594	632	1138	674
Gm39525	lncRNA	1897	2618	977	3233	2087	1520
Gm19118	lncRNA	36	1589	1336	0	415	22
Gemin2	protein_coding	3229	2668	2516	2492	2194	2506
Gm38293	protein_coding	1513	678	1008	1243	829	658
Hmgb1-ps4	protein_coding	714	588	1532	420	419	128
Gm49186	protein_coding	462	90	402	182	275	982
LOC132442775	protein_coding	322	27	14	122	350	85
LOC131386642	lncRNA	610	157	83	879	1261	213
LOC131296771	protein_coding	1294	623	557	325	518	439
Gm22599	lncRNA	679	1345	1059	557	2062	953
LOC128927996	protein_coding	334	459	416	2371	444	1816
tda3	lncRNA	1367	1029	1167	1128	1767	1151
LOC131389625	pseudogene	664	977	1193	1660	89	794
Gata3os	protein_coding	569	1032	679	768	1036	561
LOC131372133	protein_coding	3917	3253	1986	744	1187	2123
Gm35814	protein_coding	258	104	192	344	234	239
LOC131375739	protein_coding	123	882	138	495	1052	383
LOC132440653	pseudogene	677	11	1106	281	291	530
n-TSgct7	protein_coding	130	1120	611	1083	1990	1256
LOC131379860	protein_coding	833	1532	1207	719	964	1248
LOC131296017	protein_coding	160	390	264	215	365	239
Rtel1	protein_coding	952	505	3087	240	1873	451
Anp32e	protein_coding	129	224	440	271	779	438
Gm12381	pseudogene	89	39	207	133	161	193
Samd9l	protein_coding	473	1529	662	1008	1259	1458
LOC131377758	pseudogene	374	433	124	131	1428	974
LOC132409943	protein_coding	989	966	2161	572	770	373
LOC131378998	pseudogene	105	220	117	316	552	151
LOC128926610	protein_coding	2989	1717	977	736	1373	2014
T(X;7)5Rl	lncRNA	424	239	555	579	469	995
LOC131296711	lncRNA	391	63	350	1381	146	380
Gm54098	protein_coding	1061	1215	1037	936	1349	1289
LOC132442348	lncRNA	1558	947	1760	825	428	171
TelYp	protein_coding	470	805	624	584	343	386
LOC131391313	protein_coding	372	297	208	1482	472	1209
Lbn7	lncRNA	0	886	104	81	97	30
Gm53364	protein_coding	954	512	1527	7322	2287	3209
AA986860	protein_coding	868	588	751	1262	956	1556
n-TKctt30	protein_coding	142	2382	540	1111	554	2723
Nrtim1	pseudogene	895	1034	349	836	371	567
Rpl10a-ps3	protein_coding	815	796	1844	216	908	1044
Tbc1d17	protein_coding	209	91	376	198	1074	501
Or9g3	protein_coding	1142	1649	1568	5115	2209	1908
Gm23676	pseudogene	718	776	221	109	798	647
LOC131296454	protein_coding	56	28	276	138	0	0
LOC131371547	protein_coding	790	2302	2461	791	380	1433
Tfdp1	protein_coding	627	323	186	192	221	70
LOC131386854	pseudogene	1044	984	495	2465	243	1949
Gm11411	protein_coding	755	477	768	298	590	727
Gm17590	protein_coding	2042	1624	1555	1781	831	2269
LOC132408641	protein_coding	541	1288	325	1473	1244	2141
Zfp366	protein_coding	11	64	2	159	66	114
LOC128926727	protein_coding	133	399	138	527	646	382
AA545197	lncRNA	958	1109	1197	731	1052	932
LOC131389080	protein_coding	751	234	546	232	141	206
Fndc4	protein_coding	350	903	300	89	464	535
LOC131390716	protein_coding	787	273	676	993	418	1229
A330043J11Rik	protein_coding	992	2434	1698	1643	2189	575
LOC128926481	protein_coding	553	379	972	167	609	440
Skmw15	pseudogene	1217	716	990	1346	436	767
LOC131339907	protein_coding	627	125	354	657	117	455
LOC132411745	protein_coding	941	1604	3952	1788	1220	890
Lynx1	lncRNA	513	316	258	477	77	931
Rps18-ps3	protein_coding	560	323	561	878	1538	711
Gm34771	protein_coding	404	68	410	335	974	281
Gm14280	protein_coding	2675	3468	3726	710	2093	2645
LOC128927918	protein_coding	462	828	454	660	659	444
Hmgn1-rs18	pseudogene	3424	6032	1619	255	1966	1682
Paqr5	protein_coding	827	1039	773	153	370	1050
Gm7605	lncRNA	140	476	358	482	303	376
Grwtj1	protein_coding	2336	335	625	1064	2668	784
LOC131337660	protein_coding	357	760	156	550	694	764
Gm51528	lncRNA	519	518	755	1414	596	560
LOC132442888	protein_coding	506	604	575	1139	412	571
Gm29853	protein_coding	511	535	981	795	409	924
LOC132410781	protein_coding	1215	1097	1170	367	367	447
LOC128925735	pseudogene	207	290	219	255	158	218
Gm8387	protein_coding	945	580	865	866	106	460
Fscn2	protein_coding	118	118	102	248	161	89
Gm30851	protein_coding	2494	1166	1596	2319	1799	1587
DXMit54	protein_coding	553	782	1316	1073	863	1053
Gm22006	protein_coding	1221	1971	2118	3541	2134	1550
Gm24384	lncRNA	3457	1480	4892	5115	4339	1922
LOC131372680	protein_coding	1293	0	0	2	13	6
Gm12663	pseudogene	256	53	432	174	42	25
LOC132444719	protein_coding	830	8076	7618	5036	2375	5199
Nrep	protein_coding	732	509	2283	1325	983	2993
Gm30638	lncRNA	354	1105	596	1147	869	1207
Gm14240	protein_coding	443	1223	568	719	1598	904
Gpx2	protein_coding	65	982	386	660	373	752
DXMit39	lncRNA	1674	2059	1639	1889	1087	2789
Vmn1r91	lncRNA	856	366	1669	1528	1909	2093
Hoxb3	protein_coding	2017	923	398	705	789	1891
LOC131379987	pseudogene	1341	1255	2480	436	1263	1683
Il36b	protein_coding	813	1160	1809	1100	292	1989
Gm32537	lncRNA	618	0	4	0	20	550
LOC131373240	protein_coding	375	185	302	95	166	23
Tsnax	pseudogene	479	710	1315	1136	118	992
LOC131297858	protein_coding	784	1038	377	756	654	1021
LOC131379478	protein_coding	770	508	1141	2528	924	1026
Gm9294	protein_coding	1146	1251	1021	1718	1065	756
Gm41657	protein_coding	637	1322	319	782	636	1103
Rpl19-ps3	protein_coding	1093	835	507	1053	537	1102
Gm25097	protein_coding	250	1566	646	731	739	319
LOC109279863	protein_coding	677	714	684	1314	856	1285
LOC132412351	protein_coding	131	75	245	191	117	137
Slc6a11	pseudogene	344	1165	1270	787	249	189
Gm46742	protein_coding	1456	583	802	766	537	652
Gm6786	protein_coding	1297	2596	824	302	1677	377
Pgbd5	protein_coding	399	2229	1216	7141	5590	1461
AU015734	protein_coding	383	505	290	52	706	649
Gm35112	protein_coding	2508	1333	827	1430	1437	1585
Btbd8	lncRNA	150	611	287	270	322	436
Gm15843	protein_coding	874	3099	2144	925	2396	1565
LOC131375696	protein_coding	108	261	430	292	85	873
LOC128926253	protein_coding	878	481	320	426	667	472
D9Mgc45e	protein_coding	2697	1246	1375	1673	2051	431
D830013H23Rik	pseudogene	1033	891	707	1225	1821	1320
Gm51472	pseudogene	440	678	298	254	305	965
Gm40709	protein_coding	1520	786	1465	962	1065	1323
Gm19471	pseudogene	302	107	541	16	1	438
LOC131374645	protein_coding	1464	973	1235	651	256	699
Gm28722	protein_coding	658	922	635	1527	864	2608
Gm7181	lncRNA	52	56	87	49	91	129
Mob4	protein_coding	132	1408	1492	2701	1471	408
LOC131372059	protein_coding	491	1016	781	587	1141	1291
Gm7153	protein_coding	128	145	413	196	188	39
Rb(10.12)5Lub	pseudogene	1793	1839	1572	1355	1423	820
LOC131388556	protein_coding	421	480	579	716	566	1611
Gm2141	protein_coding	2041	824	503	104	1078	788
Nt5el	protein_coding	1195	939	1164	1305	2867	1322
Bglu2	protein_coding	931	2451	3524	1218	364	2393
LOC131386387	protein_coding	1149	847	998	1263	135	855
LOC132411100	lncRNA	401	582	679	244	102	148
9030408N04Rik	protein_coding	2048	1462	480	1358	625	189
LOC131340101	pseudogene	58	110	129	44	11	88
LOC131296494	pseudogene	412	533	346	907	569	635
Gm30974	protein_coding	1310	0	1216	18	1643	2
Tsen2	protein_coding	1725	1338	1622	2085	1497	1448
H2ab2	protein_coding	918	1735	1215	988	770	769
LOC131384862	protein_coding	1433	438	753	353	242	724
Ms4a4c	protein_coding	288	406	536	356	306	255
Gm12371	protein_coding	42	454	1709	264	1028	1747
Gm2759	protein_coding	1064	1545	2097	2529	1786	1883
LOC132410468	lncRNA	103	263	942	162	443	658
Gm18399	protein_coding	583	653	317	463	1198	437
LOC132412392	protein_coding	627	617	422	749	444	229
Fbxw13	protein_coding	316	151	581	601	303	121
LOC131295960	protein_coding	562	314	58	525	507	194
Gm57647	protein_coding	800	1313	232	1087	1640	753
T(7;11)65H	protein_coding	1099	719	1620	2045	1260	212
Gm30673	protein_coding	298	954	1112	1255	400	1604
Ccdc184	protein_coding	221	438	164	680	426	1007
LOC131374570	pseudogene	571	747	527	474	428	1237
Mir3072	protein_coding	144	105	258	172	119	118
LOC131373724	pseudogene	187	151	227	222	288	235
Gm11587	protein_coding	1638	2609	887	2675	2818	46
Ccdc120	protein_coding	393	340	786	738	530	363
LOC128925915	protein_coding	808	506	205	467	673	556
LOC131385933	lncRNA	778	627	3874	387	16	1552
Amtn	protein_coding	921	4117	1088	3720	766	825
LOC132442532	protein_coding	532	0	503	2250	239	217
LOC131380414	protein_coding	3331	2439	2852	3464	1527	2698
LOC131378319	protein_coding	211	285	341	493	754	108
Gm41932	protein_coding	1012	1603	1637	4219	3607	3627
T(5;12)31H	protein_coding	75	83	84	85	120	11
LOC131385914	protein_coding	2063	1280	961	988	1733	749
LOC131378201	protein_coding	166	1383	528	532	1139	1116
1810017P11Rik	lncRNA	1548	741	333	572	1423	1148
Gm38623	protein_coding	521	533	352	299	93	274
Gm7612	lncRNA	786	1932	117	2090	1580	230
AI132709	protein_coding	38	16	83	25	41	7
LOC132442157	pseudogene	2121	1162	640	1325	1358	1325
2310075M01Rik	lncRNA	4139	2624	1628	2207	2756	2044
Celf4	protein_coding	425	1691	1765	1315	1691	1893
Mpmv5	lncRNA	1165	769	330	82	126	139
Ck-ps2	protein_coding	146	201	154	80	123	87
LOC131295499	protein_coding	486	1106	399	1206	878	1028
Or5b12	protein_coding	4321	1708	2102	2099	3731	1397
LOC131390085	protein_coding	652	711	785	598	827	661
Gm13417	lncRNA	913	326	1112	925	557	161
Phyhipl	protein_coding	308	566	135	83	68	423
Foxf1	pseudogene	260	657	192	487	389	271
D8Mit348	protein_coding	299	463	416	350	98	717
Gm7575	lncRNA	2745	204	113	1319	4533	1000
LOC131387480	protein_coding	2704	577	972	951	3066	3637
LOC131340725	pseudogene	125	1558	271	304	30	554
LOC131339693	protein_coding	757	823	356	209	492	319
Gm18425	protein_coding	341	1074	1305	526	416	357
LOC131386797	protein_coding	239	438	1384	413	795	477
Gm31608	protein_coding	902	724	973	875	613	914
LOC131336913	protein_coding	180	534	216	349	120	154
LOC132409983	protein_coding	1999	6818	3482	675	1433	4125
LOC131339485	protein_coding	811	1412	1382	1651	1441	1564
LOC131392026	pseudogene	6	218	374	353	704	1027
LOC118567709	protein_coding	72	11	218	196	236	115
Mir758	lncRNA	1586	399	1450	2051	365	856
Gm3096	protein_coding	294	356	610	908	401	580
Gm22290	protein_coding	5	702	8357	289	1525	7293
Ghr	lncRNA	2478	939	4174	317	4060	1062
Or1e33	protein_coding	1376	1314	1105	1450	1545	602
A630089K24Rik	protein_coding	615	1840	1156	1908	3172	1523
LOC128926059	protein_coding	622	745	469	398	224	3067
Pou4f1	pseudogene	546	809	1034	495	402	462
LOC131373661	protein_coding	194	302	125	204	56	144
LOC131341446	protein_coding	672	1019	791	564	1122	1141
Gm32803	protein_coding	30	16	43	103	77	182
Gm40171	protein_coding	4640	2508	2438	2532	4121	1739
LOC131375014	protein_coding	134	159	244	209	283	315
Gm2795	pseudogene	521	981	2155	1925	490	704
LOC131389105	lncRNA	467	600	175	276	284	812
Maf1	protein_coding	876	200	256	1301	289	651
Etohcta4	protein_coding	1168	1379	673	585	182	172
Gm8094	lncRNA	1732	1205	930	628	1039	1070
T(X;12)13Rl	lncRNA	1327	924	5158	841	1131	151
Bglq14	protein_coding	739	406	606	540	577	500
LOC131378452	protein_coding	179	325	400	254	101	248
Ticam1	protein_coding	5569	1106	2027	2688	1317	897
AU022526	protein_coding	2563	1024	605	3599	707	240
D16Mit113	protein_coding	446	3408	435	1719	520	98
LOC109280009	lncRNA	412	2972	390	652	1885	1006
Pscr1	protein_coding	545	284	423	364	553	272
LOC132408363	lncRNA	161	37	222	1059	328	168
Lrmda	protein_coding	806	890	395	519	613	481
Zfp608	lncRNA	620	783	301	1463	74	235
LOC131379006	protein_coding	483	758	608	799	272	427
Gm18331	protein_coding	1275	2240	2309	6124	5748	5450
LOC132444138	protein_coding	0	0	0	0	0	0
Iapls3-24	protein_coding	1944	750	1898	375	1203	2548
LOC132411021	protein_coding	1040	2081	1948	1583	1361	1494
LOC131339581	protein_coding	132	143	552	429	73	811
D18Mit152	protein_coding	1138	1572	1474	407	2032	731
Gm10444	protein_coding	479	1460	1318	1537	1175	1398
LOC132411453	pseudogene	448	633	624	199	569	1005
LOC128924323	protein_coding	1437	2249	2727	1768	2196	1540
Mtf1	pseudogene	627	1602	1196	496	1533	3122
Gm2020	pseudogene	1890	746	539	955	979	1163
Suv39h1	protein_coding	947	1169	1062	1138	629	963
Femwf8	protein_coding	665	692	1512	1444	840	501
Tcra-V19.2	pseudogene	965	999	869	1288	530	905
Gm1330	protein_coding	46	576	840	483	480	650
LOC131377506	protein_coding	1586	861	279	690	511	1615
Tsv	lncRNA	523	1175	400	332	764	1026
LOC132410555	protein_coding	1302	1240	1803	2541	2090	930
Gm19123	protein_coding	655	1008	948	4097	1188	541
Qd	protein_coding	1091	1235	1062	3114	917	1065
LOC132444948	protein_coding	357	608	1007	415	441	257
Gm34133	protein_coding	2829	700	2195	212	4667	568
Gm29734	pseudogene	960	1258	972	655	637	1078
Gm23570	protein_coding	2347	1115	1294	2783	1586	1417
LOC131386920	protein_coding	670	1192	1226	1010	1788	2366
LOC132409780	protein_coding	693	371	60	558	248	2114
Gm39526	protein_coding	1980	2190	1792	616	352	1061
LOC131295921	pseudogene	650	542	309	306	1018	791
Scfq2	protein_coding	1747	2599	2567	1282	1861	849
Or4d2	pseudogene	326	171	365	167	552	318
Mreg	protein_coding	179	483	409	309	854	296
LOC132445076	lncRNA	2	146	84	113	112	57
LOC131337488	protein_coding	1083	610	1020	973	1388	964
Gm40309	lncRNA	234	102	40	114	194	30
Bwtn4	protein_coding	1083	2278	1582	3594	2227	2930
LOC131338719	protein_coding	191	91	128	119	95	68
Igk-V1	lncRNA	1525	1905	1018	779	1091	1342
Mar1	protein_coding	116	364	497	201	145	285
Ms4a4b	pseudogene	562	443	677	846	1236	1738
Gm33479	protein_coding	510	447	525	420	487	728
LOC131376025	pseudogene	50	71	224	64	165	37
Nup62cl	protein_coding	506	551	1059	461	247	166
Mien1	protein_coding	139	337	179	140	382	276
Gm51600	protein_coding	1239	632	1942	1749	1043	931
Gm32867	pseudogene	555	1082	377	474	522	1194
Gm24305	protein_coding	1374	737	510	157	780	1138
Gm53874	protein_coding	514	763	782	469	790	500
LOC131373157	pseudogene	388	515	429	292	325	343
LOC132411145	protein_coding	33	254	210	106	265	66
Or5b94	pseudogene	252	197	230	373	253	302
Gm4796	pseudogene	378	691	521	779	347	1079
Sppl2b	lncRNA	1168	598	803	1350	846	2362
Gm41421	protein_coding	755	1097	513	876	203	751
D1Dau30	protein_coding	149	93	64	328	599	39
D12Mit283	pseudogene	1593	706	874	2250	1601	1935
LOC131337390	protein_coding	387	364	220	205	613	224
Or1e19	protein_coding	437	261	388	303	322	302
Eps8	pseudogene	1295	1583	459	327	925	746
LOC131379245	protein_coding	980	1146	1063	925	747	1330
LOC131338809	protein_coding	1441	664	721	1082	892	2126
LOC131341912	protein_coding	832	25	128	573	1061	786
Lyrm7os	protein_coding	407	229	468	509	524	595
Gm25650	lncRNA	777	809	974	100	120	431
Ints9	protein_coding	528	625	617	1763	3732	916
LOC128927836	protein_coding	540	1927	505	1319	493	607
Stip1	protein_coding	168	1041	2621	1446	1969	482
LOC128925117	lncRNA	432	350	250	554	576	308
Gm22260	lncRNA	1908	5164	76	607	3562	1454
LOC132411876	protein_coding	1273	258	307	1787	977	130
LOC132408529	protein_coding	324	442	427	380	539	377
4930541O19Rik	protein_coding	1279	1755	1225	1997	1975	2414
Gm34939	lncRNA	232	349	142	86	287	206
Gm19306	lncRNA	1753	3001	325	1148	2091	824
Epn1	pseudogene	3078	1238	2113	1349	3907	2134
Gm20931	protein_coding	813	326	449	214	843	277
LOC131388573	lncRNA	951	301	584	382	695	931
LOC131377485	protein_coding	340	430	76	278	114	367
Si5lq2	protein_coding	904	946	1499	1008	692	1265
D18Mit193	protein_coding	2015	3669	2608	417	1647	4236
Mohg1	protein_coding	449	1244	179	1545	499	1334
n-TEttc1	lncRNA	3362	1305	817	603	1270	272
LOC131338186	protein_coding	553	2033	3383	3387	6212	188
LOC131391018	protein_coding	489	203	255	121	351	549
1500032F14Rik	protein_coding	409	879	1159	516	489	808
B545C9T	protein_coding	1473	299	160	829	507	1284
LOC131375780	protein_coding	593	1898	1747	3922	183	528
LOC128926685	lncRNA	772	1251	242	1520	268	842
LOC132410300	lncRNA	337	775	672	2051	512	1941
Sorbs1	lncRNA	650	1742	1900	1907	2146	2324
Rab36	protein_coding	323	1	1035	350	341	5
LOC131385759	lncRNA	4191	2527	4945	13863	10926	10092
LOC128924902	protein_coding	75	67	69	41	90	173
Hrtfm5	protein_coding	490	614	884	331	237	295
LOC131379793	lncRNA	872	207	533	283	778	301
Gm35775	lncRNA	1925	2445	110	322	749	3096
6720454L20Rik	pseudogene	174	199	58	180	50	250
Cd8mts4	protein_coding	2374	1247	1507	4245	3267	3683
LOC128924966	protein_coding	439	518	3733	508	1307	1394
Gm2038	protein_coding	627	996	1060	560	613	541
LOC131375761	protein_coding	62	71	308	124	111	236
LOC132442070	pseudogene	3	1226	68	97	78	99
Leat1	protein_coding	1020	1202	939	878	1247	440
Ighv2-2	protein_coding	25	7852	4	888	2070	3996
Gm12817	protein_coding	371	188	135	54	203	43
LOC132442687	lncRNA	2160	1388	1985	1367	1595	1507
Gm36401	protein_coding	231	730	719	557	356	594
Gm41149	protein_coding	682	829	601	504	1926	825
Traf3	protein_coding	2168	1960	1361	563	802	516
LOC132443540	protein_coding	541	556	935	345	285	406
Igkv8-34	protein_coding	359	559	742	812	1759	511
LOC110120552	protein_coding	6922	1150	2634	2278	1292	4601
LOC131376082	protein_coding	1773	4081	1066	3653	1504	2932
Gm8633	protein_coding	615	1188	1030	407	392	468
Or14j3	protein_coding	3496	1776	2378	1913	787	1672
Marchf4	pseudogene	2775	881	2165	1774	3159	988
Gm52479	lncRNA	2590	1173	2515	1316	2019	1848
Map4k1	protein_coding	673	571	138	1489	3200	2921
LOC131295855	protein_coding	1299	1051	893	1347	771	1375
LOC131376831	protein_coding	645	1886	1782	979	635	371
Mark1-ps3	protein_coding	1027	354	4170	185	2986	109
A430088P11Rik	protein_coding	1903	975	1340	1837	953	2030
LOC132444907	protein_coding	427	700	1076	1520	789	213
Rnf208	protein_coding	483	329	715	1201	985	136
Gm40471	lncRNA	2197	2521	2065	1520	2643	3001
E530001F21Rik	protein_coding	1165	1149	1674	1391	1477	1886
Oat-rs2	protein_coding	974	1751	1622	734	629	263
LOC131371997	protein_coding	1184	939	821	185	2971	3006
In(15)21Rk-p	protein_coding	757	1464	1220	1545	1506	876
D1Mit407	lncRNA	343	195	172	461	202	132
Dp(7)1H	protein_coding	681	762	1415	636	1000	557
LOC131371383	protein_coding	891	738	1128	491	942	1334
Gm9530	protein_coding	26	113	48	73	39	71
Odc-rs17	pseudogene	454	503	265	390	401	642
LOC131337989	protein_coding	640	1004	146	113	233	633
LOC131297489	lncRNA	930	520	5978	4720	6365	914
Gm10222	protein_coding	1464	2507	776	1930	757	828
LOC131296074	pseudogene	2645	817	1737	531	2217	1388
LOC132409210	pseudogene	513	68	135	261	166	87
D7Mit205	protein_coding	682	1369	1059	518	353	367
Gm32838	protein_coding	900	655	642	2231	968	1765
Gct1	protein_coding	671	795	1094	583	212	365
Fbxw18	protein_coding	382	1509	181	919	489	428
Traj54	protein_coding	529	634	1302	527	2371	1834
Lfq2	protein_coding	267	580	73	407	549	605
Gm30283	protein_coding	894	29	1047	186	14	568
LOC132442142	protein_coding	772	2649	684	477	1534	643
Tauph	protein_coding	99	342	1397	49	77	211
Selenow	pseudogene	1445	922	675	532	170	1970
Abitram	protein_coding	2068	2654	2702	190	2223	1005
Gm39685	protein_coding	3276	2013	122	124	1863	230
Gm33380	protein_coding	1228	54	634	496	792	1179
Ighv8-10	pseudogene	814	920	1700	1203	679	542
1500009L16Rik	protein_coding	212	356	559	279	327	566
Rps2-ps10	protein_coding	597	2035	292	665	701	825
Gm16001	lncRNA	1892	2021	1000	3897	3617	805
4832406H04Rik	protein_coding	540	418	823	310	578	271
Semp2l2a	protein_coding	1190	1435	1409	2375	1564	815
Haus1	protein_coding	30	33	42	28	11	18
Ccdc7b	protein_coding	769	467	569	1022	342	568
Fmtq6	lncRNA	594	496	415	545	661	654
Gm40070	protein_coding	294	462	445	453	569	490
Snx30	lncRNA	448	65	60	54	170	66
LOC132444342	protein_coding	742	792	1492	1090	570	1248
Gm40334	protein_coding	246	406	295	432	284	408
LOC131295495	protein_coding	386	151	869	148	472	775
Gm29681	lncRNA	248	210	757	292	624	383
LOC132443135	protein_coding	473	254	179	414	492	373
LOC132408283	protein_coding	2599	963	368	598	2581	790
LOC128926971	pseudogene	2298	1143	1874	1950	3101	1378
4930546K05Rik	pseudogene	459	374	313	529	1425	438
Mxd4	protein_coding	657	562	1080	354	618	592
Gm17762	protein_coding	3231	1091	1266	2057	573	1021
Gm12915	protein_coding	5970	2161	0	2	20	22
LOC132441212	protein_coding	4184	2920	2749	2860	1513	554
Gm5298	protein_coding	266	380	216	601	271	700
LOC132442682	protein_coding	2114	3514	1046	1071	454	1688
Vcam1	protein_coding	1228	1354	955	960	653	1119
LOC132440560	protein_coding	842	2330	1008	686	1169	486
Tsp9	protein_coding	576	1893	577	839	1719	1564
Mdm4-ps	lncRNA	296	113	166	115	391	207
LOC131379502	lncRNA	287	1188	808	762	282	793
LOC132408106	lncRNA	1570	1003	1078	1912	4415	2250
Gm46598	protein_coding	1254	976	929	515	1279	1214
Dach2	protein_coding	1036	1334	1577	973	990	925
Nrg3os	protein_coding	2364	121	1457	2422	3906	1120
Femwf5	lncRNA	744	832	1255	665	1207	647
D10Mit55	protein_coding	1946	2699	1420	603	923	1673
6030400A10Rik	protein_coding	768	119	498	1191	2193	1334
Upf2	protein_coding	690	518	329	1009	213	799
Zyx	protein_coding	5772	2727	3755	4390	1539	2585
LOC132410255	protein_coding	82	41	125	53	78	69
LOC128924988	pseudogene	836	410	226	902	604	539
Tnfsf13	protein_coding	1708	798	441	378	1185	1343
LOC131376709	protein_coding	3021	4024	2658	1112	2724	2002
Myaa1	protein_coding	1829	7450	1541	984	2790	2679
Rpl36-ps2	protein_coding	905	3415	2184	452	387	1440
Gm5217	protein_coding	2090	4111	1091	1293	3495	2502
D13Mc1	protein_coding	1034	1213	469	1138	616	255
LOC132411935	protein_coding	771	1074	1768	1317	1086	1216
Anapc15	protein_coding	268	1104	123	160	760	224
LOC131341023	protein_coding	64	613	1257	618	798	582
LOC128927189	protein_coding	7721	7043	3446	23665	467	6445
Gm40053	protein_coding	371	115	2256	411	992	372
8430431K14Rik	pseudogene	654	952	2915	989	1925	1110
Gm41795	protein_coding	189	70	449	335	339	447
LOC111188155	lncRNA	425	435	23	74	751	218
Gm11980	protein_coding	187	195	175	125	120	155
n-TMcat6	protein_coding	1	492	690	52	5	6313
LOC132408880	protein_coding	294	95	67	17	155	917
LOC110740345	protein_coding	410	656	129	544	1694	2017
LOC132408657	protein_coding	146	136	277	280	209	141
Prox1os	pseudogene	415	876	141	2820	422	2526
LOC132443055	protein_coding	677	1497	503	1764	808	1298
LOC132444207	lncRNA	1141	737	867	655	2919	2044
D13Mit163	protein_coding	483	237	662	586	402	162
Btf3	protein_coding	925	1040	588	1160	741	652
LOC131374856	protein_coding	497	444	720	873	1987	532
Mir142hg	lncRNA	1523	3387	4146	1892	1505	2624
Pou2af3	protein_coding	4	286	27	26	4	5
Supt20-ps	lncRNA	400	243	885	602	922	1707
Grm5	protein_coding	495	987	1106	610	480	700
Ba2	protein_coding	22	178	21	308	37	175
LOC131372516	protein_coding	823	1097	994	195	592	726
Gm41403	protein_coding	576	1275	974	835	1193	792
LOC131386622	protein_coding	207	393	411	248	249	320
4833419G08Rik	protein_coding	991	1296	1168	1265	863	1382
Ndst4	pseudogene	1572	747	1778	840	465	1184
E030013I19Rik	protein_coding	35	201	107	40	16	215
LOC132441158	protein_coding	24	17	309	30	42	50
Igkv5-43	lncRNA	640	1773	1818	3316	2838	5742
LOC131296160	protein_coding	51	422	110	605	69	141
Or7d12-ps1	protein_coding	434	350	303	358	221	248
Frct5	protein_coding	1091	1498	538	1166	1501	2496
Rrodp1	protein_coding	1796	1053	1434	2466	3377	1433
Setd6	protein_coding	587	943	1483	223	367	392
LOC131371676	protein_coding	3892	4358	2645	2487	1977	3091
D10Jhu49	protein_coding	296	1575	387	877	2293	1681
LOC131340663	protein_coding	1708	509	589	641	1744	888
LOC131386945	lncRNA	2102	1017	933	144	1214	398
LOC131339445	protein_coding	818	866	1153	880	1939	496
Gm34874	protein_coding	280	977	545	634	425	808
Gm42012	protein_coding	2663	2664	4000	2747	3078	2262
LOC131340024	protein_coding	1851	1283	923	1174	1137	1601
LOC114827938	protein_coding	574	1079	802	717	399	595
Gm30765	protein_coding	841	907	1181	932	784	435
Gm2155	protein_coding	913	827	964	474	232	335
Gm12829	lncRNA	1832	295	437	258	1329	294
D15Mit44	protein_coding	107	72	127	180	87	151
B230104C14Rik	protein_coding	157	192	244	287	102	227
Gm30905	protein_coding	1306	1199	472	1800	1185	699
LOC131339585	protein_coding	739	482	1019	893	988	1726
Tlf	protein_coding	801	1405	1604	706	2203	833
Gm38597	protein_coding	376	208	447	807	300	244
Ndufaf3	protein_coding	947	1616	1263	796	953	2579
Gm26502	protein_coding	983	980	1210	2486	549	223
LOC131372149	protein_coding	294	104	541	351	278	282
LOC132408414	protein_coding	1195	1885	1194	2380	1013	1416
LOC131297707	protein_coding	1012	3137	1912	1996	3233	1885
Or13g1	protein_coding	518	1107	2120	798	682	892
Gm53389	pseudogene	524	1620	67	177	232	599
LOC131339540	lncRNA	315	339	423	356	342	311
LOC131295825	protein_coding	496	720	732	379	294	545
Gm34382	protein_coding	1418	1209	1933	681	1450	1075
LOC128925144	protein_coding	882	562	3556	2579	932	662
LOC131377285	protein_coding	3075	2603	2038	3488	2083	1891
Klf13	protein_coding	244	402	438	507	72	354
Gm39710	pseudogene	1369	1356	1247	813	1065	705
Gm8250	protein_coding	2397	1414	2750	1216	850	703
Or52r1	protein_coding	351	357	313	346	168	265
Mir8117	protein_coding	605	133	292	1531	1947	389
LOC131339794	protein_coding	1663	1349	1967	1922	1834	1206
C630031E19Rik	protein_coding	241	432	273	346	194	812
LOC131386218	protein_coding	3631	726	963	4740	3385	1770
LOC131341096	protein_coding	1475	1074	411	1637	1215	578
Gm54031	pseudogene	1225	2961	3317	2663	787	2151
LOC131376392	protein_coding	290	280	487	187	346	287
LOC132442896	lncRNA	1208	1043	1447	2233	1841	4863
Gm39599	protein_coding	117	2144	1321	691	487	1204
D5Buc8	protein_coding	1411	479	506	202	1189	1080
LOC131338054	protein_coding	261	1589	333	836	842	731
LOC131374436	protein_coding	404	477	239	589	323	337
LOC128927788	pseudogene	133	135	379	142	127	221
LOC132409275	protein_coding	653	500	922	497	1080	301
Del(17)1t<w18>-p	protein_coding	850	1137	513	1822	364	837
Bgeq2	protein_coding	1784	6496	2678	537	2089	2179
LOC128924727	protein_coding	1281	1544	1022	1083	1811	2650
Dpys	protein_coding	442	102	349	382	353	1108
LOC128927511	protein_coding	16	0	398	542	1	0
LOC128927767	protein_coding	2097	810	386	1271	434	665
Gm19440	protein_coding	438	344	659	325	485	357
LOC132443862	protein_coding	343	735	793	105	1001	234
LOC131340611	protein_coding	904	1951	773	2399	635	651
Mmtg2	pseudogene	1036	767	1650	1143	1074	734
AU018705	protein_coding	2182	1757	3025	1369	2312	1702
LOC131379752	protein_coding	668	799	764	630	665	862
LOC131388532	protein_coding	1532	1554	2691	633	706	2513
Gm34122	protein_coding	2230	630	3031	1873	2514	2636
LOC131296809	lncRNA	110	245	155	88	210	95
Atf7ip2	protein_coding	2376	2635	1548	215	1139	553
LOC128924366	protein_coding	249	243	408	468	589	300
Ighv14-1	protein_coding	693	761	678	233	1056	835
LOC132444067	protein_coding	263	193	218	471	800	239
Spatc1l	protein_coding	366	745	459	1219	794	1154
LOC131374137	lncRNA	645	4440	1444	200	2845	1013
LOC131371738	protein_coding	1180	1290	2150	1397	1237	1347
Apex2	lncRNA	544	2735	3478	1200	2341	1419
Gm22380	protein_coding	806	412	731	502	515	729
Gm5886	protein_coding	254	29	518	648	491	350
1110008E08Rik	lncRNA	1730	1162	1177	1594	865	952
LOC132410817	lncRNA	1466	851	634	561	258	1061
LOC132444466	protein_coding	417	420	351	562	462	581
Gm26849	lncRNA	843	372	407	1190	214	934
Vmn1r117	protein_coding	954	501	960	358	212	594
Ankrd12	protein_coding	199	172	49	159	88	278
Igkv12-47	protein_coding	891	938	1688	1182	1644	830
Gm33243	protein_coding	3027	1939	1870	2621	3097	1309
LOC128926743	protein_coding	2637	3109	1907	886	1276	446
Rere	protein_coding	1938	1169	1620	3793	1602	2752
LOC132408986	protein_coding	484	653	1679	1049	850	1021
LOC131341322	protein_coding	2053	951	504	845	1291	1107
Gm31296	protein_coding	1175	2601	478	763	968	1360
Gm21571	pseudogene	695	1890	4030	4242	3468	2934
Gm57838	protein_coding	1418	665	1300	619	235	272
Ftsj3	protein_coding	1313	2411	1882	5197	1433	564
Hook1	protein_coding	2246	1907	1711	176	783	1306
Gm26504	protein_coding	1643	1619	2464	1352	2199	1691
LOC132441546	protein_coding	951	796	1702	543	1538	770
D1Mit121	protein_coding	740	680	786	930	3691	614
Gm7785	protein_coding	2081	396	755	1321	8323	7387
Defb25	protein_coding	348	913	747	376	541	577
Alk	protein_coding	1041	0	34	197	54	175
Tbpl1	pseudogene	92	131	145	103	294	281
LOC100861691	protein_coding	112	172	43	61	295	180
LOC131340203	lncRNA	181	459	192	477	590	288
5830485P09Rik	protein_coding	140	82	105	59	59	52
Gm22614	protein_coding	1787	509	1698	1263	979	715
Gm32900	protein_coding	1670	78	55	53	3614	268
Gm38430	protein_coding	1030	956	2813	2911	2063	1276
LOC131389241	protein_coding	1039	1096	637	217	1519	390
I-ag7	pseudogene	1787	1161	1473	1992	811	1198
Pcdhga6	protein_coding	2164	3508	2110	5591	978	2359
Gm52510	protein_coding	602	864	433	492	780	823
LOC128926541	protein_coding	438	461	543	432	474	278
LOC131387191	protein_coding	369	663	140	818	201	1122
Usp37	protein_coding	109	1411	518	1368	1044	671
Gm35823	protein_coding	61	10	9	430	590	41
LOC131374434	protein_coding	784	1540	184	2275	966	2339
LOC132443766	lncRNA	633	1752	1157	1090	1657	1395
AY358078	protein_coding	537	1061	1280	759	2435	164
LOC131372112	protein_coding	782	1737	2949	3585	4109	866
Air1	protein_coding	574	384	217	488	251	524
LOC131297643	protein_coding	349	143	513	263	249	79
Gm23301	lncRNA	318	335	1209	7398	658	94
Gm41161	protein_coding	5538	2935	30	1514	1489	392
Manz8	protein_coding	554	962	1677	1124	1569	1157
Gm36858	protein_coding	2004	207	744	553	815	1035
D9Ucl1e	protein_coding	1368	1647	1951	1852	679	930
D6Wum12	protein_coding	1113	578	1629	8247	5420	4594
Myo3a	protein_coding	532	243	1314	792	837	660
LOC131388466	protein_coding	1283	152	975	1051	765	285
Gm53412	lncRNA	771	548	115	692	383	1435
C8b	pseudogene	1351	1440	1904	1163	2022	1106
Gm12691	pseudogene	62	4206	22	2092	326	291
Gm46248	pseudogene	1262	1204	631	1182	1706	1486
D17Wsu196e	pseudogene	152	335	633	192	470	1428
Ldha	protein_coding	305	1192	53	1860	708	1575
LOC128926175	protein_coding	4299	693	921	3501	1505	3820
Tpr	protein_coding	724	1485	847	699	392	674
LOC131340399	protein_coding	270	3	172	675	402	153
Gm12679	protein_coding	760	571	355	1495	996	1444
Fap	protein_coding	1190	1462	69	1024	647	1520
Or5p55	protein_coding	1329	369	252	204	643	575
LOC131337743	protein_coding	738	227	2257	773	12	722
LOC131340166	protein_coding	865	636	383	631	1061	1069
Galont	protein_coding	1399	1436	700	1118	684	649
4933417D19Rik	protein_coding	1211	895	312	1125	365	2218
Gm10856	lncRNA	502	418	771	383	431	510
Gm12716	protein_coding	5854	4652	4610	3128	4940	2487
LOC110120420	lncRNA	2832	574	786	24	901	1641
LOC131388449	protein_coding	1386	888	1404	773	2168	999
LOC128924326	lncRNA	1405	212	410	439	81	154
4930556G22Rik	protein_coding	237	19	1147	915	350	723
Mir466d	pseudogene	898	56	968	2126	1455	393
Gm23819	protein_coding	202	215	146	113	148	176
E230006M18Rik	pseudogene	540	222	141	70	124	20
LOC128928003	protein_coding	1603	1167	372	1701	1082	959
Gm54272	lncRNA	513	776	61	862	1634	2024
A930028N01Rik	protein_coding	809	811	757	1324	1099	677
n-TKctt21	protein_coding	1023	621	1130	659	773	958
T(4;7)1Rl	protein_coding	2455	3590	1363	468	861	2522
Vmn1r184	protein_coding	2324	3	330	543	334	703
D2Mit94	pseudogene	64	182	102	57	179	147
LOC132411957	protein_coding	470	511	460	448	119	249
Spag6	protein_coding	373	259	1224	627	468	87
LOC132441889	protein_coding	513	992	790	377	1206	785
Mcc	protein_coding	909	1441	2034	1158	1278	1117
Hcif2	protein_coding	1273	1168	1877	1839	1174	1342
Gm6445	protein_coding	464	279	564	997	558	587
Or4x12	protein_coding	1585	563	1824	1722	887	1984
LOC131296997	protein_coding	2352	3514	621	313	634	1420
LOC131374802	protein_coding	435	1034	1207	393	663	349
E130308A19Rik	lncRNA	1281	2241	761	1033	1193	1076
Spink4	protein_coding	581	699	1302	622	378	474
Gm52195	protein_coding	1527	1851	63	2484	1797	1951
Armcx2	lncRNA	480	806	491	820	620	511
Gm46356	pseudogene	603	359	112	638	610	372
Lfp2	pseudogene	2509	1874	2522	4228	2848	2085
Tnfrsf12a	protein_coding	99	24	164	107	313	44
4930431C11Rik	pseudogene	1098	520	1121	580	1317	933
Mpmv41	protein_coding	2987	1469	1490	928	2848	348
Evi15	protein_coding	431	563	492	789	291	396
LOC131339174	protein_coding	3214	2691	2807	1617	1394	1257
LOC131376262	protein_coding	442	1720	157	191	404	235
Ptpn7	protein_coding	748	8779	3246	1347	54	2034
LOC109279846	protein_coding	708	340	584	959	553	705
Gm41021	lncRNA	283	296	232	158	212	196
D1Sta8	protein_coding	421	223	269	2935	595	2034
Gm53849	protein_coding	1165	248	795	845	544	170
Gm9493	protein_coding	55	183	86	47	99	33
Gm20788	protein_coding	342	278	592	1556	220	636
Gm28298	protein_coding	3696	1291	2046	1137	713	1369
LOC131392072	protein_coding	3745	1818	5878	1278	1873	1175
Lamp2	protein_coding	262	143	744	719	430	360
Slc30a5	protein_coding	354	474	546	705	886	1159
Chaer1	protein_coding	2018	1251	1349	3384	3431	3998
Nfix	protein_coding	851	901	319	472	161	495
LOC131376810	protein_coding	971	217	66	1509	133	63
Igkv3-2	pseudogene	294	296	407	916	536	476
LOC131378240	protein_coding	545	308	277	497	509	840
Traj26	protein_coding	212	113	269	400	116	417
Hrq6	protein_coding	659	1736	649	316	258	492
LOC131389991	protein_coding	115	143	165	137	147	297
LOC131375885	lncRNA	990	992	455	957	148	376
Gm53383	protein_coding	5669	2343	2514	938	1204	1237
LOC131390657	protein_coding	471	203	251	389	673	115
LOC132440527	protein_coding	497	409	500	329	10	649
LOC131391082	protein_coding	1323	36	33	2414	2574	316
Plekhg6	pseudogene	207	2017	761	12	0	2347
Gm25812	pseudogene	544	891	1137	386	1468	498
LOC131390487	protein_coding	443	185	1291	568	324	560
Uba1	protein_coding	1602	846	25	1184	624	2
Ighv1-48	protein_coding	104	165	95	319	358	407
Gm19972	lncRNA	169	604	354	297	790	388
Gm36345	protein_coding	1008	641	783	597	456	115
LOC128927596	protein_coding	373	739	1857	345	3547	609
LOC131375798	protein_coding	2395	241	67	679	717	857
Gm31939	lncRNA	202	537	146	235	352	991
LOC131371944	protein_coding	1272	556	7627	1539	2535	3435
Gm23275	protein_coding	1068	3304	1607	768	1015	702
Tafa4	protein_coding	2721	6464	1963	4339	3279	2354
Gm12870	protein_coding	1308	749	1030	2542	853	2046
LOC132441983	protein_coding	606	328	1038	119	578	784
LOC131295330	lncRNA	1054	1641	2010	327	1648	1403
LOC131391209	protein_coding	1032	1116	1085	1036	959	94
LOC132409118	lncRNA	1837	1021	1102	2202	605	1562
Gm5781	protein_coding	3499	1849	3320	1552	37	3724
504N12R	lncRNA	138	172	41	38	199	47
D6Mit120	pseudogene	742	170	730	1214	557	449
Mettl25	protein_coding	1630	1063	725	391	248	218
Gm2560	protein_coding	51	66	25	215	306	42
LOC131373675	protein_coding	1709	968	713	305	596	1405
Gm39444	protein_coding	559	238	518	353	394	783
LOC131379558	pseudogene	889	2169	88	1539	1521	629
Gm18292	pseudogene	422	531	1029	994	1075	595
LOC132441895	protein_coding	531	1099	603	683	454	723
Clec2m	lncRNA	1152	373	721	2319	1785	637
Gm40823	protein_coding	387	485	524	541	362	639
Gm25681	protein_coding	878	437	465	368	177	470
Gm6139	protein_coding	177	160	121	132	143	207
Chrna1	protein_coding	1061	3045	238	3928	379	1417
Gm16976	protein_coding	482	235	254	678	150	274
A930036I15Rik	protein_coding	1761	1700	2451	2396	1980	1380
Gm5318	protein_coding	651	404	594	240	508	226
C79452	pseudogene	1207	913	885	562	1268	1330
Gm40290	protein_coding	272	566	225	110	1382	713
Gm30470	protein_coding	58	164	338	394	234	851
Gm24780	lncRNA	1228	1039	656	2026	619	1023
C230013L11Rik	protein_coding	888	183	1591	1877	1963	1958
LOC131375390	protein_coding	605	106	2019	1	620	50
Gm32912	protein_coding	886	495	246	918	1342	143
4930425K24Rik	protein_coding	745	181	867	483	448	360
LOC132410625	protein_coding	11897	578	3743	6560	6398	2448
LOC131379027	protein_coding	2053	2256	437	605	2819	869
Gm54334	protein_coding	26	46	74	49	2	60
LOC132408682	pseudogene	425	901	805	836	701	1092
5430425K12Rik	protein_coding	457	926	322	12	543	287
tcl4	lncRNA	1373	1221	1296	984	1291	1091
Gm53396	protein_coding	1021	435	706	855	792	976
Plcxd3	protein_coding	830	361	1072	438	374	20
Iapls3-69	protein_coding	466	213	365	426	106	558
LOC131372967	protein_coding	1475	897	910	864	1906	547
5730433N10Rik	protein_coding	554	1192	377	1210	591	1575
Bomd5	lncRNA	534	72	697	264	238	334
Gm23148	protein_coding	268	1672	1597	2032	590	247
Ttc24	protein_coding	679	1337	544	231	632	634
LOC132412913	lncRNA	1280	1266	589	722	1042	4898
Ttc39c	protein_coding	1395	3153	487	278	814	331
LOC132408647	protein_coding	386	386	271	152	416	503
Obox5	protein_coding	1661	946	1213	675	1082	1580
LOC132441700	protein_coding	3760	1235	2976	3419	2847	2940
Ttyh1	protein_coding	492	1704	1914	744	407	536
Gm9214	lncRNA	0	97	1250	137	1402	6
Gm9239	protein_coding	914	170	616	346	860	805
LOC131378951	lncRNA	403	332	474	226	513	272
LOC131371318	protein_coding	280	402	1206	32	190	108
LOC132443077	protein_coding	243	1186	4	1442	2797	38
Gm12035	protein_coding	319	465	251	228	148	492
Gm31462	protein_coding	62	169	98	126	135	67
Ndufs4	lncRNA	3251	1494	131	294	1783	3705
Gm8595	protein_coding	1264	342	490	867	250	1584
Nr4a2	lncRNA	1698	683	466	2293	542	529
LOC132442925	protein_coding	10	2	66	33	138	54
Loh3	protein_coding	287	961	1501	1075	705	467
LOC131379496	lncRNA	1609	79	1157	955	793	171
LOC131295130	protein_coding	753	3126	623	1158	519	1135
LOC131377593	pseudogene	1582	1901	1174	1740	1538	916
LOC131339906	lncRNA	2446	1108	1281	1203	1106	1910
LOC128926969	protein_coding	738	2884	727	315	945	4731
Gm31019	protein_coding	675	334	901	649	2003	1873
D5Mit314	pseudogene	481	369	319	414	414	1037
LOC132408654	protein_coding	462	149	418	378	368	252
LOC131297691	protein_coding	183	44	136	105	48	501
Gm31437	protein_coding	1084	1154	472	746	912	810
LOC132442190	lncRNA	475	242	578	930	1166	512
Gm41527	protein_coding	422	170	625	243	261	411
LOC128927708	protein_coding	524	560	924	926	951	293
Praf2	protein_coding	665	2912	647	475	2441	1289
LOC131297557	protein_coding	1074	2398	977	1180	5375	3285
LOC131386125	protein_coding	203	1119	344	994	568	2432
LOC132410689	protein_coding	897	251	634	247	297	730
LOC132443489	protein_coding	643	1198	329	503	204	889
Slc52a2	protein_coding	1184	673	710	928	729	627
Ckb-ps2	lncRNA	586	442	577	585	442	395
T(16;17)7Gso	lncRNA	696	185	845	2719	1148	400
LOC131391448	protein_coding	639	867	880	1073	612	780
Gm10344	protein_coding	338	565	440	188	697	342
Gm45756	protein_coding	143	557	342	798	283	422
LOC132408570	pseudogene	199	916	504	49	115	898
Dfq1	protein_coding	880	808	1679	389	717	1247
Ncilt	lncRNA	92	38	56	33	47	98
Hmgxb3	protein_coding	454	2802	20	1829	1101	2842
Gm24919	lncRNA	17	146	80	90	717	848
D2Mit333	protein_coding	1000	101	326	874	835	417
Gm31152	protein_coding	901	1397	570	364	677	383
LOC131340384	protein_coding	3013	4401	3654	646	2387	1467
D19Mit96	protein_coding	187	706	1655	447	570	1479
Gm18436	protein_coding	161	971	513	16	755	225
LOC131378145	protein_coding	2711	369	4097	1237	1315	945
D15Mit135	protein_coding	909	1327	2230	6112	806	3791
LOC128927296	protein_coding	828	856	845	434	1375	431
LOC131341117	protein_coding	850	1426	790	298	501	1709
LOC132445366	protein_coding	735	1163	2349	1032	1146	986
Ntrk1	protein_coding	189	348	239	868	735	92
D16Mit34	protein_coding	1	223	214	131	6	37
LOC131377178	protein_coding	94	40	53	156	171	65
Gm35592	pseudogene	252	560	96	86	95	211
Gm33284	protein_coding	111	36	59	31	203	122
Fahd2a	protein_coding	71	49	129	148	50	252
Gm39260	protein_coding	711	811	129	1616	130	583
Mir29a	lncRNA	300	1282	766	813	243	893
LOC131389327	protein_coding	1365	906	1077	453	1626	2120
LOC131388326	protein_coding	407	165	49	210	402	242
Mir3064	protein_coding	3342	2097	868	2643	1827	947
Grin2c	pseudogene	738	3867	223	5302	3107	293
Tmem126b	protein_coding	588	59	1217	401	2312	589
Gm46432	protein_coding	361	1813	2086	723	1947	527
LOC131372746	protein_coding	356	450	1756	1310	1324	206
LOC131297767	pseudogene	617	558	239	45	132	389
Cistr	protein_coding	437	914	822	552	853	794
LOC132412332	protein_coding	967	1800	2732	937	902	747
Mxi1	protein_coding	59	43	243	129	101	94
Mbis3	protein_coding	943	1068	657	2007	1584	484
Ffar4	protein_coding	1285	1119	1090	1572	927	1666
2410003L11Rik	protein_coding	1249	697	708	591	1115	1489
Gm7437	lncRNA	193	2140	374	485	1912	692
Fdx2	protein_coding	558	1234	267	264	449	948
Gm26419	protein_coding	561	991	625	481	350	673
Snord73b	pseudogene	309	478	443	497	285	536
LOC131295589	protein_coding	249	1259	704	1003	698	1266
Gm46372	protein_coding	1081	3014	2792	1484	2437	1925
LOC131389832	protein_coding	762	204	266	456	311	313
D15Bwg0340e	protein_coding	1047	634	670	930	1277	544
Gm11225	protein_coding	192	0	189	9807	5	274
Del(4)17H	protein_coding	3596	3104	6155	1202	3255	1334
Pmv10	lncRNA	199	360	223	229	156	385
LOC131385612	protein_coding	366	805	397	486	185	1186
Pbwg9	protein_coding	760	333	324	419	451	267
E030007A22Rik	protein_coding	1296	2351	129	67	200	22
LOC131372089	protein_coding	840	2695	2060	469	507	263
LOC132443570	protein_coding	2277	1862	1137	3250	982	1589
LOC131296378	protein_coding	835	564	1226	1221	1508	672
LOC132412667	lncRNA	1137	282	380	527	725	392
LOC131373421	protein_coding	723	603	848	803	935	1080
LOC238440	protein_coding	2499	659	958	764	248	1736
Cabp5	protein_coding	1521	6925	1065	4357	2678	1903
LOC128924726	lncRNA	509	55	61	1380	1720	709
Armcx4	protein_coding	126	639	681	1385	875	1495
Rsf1os2	pseudogene	2938	6104	1370	1169	1104	2305
Gm40263	protein_coding	1367	2009	3920	1299	1577	4070
Adam34l	lncRNA	417	741	462	200	322	435
Gm29554	protein_coding	1258	474	293	1098	3574	210
D12Sut2e	lncRNA	283	85	193	217	365	371
D2Mit41	protein_coding	1412	2149	1483	2232	937	1550
LOC432596	protein_coding	921	1062	1404	1333	981	509
A930014E10Rik	protein_coding	57	1217	963	1021	1059	1329
LOC131339319	lncRNA	733	314	597	953	531	989
Hcx	pseudogene	990	977	1458	1433	3916	3255
AW743297	protein_coding	1816	1119	336	310	255	716
LOC131375640	pseudogene	1143	815	400	171	639	726
LOC131338211	protein_coding	1186	3454	385	2469	1819	1125
Igkv3-8	protein_coding	802	689	1261	434	1048	497
LOC132408323	protein_coding	72	0	0	0	3	0
LOC131340594	protein_coding	1632	482	191	292	294	310
Gm13599	protein_coding	1285	412	815	786	1076	660
LOC131295718	protein_coding	3001	933	853	1571	2252	1617
LOC131373039	pseudogene	388	989	738	1198	484	601
Or7c19	protein_coding	112	85	544	253	108	311
Gpsm3	protein_coding	1447	1477	830	2125	933	1330
jt	pseudogene	609	2321	759	1320	221	237
1700008N11Rik	protein_coding	1665	1508	765	1564	156	787
LOC131388455	lncRNA	428	835	533	91	501	1130
4930552F14Rik	protein_coding	185	243	98	117	156	98
Gm35106	protein_coding	255	483	1820	4016	530	2023
LOC131376364	lncRNA	179	54	69	455	227	46
LOC131297878	lncRNA	274	617	505	514	897	24
Gm53796	protein_coding	1433	2342	1561	1756	1628	3114
C77648	pseudogene	702	567	683	671	416	1112
Gm35677	protein_coding	2194	1246	2786	1683	1205	1717
Gm29280	protein_coding	601	1208	1060	896	885	648
LOC131388549	lncRNA	864	1008	934	1326	1154	655
Gm5385	pseudogene	5839	4915	3578	3870	1430	4290
Nsila7	protein_coding	663	725	250	1193	328	690
Gm7473	protein_coding	437	341	305	260	485	485
Gm33619	protein_coding	819	1650	1665	964	1704	1820
LOC131336991	protein_coding	645	448	1398	244	1255	991
Gm52265	protein_coding	1569	4976	2101	931	2300	1783
Cpb1	lncRNA	297	214	273	296	382	678
LOC132412364	pseudogene	478	578	332	434	537	451
Gm24235	lncRNA	3612	1474	1203	1365	1918	1141
Gm7463	protein_coding	836	1670	299	182	1597	757
LOC131375565	lncRNA	542	579	1106	838	963	673
Gm25157	protein_coding	250	85	1208	38	121	199
LOC132443258	protein_coding	975	1538	1509	1225	3017	1845
Rnf103	pseudogene	763	1752	823	883	1018	639
Gm19102	protein_coding	1275	1057	614	1022	555	673
Klra19	protein_coding	2547	873	2223	3107	2304	2128
Tomm40	lncRNA	840	603	52	452	28	33
C330013J06Rik	protein_coding	34	219	249	45	424	140
H3f3c	pseudogene	392	180	757	551	850	937
Rnf126	lncRNA	450	354	435	812	1576	698
A730010A20Rik	lncRNA	2084	87	5719	34	34	4341
Gm46962	protein_coding	27	4	12	0	368	39
LOC131385887	protein_coding	2128	431	1199	784	2595	1718
645M6T7	pseudogene	542	360	646	354	385	239
Gm30284	protein_coding	327	293	205	165	145	94
C81543	protein_coding	111	108	164	107	85	110
LOC128924653	protein_coding	1681	1066	1990	730	1146	1050
Gct7	protein_coding	974	822	475	764	96	1569
LOC131374684	protein_coding	729	209	711	10	29	92
Mprf	pseudogene	788	740	1609	1165	883	964
Srsf12	protein_coding	275	331	744	381	328	83
LOC131379821	protein_coding	470	458	777	1077	231	2109
Gm25257	protein_coding	618	783	684	371	1518	828
Gm38625	protein_coding	248	567	817	714	665	512
Gm46088	protein_coding	673	483	1519	766	1770	1
LOC131392671	protein_coding	309	1469	643	184	284	602
Gm17149	pseudogene	3996	2947	1003	331	178	154
Gm12019	protein_coding	1286	412	658	147	529	237
Gm52412	pseudogene	889	630	537	153	147	151
LOC132408734	protein_coding	345	432	1380	1653	1199	353
LOC131377127	protein_coding	84	48	36	127	72	105
LOC131379406	protein_coding	191	448	872	272	83	146
Gm29443	protein_coding	226	188	65	284	156	135
LOC131374369	protein_coding	420	161	438	1362	1157	1461
Gm17898	protein_coding	828	1363	574	823	738	835
Gm33401	protein_coding	1594	852	304	236	220	407
Mir344-2	protein_coding	4688	2021	2878	1856	3248	4010
1700047K16Rik	protein_coding	1500	1110	623	1320	585	689
Gm11110	protein_coding	526	623	399	971	617	433
Rn	protein_coding	1414	946	503	662	933	573
LOC131378948	protein_coding	1784	264	1519	1083	2525	1120
LOC132409893	lncRNA	217	225	123	285	333	345
LOC131388788	pseudogene	47	16	3	17	8	57
D1Wsu158e	protein_coding	991	1290	314	166	560	1345
Vmn2r-ps41	protein_coding	158	919	2808	764	3215	241
LOC131376913	protein_coding	914	1291	1154	2723	1078	2126
1700052M18Rik	protein_coding	727	226	354	273	442	389
Gm4936	protein_coding	312	118	444	688	629	209
Gm6378	protein_coding	358	106	249	705	372	427
Kcnf1	protein_coding	884	313	119	355	683	882
Atxn1l	protein_coding	303	378	327	559	614	300
9330020H09Rik	pseudogene	645	385	739	418	515	360
LOC131377689	lncRNA	32	2951	189	425	269	997
LOC131380495	protein_coding	2495	1669	1689	1179	1830	2907
Gm11869	protein_coding	5284	2323	1088	2350	1002	3015
Gm40988	protein_coding	436	235	270	268	540	112
LOC132412391	protein_coding	843	854	657	612	672	355
Lama3	protein_coding	284	361	732	508	381	209
LOC131372622	protein_coding	1788	1427	1149	909	1042	593
D230021J17Rik	protein_coding	2805	941	2847	773	3657	425
LOC131375983	protein_coding	1278	2799	368	1512	303	854
Dhrs3	lncRNA	1082	1319	3283	3109	1592	1937
Gm43471	protein_coding	1368	5230	1154	1103	824	1203
Dusp13a	protein_coding	599	3210	74	411	1206	1465
LOC118568527	protein_coding	2280	1444	702	598	991	1204
Ppp1r12c	protein_coding	452	1148	855	1311	923	467
Gm3963	protein_coding	211	203	121	75	285	156
Gm19288	lncRNA	1886	1066	401	177	488	520
LOC131389288	pseudogene	429	4032	5	3120	1273	660
Brnvl1	lncRNA	527	196	0	247	339	1569
LOC132442652	protein_coding	299	672	525	808	592	321
Gm35797	protein_coding	378	603	481	545	181	229
Gm46960	protein_coding	655	1261	409	639	1046	886
Gm10431	protein_coding	411	169	531	666	219	147
Mir5131	protein_coding	1715	404	1444	1245	1667	1230
Gm39698	protein_coding	1497	910	297	2000	1752	1846
Gm9860	protein_coding	430	1093	2257	380	1394	242
LOC131378967	protein_coding	990	644	579	698	1359	1329
LOC131371514	lncRNA	859	898	474	527	825	683
Gm5046	protein_coding	975	768	407	618	1477	1365
LOC131340191	protein_coding	990	1542	559	2633	1927	1189
Gm28604	protein_coding	2681	5033	1591	2214	2236	3338
Pde8b	protein_coding	1769	994	1056	883	1013	1205
LOC109279907	protein_coding	161	121	96	71	98	99
0610012D04Rik	protein_coding	469	1814	225	226	454	401
Gm32488	protein_coding	418	510	809	967	516	630
LOC132412554	protein_coding	1709	2446	2002	2402	2532	1117
DXMit129	protein_coding	608	603	183	158	428	232
Gm25354	protein_coding	1256	852	885	497	893	619
Gm7897	pseudogene	140	3	149	15	79	33
Gm22490	protein_coding	3115	4525	2112	4460	1683	1545
Or9k2	pseudogene	1983	655	438	206	623	732
Gm5442	protein_coding	1107	902	429	1985	638	1756
Gm38820	lncRNA	1063	105	38	11	743	1200
Cbarp	protein_coding	3322	1374	695	2886	4087	2128
TelXqYq3	protein_coding	340	898	571	347	575	790
LOC131387497	protein_coding	98	346	267	40	114	297
LOC131380046	lncRNA	1175	1847	1097	2135	1469	1257
Gm53451	lncRNA	2910	1977	1149	2129	1415	1244
Steep1	protein_coding	103	157	103	127	200	89
LOC132409037	protein_coding	8	0	0	21	2313	42
n-TAagc15	protein_coding	300	135	218	431	706	384
Atp11b	pseudogene	700	872	643	754	496	1496
LOC128926726	protein_coding	543	100	320	1067	633	726
Gm20379	pseudogene	2180	2154	1107	2887	1415	2853
Ear7	protein_coding	454	1020	417	124	190	97
LOC131372492	protein_coding	415	333	180	188	1050	524
Gm16470	protein_coding	1078	3626	1195	2117	4226	1036
C130076G22Rik	protein_coding	2781	2256	3711	3637	1294	3519
LOC131339130	protein_coding	5133	2138	2485	2004	3263	3091
Gm5564	protein_coding	1144	716	750	961	638	918
LOC128924785	lncRNA	882	1627	796	964	969	666
LOC131372040	protein_coding	305	2403	615	1089	1478	860
Gm8756	protein_coding	508	86	1266	6124	9850	600
Or5p62	protein_coding	473	369	405	341	326	418
LOC131392661	protein_coding	1308	1387	2254	3192	9109	5303
Gm10723	lncRNA	1267	1528	297	242	618	342
Capn6	protein_coding	2457	2072	2005	2556	1327	2628
Gm3047	lncRNA	365	227	386	149	153	189
LOC131386987	protein_coding	88	150	194	177	252	149
2310066N15Rik	protein_coding	426	400	1071	639	764	282
Thg1l	protein_coding	757	911	124	128	325	897
LOC128927654	protein_coding	2450	2163	1806	2482	949	1092
Mmadhc	protein_coding	277	156	539	385	367	241
4930527F18Rik	protein_coding	7164	1970	902	1257	1063	1223
LOC131377327	lncRNA	1867	415	554	618	950	331
LOC131339026	protein_coding	374	1991	410	663	352	777
LOC131296036	lncRNA	1091	1333	840	631	1274	558
Rab3a	protein_coding	555	950	615	303	816	865
LOC131376971	protein_coding	1717	1352	1750	880	740	2753
Gm35455	pseudogene	862	2082	730	1712	955	1135
Gm7513	protein_coding	381	228	663	268	639	1023
Gm10290	protein_coding	853	1605	637	636	858	328
Del(14)38H	protein_coding	508	235	461	1329	1006	712
Car4	pseudogene	611	480	785	1127	914	1566
LOC131341811	protein_coding	1178	2248	2742	68	503	188
Gm51693	protein_coding	1034	3171	579	2149	2856	1676
Gm31444	protein_coding	879	835	1326	1934	1942	2147
LOC131386097	protein_coding	667	295	604	491	655	530
LOC109280038	protein_coding	976	669	1359	431	274	647
LOC132411250	pseudogene	841	555	857	773	986	345
Lrrc74b	protein_coding	1049	879	801	1161	1111	1044
LOC132444299	protein_coding	565	963	551	1668	1881	1437
LOC132408671	pseudogene	584	373	1008	1938	388	141
LOC131375462	pseudogene	1069	946	572	351	876	1241
Gm36150	protein_coding	447	561	262	578	386	288
LOC132444867	protein_coding	1777	1701	1974	987	2103	1532
Vapb	pseudogene	1386	559	782	540	466	1866
Imp1	protein_coding	1306	2934	928	1470	2805	1353
Ccdc195	pseudogene	231	374	199	309	132	270
Gm31465	protein_coding	923	752	1803	678	1386	639
LOC131387559	protein_coding	84	126	344	144	518	299
LOC131295522	protein_coding	1035	773	447	672	753	533
Gm24838	lncRNA	735	258	2	999	2551	20
Gm7663	protein_coding	1300	906	2040	1663	915	241
n-TGtcc6	protein_coding	1543	1217	580	1391	963	997
Gm9335	protein_coding	804	847	735	1406	2117	1824
LOC128927860	lncRNA	761	895	915	1105	786	1834
LOC128924479	lncRNA	410	635	1365	1245	1043	873
LOC132410944	lncRNA	23	223	4562	114	267	430
Gm23058	protein_coding	1313	1139	1517	1338	1130	1654
LOC132444963	protein_coding	719	306	466	713	575	313
D4Bwg23e	protein_coding	3548	1940	1701	2086	2644	4261
LOC132412202	protein_coding	473	182	220	391	425	357
Gm41982	protein_coding	1142	978	986	265	175	191
Del(8A4-B3)7H	protein_coding	11	518	25	26	1	193
Jam2	protein_coding	698	532	1911	1986	2422	1410
Emv13	protein_coding	901	386	377	742	1209	480
AU022695	protein_coding	322	233	542	10	1604	234
Mir1839	pseudogene	649	391	347	490	407	720
Hspd1-ps3	lncRNA	854	2548	1016	505	1096	1326
LOC131390320	protein_coding	932	730	1654	382	614	1684
Gm34207	protein_coding	314	60	74	113	1442	3884
D4Mit225	protein_coding	846	1671	1302	798	583	821
Prdx2-ps1	protein_coding	60	116	161	73	127	49
LOC131390886	protein_coding	272	283	307	213	457	197
LOC131376887	protein_coding	2373	3524	3477	2465	2519	7152
LOC131296656	protein_coding	1963	997	1021	1667	1542	2304
Pde4c	protein_coding	509	780	1085	1027	817	1038
LOC131376403	lncRNA	817	1876	359	711	972	958
2310009B15Rik	protein_coding	1486	659	1355	1347	1327	976
Gm36420	protein_coding	763	393	764	260	791	488
Gm5384	protein_coding	1463	1553	2087	2147	976	992
Litchi	protein_coding	3014	1142	439	1287	612	825
LOC132440798	lncRNA	318	527	461	669	453	737
1700074G04Rik	protein_coding	5214	1858	43	139	2392	8
LOC110120425	protein_coding	940	1074	1016	4633	1253	1781
Ccl20	lncRNA	330	987	212	1520	579	690
LOC131374724	protein_coding	134	118	126	120	71	170
Gm38877	protein_coding	619	1537	981	4523	8584	5584
Gm18921	protein_coding	4404	155	600	1018	776	2486
1010001B22Rik	protein_coding	1162	1286	1887	897	1116	1840
LOC131391021	pseudogene	1155	1296	392	1240	967	815
LOC131388409	protein_coding	1022	1032	1466	1240	330	1029
LOC131384784	protein_coding	3507	1831	1339	3976	2810	940
Dnajc7	protein_coding	968	612	363	672	493	814
LOC131376577	protein_coding	1388	879	1640	837	210	929
Brinp1	protein_coding	4	333	84	130	639	1148
Gm26698	protein_coding	618	177	725	321	99	654
LOC131372076	protein_coding	266	524	354	540	433	476
Gm13490	protein_coding	370	328	134	290	13	469
Gm32843	protein_coding	740	2491	1308	2763	1682	197
Gm18914	protein_coding	2278	4472	630	3051	1773	1863
LOC128924696	lncRNA	2862	765	348	19	712	1898
LOC109280134	protein_coding	576	529	743	1258	686	548
LOC131377777	protein_coding	165	102	131	60	188	35
Mir466b-8	protein_coding	1110	2615	1580	2628	1980	273
Nppa	protein_coding	64	10	11	127	5	152
Tigd4	protein_coding	167	520	676	711	237	572
Gm7411	lncRNA	218	3130	1673	1613	391	2906
LOC131375361	protein_coding	1426	5255	2055	1651	1344	299
LOC131371911	protein_coding	305	153	107	8	27	44
Fam118a	pseudogene	338	1142	419	522	443	339
Cnrip1	protein_coding	485	803	1359	616	208	151
LOC132441788	protein_coding	236	220	778	354	651	224
n-TAagc2	protein_coding	2005	2593	3458	1819	981	255
Daq2	protein_coding	392	541	148	510	65	425
Exo5	protein_coding	541	1105	1734	545	507	1117
LOC132443575	protein_coding	1265	803	1817	1513	1022	1077
Tes	protein_coding	89	91	147	106	84	67
1190001L17Rik	protein_coding	621	1171	1098	772	637	867
LOC131392515	protein_coding	1070	196	484	797	324	1070
Gm11667	protein_coding	1034	1326	805	1271	1010	966
Chrna1os	protein_coding	501	901	840	1041	476	1244
Ctss	protein_coding	727	1827	1277	2797	1040	2842
D11Mit353	protein_coding	224	315	407	668	650	219
Gm13351	protein_coding	1115	1554	927	1413	1369	757
LOC109280025	protein_coding	337	426	315	406	474	322
C79242	protein_coding	325	474	2222	911	1106	999
LOC131387384	lncRNA	10	161	457	229	1054	225
LOC128925597	lncRNA	788	1268	1140	1295	164	244
LOC131385719	protein_coding	721	929	268	291	79	116
Rbmx2-ps	protein_coding	554	1317	919	2654	3410	6467
LOC132409255	protein_coding	557	374	87	869	193	231
Gm33712	lncRNA	1722	3306	792	1781	1243	1942
Iap5rc12	protein_coding	265	122	202	369	406	247
LOC131390267	protein_coding	512	3333	1439	275	7567	3392
LOC131341017	protein_coding	164	144	183	184	63	107
Gbrln	protein_coding	1900	1549	1146	2754	3150	2758
D17Jcs85	protein_coding	408	43	267	543	298	101
LOC131337164	pseudogene	210	227	773	636	395	371
LOC132410456	protein_coding	124	329	318	388	362	190
Rer1	protein_coding	1192	324	676	2043	806	1199
LOC131339273	protein_coding	22	12	12	115	21	49
Gm14424	protein_coding	1450	1179	2276	2080	2699	2633
Gm46789	protein_coding	1592	894	884	1546	4983	2497
Gm27521	protein_coding	106	3501	159	11	27	1319
Lime1	protein_coding	60	239	87	65	112	43
29S	protein_coding	1395	806	2083	531	375	472
LOC131392009	protein_coding	1472	682	1248	606	1438	23
Strip2	protein_coding	2732	4345	3696	476	2218	1169
Traj35	lncRNA	468	410	419	1141	1009	632
Wt3q2	protein_coding	458	975	1164	3115	1751	329
Mtrnr2l7	protein_coding	1256	1507	118	1369	737	642
LOC131341517	protein_coding	249	473	993	461	332	171
Fembm1	protein_coding	1589	443	239	1419	25	1827
LOC131337656	protein_coding	726	293	1526	391	749	833
Gm21316	lncRNA	1703	1734	723	2390	1805	1997
Kmt2e	pseudogene	1460	2103	1775	2136	2745	1610
LOC131387693	protein_coding	297	725	438	498	463	593
LOC131390634	lncRNA	264	568	1418	1165	1366	714
D4Mit47	protein_coding	2256	3618	4857	2783	2830	3332
LOC132441517	protein_coding	1565	1498	614	884	1023	1314
Ror1	protein_coding	165	176	53	152	63	198
Gm22004	pseudogene	286	219	251	271	343	530
Gm21814	protein_coding	3633	1671	5640	2832	2612	1283
Bntq3	protein_coding	248	75	1033	600	174	238
Aaj2	protein_coding	587	540	319	249	200	506
Gm36040	lncRNA	2246	2338	1212	2722	1637	2731
Dp(Hc18)	protein_coding	1269	972	1397	811	1311	1356
LOC132411458	pseudogene	1266	2169	1247	1703	1342	1507
Gm17858	protein_coding	1091	671	323	888	734	466
tclTuw11	pseudogene	369	142	225	101	3	379
LOC132443350	pseudogene	3293	665	717	1120	292	1520
Gm35620	lncRNA	1039	673	365	517	349	423
Igkv8-27	pseudogene	538	929	1062	469	617	993
Gm12576	protein_coding	313	49	1552	4652	127	1208
LOC132441652	protein_coding	618	811	163	409	392	560
Gm22229	protein_coding	92	126	130	102	102	92
Gm46271	protein_coding	2351	444	2413	1313	862	2003
9530032E18Rik	lncRNA	1947	2040	2154	837	2910	186
Gm34372	protein_coding	765	1345	365	1537	393	2121
LOC128925069	protein_coding	942	755	1568	949	465	1602
Rb(10.11)8Bnr	protein_coding	2353	4441	1509	1107	859	659
Gm53420	protein_coding	3178	1542	2710	3395	1339	2084
LOC131379758	protein_coding	2573	2407	924	1482	1840	1867
LOC132441406	protein_coding	355	254	310	211	613	409
D0Nrs1	lncRNA	682	221	523	442	466	254
4930432M17Rik	pseudogene	1161	7196	4092	2021	2065	626
Gm26925	protein_coding	512	923	265	383	752	618
Gm35657	lncRNA	764	1154	154	4312	1554	254
Gm30513	protein_coding	420	322	207	249	382	414
Ndufv3	pseudogene	38	210	141	86	58	156
LOC131390286	protein_coding	491	2116	589	1277	745	698
Pcdhga1	protein_coding	658	402	949	1388	705	572
Rapgef2	protein_coding	1098	1746	752	2388	1511	3213
LOC131390362	protein_coding	196	541	146	256	201	57
Or52e8b	protein_coding	2021	3081	709	1163	2097	1418
Cant1	protein_coding	4894	181	2384	2747	1419	1563
H2-T1	lncRNA	170	127	246	48	246	300
C77282	protein_coding	60	189	127	76	687	266
LOC131387927	protein_coding	1077	889	230	465	395	74
LOC132411432	protein_coding	714	916	1056	459	367	902
Mfeq1	protein_coding	2670	821	3472	954	477	2676
Gm14647	protein_coding	549	402	341	439	511	985
Xmmv66	protein_coding	450	532	928	642	310	596
LOC131295878	protein_coding	610	834	403	689	842	587
Zc3h4	protein_coding	1757	723	1154	2493	3079	2086
Hc14	pseudogene	673	564	1063	1023	987	843
LOC131378019	protein_coding	501	235	562	308	105	379
Pcdha5	protein_coding	500	786	476	877	1744	2321
LOC131375620	lncRNA	929	532	562	3495	1026	1086
Galntl5	protein_coding	420	782	591	599	812	634
LOC132442871	lncRNA	794	1117	1521	1544	2152	3264
D3Mit163	protein_coding	37	58	256	278	713	131
10S	protein_coding	464	187	565	450	221	263
LOC132410914	protein_coding	2896	4071	997	1663	2001	1185
LOC131391949	lncRNA	1604	1781	922	754	220	198
Ms10k	protein_coding	459	751	509	455	1246	909
LOC131374901	lncRNA	541	426	1235	653	1046	1016
BC055402	lncRNA	502	651	548	429	535	400
4930401O12Rik	lncRNA	1619	1424	621	1221	839	803
Rfpw1	protein_coding	2497	399	274	503	187	656
Mir669f	protein_coding	1299	1775	1108	661	405	1847
LOC131392434	protein_coding	3839	1919	3478	1792	2655	3834
4930430E12Rik	lncRNA	532	1256	353	1069	160	1025
LOC132441789	protein_coding	637	160	415	713	385	409
Gm34370	protein_coding	1031	681	570	614	2471	184
LOC131375490	protein_coding	2682	1261	199	1441	378	2511
Mcoln3	protein_coding	368	1242	404	700	575	2604
Stk33	protein_coding	1141	2983	2625	2503	669	1583
Gm4748	pseudogene	705	238	274	639	420	323
Gm35383	protein_coding	1313	1416	1163	2436	2157	2195
Gm34084	protein_coding	356	796	767	250	126	196
LOC131377248	lncRNA	439	367	275	335	404	216
Gm18049	protein_coding	305	3331	1927	948	1263	1956
Ccd	pseudogene	458	456	209	377	581	356
Gm30147	protein_coding	188	263	301	67	103	118
D8Mit233	protein_coding	4657	4049	1090	3893	2094	448
Gm9525	protein_coding	3189	1235	1958	2254	4659	3612
Gm17250	lncRNA	1060	924	310	106	300	1941
Gm23238	protein_coding	1538	2635	4435	1393	1274	1362
Smarca5	protein_coding	682	896	1875	1262	4651	2267
Sdc4	protein_coding	378	677	814	1869	3382	3919
LOC109280092	protein_coding	561	42	158	3554	340	216
4930564I24Rik	protein_coding	917	1076	2212	1021	515	1162
1700085D07Rik	lncRNA	4145	4507	5244	4980	3543	6068
Hbs1l	lncRNA	116	243	435	139	311	342
Gm12264	protein_coding	95	179	119	160	117	153
LOC132412335	protein_coding	757	1104	539	556	662	591
Sdhaf2	protein_coding	363	375	590	188	157	203
Uba1y	pseudogene	541	533	888	500	248	806
LOC131372668	protein_coding	376	536	840	784	452	407
LOC131376656	protein_coding	156	296	195	532	228	187
Gm46257	pseudogene	211	146	246	117	302	317
LOC132409066	protein_coding	129	42	131	42	63	168
Mir7646	pseudogene	717	372	488	474	385	585
Gct9	pseudogene	1435	2858	387	1355	2917	2816
Faf2	protein_coding	373	2411	87	793	170	104
DXMgc62	protein_coding	2696	2108	3036	1983	1688	5200
Gm24423	protein_coding	332	382	185	835	1170	1320
Bomd3	protein_coding	263	135	21	72	83	74
Gm32191	pseudogene	131	251	261	207	214	288
Ap3d1	protein_coding	93	113	83	975	358	188
LOC131374126	protein_coding	584	656	424	267	672	760
LOC131373350	protein_coding	268	14	114	576	210	82
LOC131390480	protein_coding	229	435	423	149	284	534
LOC131295332	protein_coding	918	509	755	756	416	463
LOC128927134	pseudogene	1403	1547	2175	1320	2058	943
Gm36482	protein_coding	236	906	1106	473	2178	635
Gm41404	protein_coding	1228	1925	1635	877	1134	2385
Hnrnpd	protein_coding	2642	8538	2743	83	8219	1686
Gm38674	protein_coding	1483	1524	920	271	528	1251
Pom121l2	protein_coding	1166	2726	1248	563	69	674
Gm4753	protein_coding	363	501	108	377	656	474
Cd4ts1	protein_coding	2518	2767	1252	2575	3110	2160
D17Mit136	protein_coding	665	316	839	643	327	458
LOC131392331	protein_coding	185	134	0	169	732	172
H2-Ab1	protein_coding	2970	2552	3683	2390	2305	3086
LOC131297612	lncRNA	86	3	51	144	126	31
Gm42080	protein_coding	673	441	924	485	359	665
Sspo	lncRNA	1868	186	1559	1974	1431	1768
Ms22	lncRNA	154	329	105	357	28	315
9930111J21Rik1	lncRNA	336	173	49	536	416	105
LOC131387694	protein_coding	359	752	1111	1747	1394	214
LOC131379967	pseudogene	134	161	471	246	93	383
Or4k15b	protein_coding	467	1160	1011	397	541	882
Gm36681	protein_coding	567	929	717	401	754	378
LOC131386436	protein_coding	732	912	1106	521	11	1462
LOC132412297	protein_coding	625	1643	1161	3723	1162	2708
Or12e16-ps1	protein_coding	1242	930	492	383	314	111
LOC131339816	protein_coding	341	797	384	611	540	672
Mir344e	protein_coding	499	587	711	285	1067	499
Gm18126	lncRNA	111	112	166	162	122	98
Gm30391	protein_coding	155	57	40	119	100	138
Gm23547	protein_coding	100	479	380	455	97	234
Gm14248	lncRNA	847	2633	377	502	599	441
Gm24292	protein_coding	347	768	1	6929	265	106
LOC131296365	pseudogene	1805	723	2478	536	510	776
Gm17177	protein_coding	1070	400	291	635	767	1701
C79122	protein_coding	692	440	645	1759	1719	1463
LOC132410356	protein_coding	99	172	126	162	796	17
LOC131336999	protein_coding	2170	5108	1702	4793	3565	7499
Ak4	protein_coding	430	421	319	1011	161	137
Rps27-ps2	protein_coding	615	460	724	581	378	556
Gm33672	protein_coding	129	16	79	200	123	427
Gm46669	lncRNA	92	327	383	139	169	186
LOC132407807	protein_coding	844	1343	490	1000	630	976
LOC118568467	protein_coding	998	1150	1288	3727	1291	919
Calhm4	protein_coding	287	401	1099	1093	595	994
Gm15006	protein_coding	723	231	1245	569	1409	488
LOC131337944	protein_coding	1711	2268	564	1491	417	951
D2Mit275	protein_coding	739	705	1019	1272	1133	884
Zfp383	protein_coding	553	537	425	358	830	216
Gm36807	pseudogene	245	200	342	915	279	545
Cntn2	protein_coding	2353	2677	2154	3892	3223	5342
Gm32618	protein_coding	1665	1962	1356	1266	1330	1820
Ctsm	protein_coding	718	1587	355	846	1148	1344
Tbc1d19	protein_coding	3236	451	830	611	587	1516
Tusc3	protein_coding	749	806	926	1362	1132	1477
Igkv12-38	protein_coding	125	235	142	162	94	103
LOC131386722	pseudogene	1665	1009	443	336	428	580
D11Mit153	pseudogene	50	216	254	348	129	200
LOC131386397	protein_coding	945	2009	2158	2055	1250	1253
Gm3584	protein_coding	134	221	560	151	191	84
Gm30060	protein_coding	257	20	214	379	725	188
Gm45998	lncRNA	464	117	1162	608	10259	7376
LOC128925698	protein_coding	1598	1209	1547	2724	3076	3458
Gm8865	protein_coding	2278	873	3352	957	799	2502
Gm32688	protein_coding	1173	720	491	525	692	643
LOC128927128	protein_coding	263	280	620	622	411	805
Cbx2	pseudogene	570	181	15	272	301	1485
Gm14601	protein_coding	277	251	552	434	645	769
AI131754	protein_coding	309	830	466	1394	2698	2507
LOC131387169	protein_coding	543	1221	1177	909	1034	541
LOC131339073	protein_coding	2407	433	1934	2668	1426	2219
LOC128925731	pseudogene	1508	1010	1736	926	1570	1212
Rn7s12	lncRNA	1084	387	24	218	222	212
LOC131389970	protein_coding	381	565	453	570	684	954
LOC132412755	protein_coding	781	541	646	1405	809	1878
LOC131340977	protein_coding	908	2898	2151	1698	285	64
Xmv36	protein_coding	365	791	49	278	629	482
LOC131337127	protein_coding	153	261	288	193	361	1011
Fip1l1	protein_coding	652	326	746	733	618	1052
LOC109279884	protein_coding	248	1914	618	2559	46	1351
Lingo3	protein_coding	1870	1601	909	129	453	1261
Gm12299	lncRNA	1283	1664	1109	820	1182	425
LOC131375146	protein_coding	92	112	45	174	210	192
LOC131386821	protein_coding	373	504	349	1103	189	461
Gm26760	protein_coding	87	105	68	386	75	117
Rcsd1	protein_coding	1319	798	621	534	342	1139
Gm41997	protein_coding	2192	1987	2381	2830	1537	3264
Erhrt-ps	lncRNA	866	689	629	1153	1038	976
LOC132409324	protein_coding	148	106	61	158	81	93
Gm35816	protein_coding	307	39	508	457	562	410
LOC131183832	protein_coding	475	540	299	497	346	359
LOC131340876	protein_coding	2209	2525	1160	3859	2905	6358
LOC131380587	protein_coding	808	717	944	1613	1027	347
LOC131380239	pseudogene	769	946	623	993	714	408
Rem2	protein_coding	1577	2874	1111	1450	1791	501
A930003A15Rik	protein_coding	712	377	252	487	825	1544
Mapkap1	protein_coding	1695	1162	2793	1603	2113	1175
Csf3	pseudogene	224	1590	1231	495	659	1977
LOC132440573	pseudogene	78	4102	856	3502	2476	61
LOC132440562	lncRNA	1479	969	1337	544	1326	1442
Gm39854	pseudogene	694	849	1729	3943	1056	297
Gm18630	protein_coding	1393	2401	1510	3549	2541	1827
Mir3552	protein_coding	707	331	230	985	794	449
LOC128927095	protein_coding	94	175	1510	634	1371	237
Ighv1-78	protein_coding	398	85	5332	833	288	1499
Gm5291	lncRNA	507	1338	876	1094	427	803
D17Mit122	lncRNA	1180	586	833	865	1446	732
Gm54157	protein_coding	378	1397	1938	2127	349	1668
LOC131378213	pseudogene	1148	2443	4092	1392	2608	2604
LOC131391220	protein_coding	1649	1090	189	695	172	369
Gm43117	protein_coding	954	1078	848	806	696	1456
LOC131296800	protein_coding	276	149	207	259	174	238
Gm28874	pseudogene	114	852	574	713	126	656
Mir384	protein_coding	981	285	319	699	83	950
Gm26653	protein_coding	880	1734	542	2855	754	526
LOC131387065	protein_coding	378	482	480	639	631	722
Terf2ip	protein_coding	522	268	832	462	693	797
5430440L12Rik	protein_coding	201	292	115	260	754	375
Xxylt1	protein_coding	265	373	145	644	207	21
Gm7853	protein_coding	307	319	412	242	463	171
Or4k5	lncRNA	663	727	1216	1171	1282	1518
D7Mit276	protein_coding	1423	896	622	1498	797	850
Rhox2-ps	lncRNA	883	2242	2484	1057	943	1463
Vmn2r-ps150	protein_coding	152	101	132	21	188	0
Gm13348	protein_coding	801	1720	914	582	1929	894
LOC128927481	pseudogene	306	167	151	294	189	178
Sis	protein_coding	614	615	590	595	516	464
C87312	protein_coding	1942	2358	1272	2445	2262	2294
Arf3	protein_coding	240	96	365	152	96	65
Pbwg20	protein_coding	198	252	27	166	227	227
Mir196a-2	protein_coding	1149	1128	2581	1098	1847	2927
Gm46555	protein_coding	827	481	874	1340	329	912
LOC131378108	protein_coding	6389	2338	3403	3348	2760	2164
Gm21012	protein_coding	2098	4333	2462	2431	4236	1858
LOC131379777	protein_coding	1089	1261	34	2034	1731	1286
Akp1	protein_coding	2180	2330	1776	3202	1220	2848
Pmv49	protein_coding	1986	334	2345	561	446	447
LOC132412130	protein_coding	56	81	139	28	109	29
LOC128926128	protein_coding	1988	1953	1379	2317	2277	2947
LOC131340560	protein_coding	87	67	35	87	185	104
E030026E10Rik	protein_coding	136	321	653	280	268	396
Gm7786	protein_coding	384	3	2	442	3	290
DXMit226	protein_coding	789	535	1129	716	656	590
LOC131337433	protein_coding	940	498	681	1357	1311	845
LOC131390879	protein_coding	286	611	241	168	354	284
LOC109279874	protein_coding	543	387	1130	1005	182	172
Gpr31	protein_coding	858	1227	492	949	941	1000
LOC131340683	protein_coding	134	267	148	187	166	163
LOC131337498	protein_coding	303	454	238	458	161	345
Gm3585	protein_coding	627	507	820	210	338	189
Gm22310	protein_coding	85	71	5007	1051	605	7494
Far1os	protein_coding	406	537	580	232	468	656
LOC131389708	protein_coding	329	61	488	233	179	317
LOC132408042	protein_coding	441	163	505	66	270	222
LOC132408130	pseudogene	536	379	489	738	286	449
Gm52428	protein_coding	304	304	754	827	695	298
Fgd4	protein_coding	6026	1441	3257	1422	3591	4237
Brs3	protein_coding	0	4	37	0	122	1
Gm4540	lncRNA	159	183	278	162	417	549
Gm3440	protein_coding	331	319	510	293	142	161
Gm21052	protein_coding	584	588	437	429	291	528
LOC131387299	protein_coding	1819	2560	2394	1508	2038	1254
Catip	protein_coding	820	1014	1682	2881	234	2844
Gm22598	protein_coding	716	2	202	1174	59	3047
Mup11	protein_coding	1180	609	1588	478	1032	2586
Crcp	lncRNA	663	296	1658	168	321	664
Gm23378	lncRNA	1450	1168	2697	1825	2091	3138
LOC131389510	protein_coding	395	580	811	2579	517	209
LOC132410505	protein_coding	378	1779	263	261	1328	716
Ppp5c	lncRNA	171	262	119	506	153	807
Gm32794	pseudogene	2420	1949	848	1546	1299	1791
LOC131374374	pseudogene	1493	1545	1133	728	1269	1007
LOC131390281	protein_coding	1442	4226	4989	1693	734	455
Eif1ad16	pseudogene	1360	1045	4431	3277	1932	3265
Gm16471	protein_coding	154	42	50	363	91	306
Cpox	protein_coding	2277	238	190	122	151	326
LOC132409583	protein_coding	625	302	441	441	638	252
Gm46961	protein_coding	387	603	139	317	514	393
LOC131388252	protein_coding	297	516	713	645	517	191
LOC128925421	protein_coding	3746	2024	3111	2469	2943	2638
Gm22154	protein_coding	452	875	521	609	480	761
Gm36865	lncRNA	1150	556	765	2011	545	979
Del(2)Usc1	pseudogene	1424	3680	2887	2322	4518	2343
Rb(10.12)17Rma	protein_coding	124	258	128	919	1245	1095
Igkv15-101	lncRNA	516	809	591	443	541	454
Gm57685	lncRNA	4728	992	1801	3483	3593	2810
D3Ertd508e	protein_coding	3079	3449	823	2344	1900	1506
Gm33351	protein_coding	663	782	652	488	777	268
LOC131387057	protein_coding	3118	1114	651	1024	424	1035
LOC132410413	protein_coding	1308	1588	439	1577	1551	1033
T(1;14)5Gso	lncRNA	1805	2872	1483	2091	2227	2246
LOC128927496	protein_coding	4	744	25	0	907	5
D12Mit60	protein_coding	419	405	398	261	186	355
LOC131392739	protein_coding	1276	3682	396	78	742	843
Gm13761	protein_coding	613	374	1303	244	674	635
Ccdc163	pseudogene	136	204	259	221	934	1123
Gm25091	protein_coding	1012	1500	1279	706	1578	1295
LOC131375576	protein_coding	2144	556	706	1711	1122	1748
LOC131374990	protein_coding	204	207	174	194	239	84
Gm34127	protein_coding	981	1554	887	1369	1222	897
Gm29997	protein_coding	2317	4016	2178	3956	3622	3475
Hdlcl2	lncRNA	496	624	515	457	671	203
LOC131339742	protein_coding	78	824	479	539	233	298
Gm31114	pseudogene	330	317	655	750	942	1008
Gm15867	protein_coding	277	1761	553	1130	3000	189
LOC132443171	protein_coding	3857	3492	2547	1966	1190	163
LOC131296927	protein_coding	859	984	1835	835	859	1025
Gm9929	protein_coding	261	210	497	1574	322	49
Gm34455	protein_coding	197	328	176	68	71	152
Tmem184c	lncRNA	130	360	224	44	82	69
Snord138	protein_coding	99	251	196	107	582	1185
Hivan1	protein_coding	2816	1269	1581	544	2966	86
Litaf	protein_coding	1523	698	425	886	1620	558
Bnip3l-ps	protein_coding	1491	659	247	207	75	954
Gm32487	protein_coding	896	615	1158	804	779	448
Gm52004	lncRNA	443	399	898	728	1304	2228
Zkscan16	protein_coding	604	775	635	170	427	1489
Gm412	protein_coding	44	194	347	75	196	58
Gm39734	protein_coding	344	345	318	331	182	187
LOC132409824	protein_coding	1640	719	145	664	859	149
Dbsty1	protein_coding	70	512	438	613	481	496
LOC131386957	protein_coding	1142	405	770	639	881	652
LOC128926125	protein_coding	2076	999	1022	813	631	252
Gm18159	lncRNA	560	245	271	154	366	135
LOC131373568	protein_coding	771	4076	2855	2363	4599	2668
LOC131391588	protein_coding	61	89	154	189	85	86
Cyp4f39	pseudogene	511	551	704	527	495	679
Gm22359	protein_coding	1149	2231	1694	2037	2145	604
LOC132440958	protein_coding	1012	1197	495	718	735	1287
Urm1	protein_coding	1864	305	504	113	629	819
Rpl35a-ps1	lncRNA	141	262	288	510	225	148
Mtarc2	protein_coding	1599	637	2405	642	1213	1018
Nae1	lncRNA	97	111	116	177	35	59
Iapt1	protein_coding	296	1306	386	491	473	595
LOC128925052	protein_coding	646	500	175	173	859	682
LOC131371611	lncRNA	28	22	178	586	258	644
LOC128925509	protein_coding	13	23	162	113	126	65
Mpmv11	protein_coding	2513	1283	2052	9411	12044	7451
Gm9336	protein_coding	1341	448	375	451	674	409
Casc3	protein_coding	709	487	320	557	912	263
Sgcg	protein_coding	1158	588	324	905	171	642
Fgf6	protein_coding	1286	1414	1460	1287	1394	506
Snw1	protein_coding	1383	1729	1906	1414	1357	2254
LOC128925602	protein_coding	842	1031	1522	3072	1240	1030
LOC131386621	protein_coding	140	123	226	58	136	183
Dmyaq1	protein_coding	984	479	352	330	495	346
Gm8100	protein_coding	643	3810	1265	886	1310	741
LOC132444172	protein_coding	130	327	137	760	636	728
Gm21996	lncRNA	1508	410	523	675	274	1130
Gm22797	protein_coding	977	919	941	285	330	251
Orm3	protein_coding	289	228	130	232	160	361
Cdc123	protein_coding	1457	116	690	1246	1173	417
Tada3	protein_coding	2528	1113	3107	953	794	651
Ppifos	protein_coding	2140	334	1325	1497	177	3399
Gm23205	protein_coding	1301	1349	1138	684	582	784
Gm57753	pseudogene	198	30	159	29	26	201
LOC131373152	pseudogene	3469	214	1062	702	1266	4926
LOC131375907	protein_coding	1730	5120	1739	660	1928	1752
Gm47814	lncRNA	322	113	237	63	109	316
LOC128927126	protein_coding	176	387	41	15	60	293
Gm12289	protein_coding	357	275	240	684	354	1663
LOC131373044	protein_coding	835	530	2437	1723	1948	1180
LOC132408179	protein_coding	1627	2108	3361	2612	3588	919
D18Ggc1e	protein_coding	389	642	130	349	168	182
LOC131340136	protein_coding	537	916	1794	848	623	831
Gm38829	lncRNA	299	165	316	222	114	227
LOC131296238	protein_coding	802	771	872	572	431	457
LOC132442840	lncRNA	183	298	356	515	488	215
Gm51798	lncRNA	27	2	20	152	259	746
LOC131379588	protein_coding	199	178	698	272	352	229
Zfp956	protein_coding	1275	1194	1394	3840	3283	3690
LOC131388048	pseudogene	67	150	138	100	161	142
Bnipl	lncRNA	7889	735	2638	27	428	4735
LOC131373088	protein_coding	1200	1297	1113	618	242	2006
Barhl2	pseudogene	2043	1068	674	2622	714	1177
Chlq16	protein_coding	854	1170	1833	2682	1936	2261
LOC131373901	protein_coding	307	255	479	579	342	209
Gm9001	protein_coding	3252	2253	476	2551	1064	2231
Gm17915	lncRNA	105	86	238	291	47	30
Fam53b	protein_coding	192	373	201	316	200	508
LOC128927262	pseudogene	999	483	1298	701	1236	995
Gm22304	protein_coding	362	1057	123	790	381	320
LOC131297341	protein_coding	1078	4426	2037	1724	1296	636
LOC109279915	lncRNA	6108	1112	1378	4894	2190	2141
Gm32535	lncRNA	302	73	311	892	982	642
5830411K02Rik	protein_coding	207	533	428	519	1104	1639
Gm35445	protein_coding	702	431	1602	833	430	543
Gm44768	protein_coding	1276	750	1746	2827	1708	562
5830454J16Rik	protein_coding	265	187	587	293	128	261
Micu2	pseudogene	415	1063	454	1172	773	1023
Gm12780	protein_coding	1271	825	771	1238	960	1663
Frg2f9	lncRNA	1071	407	229	600	78	388
LOC131390056	protein_coding	61	298	1	9	119	246
LOC131388385	protein_coding	729	444	772	941	662	718
LOC131374635	protein_coding	912	1289	565	919	509	2151
Gm6981	lncRNA	222	286	412	238	88	427
Gm41130	pseudogene	1769	511	820	2629	618	1741
Col4a3	protein_coding	1734	1310	1270	3519	2089	2557
LOC132409354	protein_coding	548	206	100	822	29	586
Gpc2	protein_coding	939	1114	300	184	226	586
LOC131373707	protein_coding	174	199	30	151	99	262
Stt3b	protein_coding	2562	2412	722	2479	1125	1426
3T	pseudogene	1337	3716	1362	1981	3841	7682
LOC131297382	lncRNA	977	2105	3850	5406	6826	4285
D8Ertd158e	lncRNA	1568	1008	1080	2186	1579	1612
Cyp2j11	protein_coding	773	689	2546	316	814	835
Serf1	protein_coding	5611	493	3921	1845	11333	3331
Gm34218	protein_coding	1093	960	854	696	1607	612
Gm3565	lncRNA	463	662	362	693	969	415
Gm52205	protein_coding	91	82	94	153	99	84
Gm34371	protein_coding	133	222	253	638	231	212
Gm39612	protein_coding	8160	129	1277	2610	651	2666
Gm9682	protein_coding	2007	582	146	410	1308	891
LOC132440767	protein_coding	1912	803	786	1451	1486	629
Gm23966	protein_coding	343	81	310	136	816	733
LOC131387366	protein_coding	510	490	495	700	381	678
Greb1	protein_coding	406	73	379	433	971	332
Or8b42	protein_coding	46	37	92	82	90	74
DXMgc82	protein_coding	6	813	1404	492	6415	245
A230048O21Rik	lncRNA	473	351	367	491	679	317
Rab11bos1	protein_coding	1083	822	512	840	668	335
Gm51744	protein_coding	848	973	1349	932	1529	2968
Prkar2a	pseudogene	1089	1631	2111	1036	1110	733
Ofa	protein_coding	784	909	1807	2506	1278	2035
LOC131380620	protein_coding	543	192	162	319	1208	71
D5Mit334	protein_coding	1379	448	333	247	856	1712
LOC131372082	protein_coding	284	607	399	631	490	834
Rrp7a	protein_coding	3216	2195	772	2482	4037	6089
Or13c7e	lncRNA	213	4805	866	798	0	2503
Or4f14	protein_coding	2156	1989	1669	277	592	1149
BC026762	protein_coding	308	399	416	422	712	392
Cpeb1os1	protein_coding	1123	516	466	892	966	933
Gm10753	pseudogene	2081	2027	502	494	1381	666
Tppp3	protein_coding	393	270	728	618	368	411
D19Mit39	protein_coding	231	742	601	440	1039	175
Gm46241	protein_coding	382	646	630	506	679	393
LOC131296318	protein_coding	1837	1677	1850	1408	1515	1209
Gm39634	protein_coding	770	108	1503	523	195	382
LOC131392187	protein_coding	717	957	1219	3498	2375	757
D1Mit273S	lncRNA	2360	679	231	19	404	984
LOC131384857	protein_coding	1315	1345	2247	1195	1192	1454
LOC132407914	lncRNA	790	274	600	714	1802	5001
Scx	protein_coding	56	8	65	147	211	133
LOC132441531	pseudogene	235	296	179	398	198	180
4930500E03Rik	protein_coding	390	604	456	571	971	453
LOC132412625	protein_coding	3289	3155	1	2836	8533	178
Snora30	protein_coding	1128	326	142	456	790	293
Gm12151	protein_coding	738	578	614	370	398	1002
Chaserr	pseudogene	747	2068	1884	785	1522	1031
Gm4117	protein_coding	784	757	772	841	333	426
Gm34348	protein_coding	1008	644	1073	710	691	629
LOC132442499	protein_coding	3180	817	62	5	0	2
LOC131389978	pseudogene	678	493	473	1014	420	587
LOC132409190	protein_coding	524	605	1138	777	888	703
Zfp37	protein_coding	486	648	514	370	681	948
LOC131391669	protein_coding	859	2091	405	763	799	1005
Tex19.2	protein_coding	469	473	669	637	466	583
LOC132411775	protein_coding	1025	536	23	423	251	807
LOC131379247	protein_coding	200	488	268	140	184	71
Gm13682	protein_coding	626	486	450	1056	861	95
LOC131387804	pseudogene	572	1725	788	1338	307	1057
Taste9	protein_coding	177	110	138	184	356	418
Gm22743	protein_coding	155	197	187	168	81	190
4930412C18Rik	lncRNA	201	193	337	244	262	366
Gm19418	protein_coding	2743	1532	2344	2588	2435	1641
Trim30a	pseudogene	1626	1913	4450	734	349	610
LOC131386215	lncRNA	358	416	794	182	143	677
LOC131296027	lncRNA	352	400	161	107	762	318
Nhdlq7	protein_coding	1738	1166	732	1490	2834	1615
Guf1	pseudogene	2561	1987	1807	2017	1283	750
Or7a37	protein_coding	243	1842	702	530	322	1856
LOC131339792	lncRNA	2584	1190	2283	1051	1433	3278
LOC128925559	lncRNA	929	680	726	444	229	1349
LOC131373323	protein_coding	3876	1964	3456	3535	3964	2485
LOC131374108	lncRNA	361	493	497	418	411	450
Gm6749	protein_coding	227	1054	622	1077	1524	2653
Gm53246	protein_coding	514	45	1337	13632	4607	13
4933425M03Rik	pseudogene	965	693	339	756	706	845
Senp7	protein_coding	789	378	1569	843	1249	1853
Gm34655	protein_coding	207	138	127	235	392	30
Gm7001	protein_coding	2257	2629	1946	2644	4558	5506
Gm11964	protein_coding	1323	219	90	486	539	280
Gm57763	protein_coding	3837	1357	60	1614	953	1868
LOC128925266	protein_coding	1981	2797	175	722	5940	1739
Gm40150	protein_coding	1867	4116	4513	6103	5216	3630
Gm28392	protein_coding	190	302	51	224	278	1404
Gm39595	protein_coding	2625	3576	3373	545	1053	1099
D19Mit55	protein_coding	383	263	692	192	84	119
LOC121392897	protein_coding	723	2015	1604	1349	827	1379
LOC131378416	protein_coding	2862	1926	1442	1976	1759	1671
Gm34405	protein_coding	825	868	892	824	1067	648
Gm36136	protein_coding	1029	541	761	410	1831	1144
LOC132445049	lncRNA	572	1734	1197	1394	1293	1339
Gbp3	protein_coding	2052	466	286	1736	1000	2000
LOC131386872	protein_coding	371	573	773	477	367	709
LOC131338777	protein_coding	846	213	1608	1316	793	895
Ccmp6	protein_coding	2587	660	482	1923	613	2267
LOC131341880	protein_coding	4916	2692	3446	4430	6480	4203
Phospho1	protein_coding	47	58	320	293	23	158
Gm52820	lncRNA	11	617	307	171	7	20
LOC132442996	lncRNA	193	245	188	446	114	117
Asphd1	pseudogene	316	1745	3942	166	1361	1112
Babam1	protein_coding	64	260	226	170	85	190
LOC131388382	protein_coding	1092	1120	1940	900	1063	1398
Gm52688	protein_coding	752	402	1268	421	414	753
LOC131389505	protein_coding	1011	624	995	1694	1220	1051
Tex30	protein_coding	1318	600	1111	279	184	826
LOC132411227	protein_coding	7537	2733	4339	1856	2359	11820
D6Mit174	protein_coding	562	1767	1846	3462	5910	897
AA619741	protein_coding	1535	173	325	3661	626	1404
LOC109279892	protein_coding	87	335	222	157	172	151
Gm21879	protein_coding	1336	359	1808	438	984	873
LOC128925318	protein_coding	464	1923	1347	365	139	252
AA517031	protein_coding	1229	259	1118	333	1827	811
Dand5	pseudogene	277	306	11	55	324	2513
LOC131392577	protein_coding	1135	790	606	547	1321	875
Nanog	protein_coding	609	851	705	1464	501	2236
Gm32223	pseudogene	458	329	412	52	168	42
Gm52551	lncRNA	392	815	369	565	573	572
DXMgc26	protein_coding	370	168	260	187	126	157
LOC132445133	protein_coding	1303	669	1046	309	386	570
Gm40829	protein_coding	443	203	84	495	235	111
LOC132409095	protein_coding	97	778	151	225	314	457
LOC109280004	protein_coding	575	359	578	339	100	586
Gm41666	pseudogene	633	1499	168	1457	957	341
4930592A05Rik	pseudogene	164	169	308	135	273	238
n-TAcgc6	protein_coding	2765	1142	1310	1541	2244	1196
C77576	protein_coding	357	266	897	549	503	1127
Or14c40	protein_coding	909	502	625	549	473	842
E130208F15Rik	protein_coding	1296	783	1418	9199	9644	5815
Trmt5	protein_coding	315	764	359	7591	433	2136
LOC131341668	protein_coding	548	604	332	439	557	268
Tnk1	lncRNA	83	1268	1750	803	180	467
LOC131390244	protein_coding	374	302	487	226	242	135
LOC131389150	protein_coding	500	115	507	187	332	53
LOC128926758	protein_coding	432	242	800	811	287	521
LOC131390691	protein_coding	1038	1388	758	1109	1662	625
LOC128924436	pseudogene	1002	968	939	699	487	104
LOC131392166	protein_coding	156	107	0	12	60	430
Psg23	protein_coding	148	148	214	49	59	154
Gm28683	pseudogene	730	186	2049	1663	1046	715
Gm15063	pseudogene	1803	1143	650	2286	1136	1416
Hspd1-ps2	protein_coding	237	287	357	541	336	229
LOC131385251	lncRNA	782	1241	588	772	835	909
Gm21859	protein_coding	742	585	1792	655	1333	723
LOC131373818	lncRNA	1061	327	382	733	529	783
LOC131377113	protein_coding	544	1854	578	554	2266	1788
LOC131388347	protein_coding	2565	1126	1726	1221	726	1588
Arhgap44	protein_coding	3012	2565	1552	1427	2049	2371
Serpinf2	protein_coding	178	165	203	204	57	72
Mir149	protein_coding	74	6	1	83	250	50
LOC131387562	protein_coding	1432	1847	459	700	1039	1539
LOC131377448	protein_coding	213	711	898	124	250	568
LOC131295999	protein_coding	637	454	957	363	1388	805
Ighd2-10	lncRNA	211	199	138	228	317	262
LOC131337162	protein_coding	279	85	121	153	235	145
Gm30731	pseudogene	651	790	1907	368	147	423
Brml6	protein_coding	1832	479	2486	1040	587	614
Trmt10a	protein_coding	1054	280	725	488	1179	926
LOC131373902	protein_coding	229	654	308	1002	268	295
LOC132410671	protein_coding	514	1003	686	1111	739	1193
Mir3107	protein_coding	38	3512	2720	462	425	2175
Traj15	protein_coding	2360	848	386	1377	298	1339
LOC131390065	protein_coding	416	164	230	1050	406	293
Gm19860	lncRNA	1578	1393	1954	335	499	3090
Gm32980	protein_coding	679	778	683	822	1156	704
Gm24319	protein_coding	855	1296	325	2526	988	3467
Or56a5	protein_coding	604	253	1253	1095	692	904
Spn	protein_coding	1113	515	872	885	832	593
Igsf23	lncRNA	2770	2780	3332	1231	1134	820
LOC132410380	lncRNA	1999	223	1724	516	436	1122
LOC132443104	lncRNA	3868	2915	4306	2851	2143	2852
D12Mit182	protein_coding	268	254	324	757	226	324
LOC131391578	protein_coding	1363	1501	9	383	3233	72
LOC128927578	lncRNA	383	251	571	306	396	665
Gm26357	protein_coding	3444	1906	291	1673	1921	1725
Rprml	protein_coding	363	1320	1083	1354	1079	1597
LOC131372744	protein_coding	242	881	352	546	266	280
Samd10	protein_coding	430	474	429	429	546	722
LOC128926680	protein_coding	2716	6910	3814	749	3502	1674
LOC131386790	protein_coding	707	524	709	501	551	761
LOC131296761	protein_coding	441	570	1132	2155	234	216
Gm7483	pseudogene	1067	751	932	662	940	1172
Gm14324	pseudogene	2285	658	1896	1447	2122	482
Gm22044	pseudogene	1434	260	673	512	966	204
AW549269	protein_coding	622	316	540	399	509	668
Nfilz	protein_coding	1218	470	1400	718	1202	816
LOC131387793	pseudogene	790	1148	307	812	1168	134
Fkbp9	protein_coding	1576	1178	1040	1183	1168	1713
LOC131338286	lncRNA	1947	1877	3010	2324	2997	3252
Gm12022	lncRNA	1563	1904	1776	1397	2217	1877
LOC132409182	pseudogene	273	571	464	928	498	585
LOC131389158	protein_coding	1194	330	687	1005	195	1013
LOC132411393	lncRNA	338	3462	529	1600	1006	1266
Gm36165	protein_coding	567	336	544	969	414	449
Maml3	protein_coding	1730	3339	1851	510	1111	1523
Cd36ot1	pseudogene	1065	1035	1160	1401	1213	2268
LOC131375926	protein_coding	1084	1061	1079	887	1937	1235
Or52p2	protein_coding	353	215	279	255	130	140
Mthfr-rs1	protein_coding	1196	442	399	165	2906	1042
Gm27005	protein_coding	2555	698	1466	2362	1639	1047
Ccl7	lncRNA	68	177	65	1280	213	13
LOC131392632	protein_coding	1273	1466	2200	822	273	552
Slc16a3	protein_coding	1830	1663	1341	2464	3160	4136
E130008D07Rik	protein_coding	556	848	498	407	579	379
Gm21864	protein_coding	846	250	1262	196	430	449
D16Ium60	protein_coding	1417	1927	3274	1971	1964	1786
Rara	protein_coding	881	621	1089	862	690	595
Cpeb1	lncRNA	10	620	1620	645	93	2417
Gm51865	protein_coding	609	672	277	406	364	237
LOC131377215	lncRNA	378	519	673	315	324	252
D17Sut1e	protein_coding	247	529	292	248	207	432
4930546J17Rik	lncRNA	352	197	353	248	264	136
Gm35425	lncRNA	1311	1034	545	632	604	1388
Mmv12	protein_coding	4436	1522	1397	3189	826	4169
T(2;10)67Gso	pseudogene	981	484	1029	581	488	569
LOC132440547	lncRNA	2833	1556	4422	1920	1554	3014
Gm32173	protein_coding	1489	947	706	960	435	971
LOC131389800	protein_coding	1903	1131	767	649	1119	975
Gm5369	protein_coding	1322	1608	1154	431	617	1277
LOC131386729	protein_coding	668	329	190	609	194	718
LOC131337307	protein_coding	52	25	28	26	24	36
LOC131377876	protein_coding	1204	1207	3498	749	569	1551
Gm41373	protein_coding	186	458	2917	1249	328	736
Mir7230	protein_coding	4625	4804	2853	5774	3135	1092
Gm28523	protein_coding	1227	1427	494	1163	1310	1165
Map3k3	protein_coding	1580	533	411	1566	481	551
Gm15010	protein_coding	97	107	64	128	87	68
1700065L07Rik	protein_coding	1072	350	312	285	315	518
Trav3n-2	lncRNA	739	631	581	352	191	242
Ephb1	pseudogene	341	414	195	488	566	1100
Khdc1a	protein_coding	1988	2688	399	1393	970	1515
Figla	protein_coding	49	118	13	208	119	278
Gm22550	protein_coding	364	1106	387	2292	440	629
Gm13857	protein_coding	429	1	23	26	12549	4634
Gm8068	protein_coding	322	220	405	808	654	579
4921504P13Rik	lncRNA	10	107	57	327	110	137
4933405E24Rik	protein_coding	0	18	23	0	28	223
LOC131375478	protein_coding	781	582	1223	1224	823	2039
LOC132411266	protein_coding	253	942	313	947	1133	403
C1ql1	protein_coding	352	303	381	632	478	181
Gm5127	protein_coding	370	307	349	195	270	269
Necap1	protein_coding	2621	2196	1713	2262	1995	1224
D10Mit283	protein_coding	872	956	1283	776	955	628
Ofca3	protein_coding	1167	2253	1382	1437	1567	1072
BC019510	protein_coding	986	707	922	646	871	565
Gm26520	pseudogene	792	790	395	810	765	681
LOC131297756	protein_coding	478	969	1253	917	637	1404
Nmu	protein_coding	1104	797	134	1243	737	648
Iapls1-1	protein_coding	850	1328	2083	1365	694	2896
Gm36121	protein_coding	890	418	783	536	256	1014
Gm46730	pseudogene	634	223	325	431	1187	870
LOC131379853	protein_coding	6455	4428	4942	6972	3935	3883
Gm6631	protein_coding	1776	1406	835	562	1096	1614
Igkv2-107	lncRNA	580	1039	465	678	472	1253
D4Mit89	protein_coding	1891	1496	196	1074	1452	2351
Or9s14	protein_coding	344	15	654	45	286	859
LOC128927329	protein_coding	572	641	467	609	136	30
D4Ucla1	protein_coding	329	372	489	391	637	344
LOC131388984	lncRNA	105	68	233	551	49	401
Gln3-7	protein_coding	11644	13364	583	1502	899	793
LOC131380557	protein_coding	266	523	268	603	53	422
St14	protein_coding	329	1030	712	1363	1298	622
LOC131297125	protein_coding	447	697	581	681	669	1039
Map3k7cl	protein_coding	307	363	131	425	196	201
D14Mit176	lncRNA	1458	363	1871	1335	832	794
Gm36863	protein_coding	1814	664	1597	4955	1366	5754
Frem3	pseudogene	923	926	1080	1121	1660	923
Ckb	protein_coding	1779	2401	1108	2152	3359	1483
Gm33160	protein_coding	359	404	978	792	651	604
Gm42305	pseudogene	606	626	386	380	139	207
LOC132412918	protein_coding	676	1491	564	1979	1448	1227
Serpina7	protein_coding	747	1041	3733	1894	2307	4299
D11Mit150	protein_coding	168	178	536	389	194	220
2810403G07Rik	protein_coding	918	2170	643	1707	547	725
Gm30572	lncRNA	414	127	340	944	387	1702
LOC132411508	lncRNA	527	661	1029	588	1049	1157
LOC131377357	protein_coding	475	479	135	406	409	316
LOC132411560	protein_coding	476	54	989	883	367	134
D16Jhu78	protein_coding	581	1980	133	47	877	666
Pomt1	protein_coding	463	996	559	5528	4997	5355
LOC128927641	lncRNA	54	389	812	1378	1292	878
LOC131372969	protein_coding	576	611	2411	1120	736	599
Gm17815	lncRNA	519	769	846	1338	695	1107
LOC131386189	protein_coding	1277	1283	1502	2298	2027	2519
LOC131340096	lncRNA	2212	3363	5048	1477	1776	1706
Ap4s1	protein_coding	524	449	352	443	483	942
Acsbg2	protein_coding	371	729	525	1517	746	1553
Bodw1	pseudogene	463	609	526	860	568	732
Gm47261	protein_coding	44	12	18	127	56	102
Mir503	protein_coding	1387	1062	636	1262	1655	1397
LOC131380105	protein_coding	687	314	176	429	621	454
Catsperg1	protein_coding	78	20	67	71	128	166
LOC131297175	protein_coding	247	374	475	183	789	275
LOC132411600	protein_coding	825	1045	543	480	1299	221
Gm30548	protein_coding	314	290	1	10	95	193
Gm4230	lncRNA	930	1455	3362	441	1201	1952
Gm15661	protein_coding	443	157	677	460	206	127
2310067P03Rik	pseudogene	450	1489	504	225	124	1161
Igf1sl4	protein_coding	1223	1975	1297	1115	1139	1374
Bkm5	protein_coding	4458	3355	3073	2543	1615	723
Gm7073	pseudogene	1863	3051	2345	1263	1858	546
Tmevp2	protein_coding	1190	773	734	830	1651	302
Dolk	protein_coding	332	206	191	158	165	146
Gm41339	lncRNA	4443	6198	4369	5857	2230	1253
LOC131389719	protein_coding	1783	485	991	1541	1046	735
Hoxa13	protein_coding	3251	394	3146	2214	1972	976
LOC131374629	protein_coding	1817	2881	1303	576	1716	688
LOC132412552	protein_coding	780	3742	698	2042	1587	718
LOC131374942	protein_coding	1034	28	130	157	1315	1546
Gm10473	protein_coding	1286	899	1589	302	1935	1539
LOC132411801	protein_coding	2952	1741	1974	2952	1198	1971
Gm6187	protein_coding	131	40	6	0	53	1371
LOC131378326	pseudogene	689	1997	369	275	682	2
Gm18360	pseudogene	1070	984	1201	769	1416	973
Echdc2	protein_coding	597	192	343	253	335	215
LOC131376192	pseudogene	12227	491	4077	9745	3990	5319
Sox10m5	protein_coding	3079	337	897	1719	458	4000
LOC131340931	protein_coding	259	502	489	382	658	1637
Gm34002	protein_coding	345	557	422	618	481	330
Trdv5	protein_coding	807	656	261	965	415	134
Gm15780	protein_coding	725	1138	1894	3460	584	968
D11Mit219	pseudogene	119	698	620	494	247	555
Afw10	lncRNA	166	89	1989	13	312	398
LOC132441017	protein_coding	535	3057	1632	724	215	139
LOC131337935	protein_coding	915	979	818	681	1044	1126
LOC131296495	protein_coding	482	385	1787	330	271	1259
LOC131340239	lncRNA	666	526	247	757	234	532
LOC132412501	lncRNA	1735	2545	2494	1652	1135	1209
Fim3	protein_coding	2069	883	886	2085	1888	1405
Gm45445	protein_coding	1820	1453	737	2590	1935	1019
LOC131392383	protein_coding	282	2854	1520	217	1658	21
LOC114827965	protein_coding	708	1699	249	339	541	1402
LOC128925259	lncRNA	84	271	130	587	772	1261
Klhdc3	lncRNA	2669	1906	957	1994	1104	844
Ms6hm	pseudogene	1330	476	1607	50	435	271
Gm17141	protein_coding	556	4674	1255	1527	2646	2354
Gm27242	protein_coding	738	668	913	723	1577	352
Gm30999	protein_coding	869	3151	1378	1245	2074	3185
LOC131375254	protein_coding	529	273	631	899	304	136
Sh3glb2	protein_coding	498	457	686	559	925	563
LOC131338670	protein_coding	274	1593	1755	793	458	2154
LOC637260	protein_coding	77	286	175	142	164	338
2900009J20Rik	pseudogene	689	1918	247	578	392	307
Idi1-ps3	pseudogene	198	30	65	120	83	154
LOC132444427	protein_coding	12	392	312	9	601	549
LOC132410271	protein_coding	203	497	56	205	426	372
Gm34204	protein_coding	682	118	485	719	255	781
Gm18814	pseudogene	1488	1264	650	234	805	794
Gm35338	protein_coding	163	318	561	526	222	347
Gm41646	protein_coding	277	454	452	291	361	354
Gbp9	lncRNA	2112	504	309	2305	1480	1
U2af1	protein_coding	43	98	81	61	20	53
Ift80	protein_coding	1827	1379	2168	478	1403	1447
Gm40570	protein_coding	1225	760	513	828	1164	571
Lelp1	protein_coding	378	339	520	256	324	322
LOC131387712	protein_coding	205	1862	382	5008	3	1220
D17Zt5	protein_coding	579	1155	1724	544	587	614
BC085271	protein_coding	681	305	939	311	1054	462
D730003I15Rik	protein_coding	1138	518	307	314	167	355
LOC132411605	protein_coding	548	303	338	230	633	106
LOC132443385	protein_coding	150	272	488	450	184	69
Gm6068	protein_coding	540	333	291	262	350	399
Gm40485	protein_coding	311	488	234	295	182	300
LOC131390225	lncRNA	1424	180	662	547	389	269
LOC131340738	lncRNA	649	564	613	174	491	134
LOC131374682	protein_coding	3693	3737	2343	1540	2450	2521
Gm51705	protein_coding	562	5239	1282	374	1175	149
Gm10685	protein_coding	3004	2436	2062	2455	2044	1024
LOC128926616	lncRNA	265	651	935	330	948	420
Gm39268	protein_coding	557	1006	1035	879	258	565
Gm39593	protein_coding	1227	1427	1437	2157	795	4353
LOC132442007	lncRNA	192	206	171	343	249	159
LOC128926317	lncRNA	978	1152	1236	1522	948	831
2810427C15Rik	protein_coding	801	1284	2062	839	1049	1200
D1Mit405	protein_coding	727	366	801	501	371	1919
Gm20735	protein_coding	186	202	247	167	210	578
Gm36714	lncRNA	632	697	276	667	644	611
Gm20006	lncRNA	1116	1899	705	2054	2389	2514
LOC131340362	lncRNA	809	555	540	299	454	553
LOC132443797	pseudogene	802	1430	464	928	629	1546
LOC132412274	protein_coding	2573	490	638	1018	2415	911
LOC109280073	protein_coding	335	0	11	265	10465	0
4931402H11Rik	protein_coding	121	81	184	23	2	79
LOC131371270	lncRNA	127	584	282	644	414	204
Lrrc32	protein_coding	4710	3943	5434	746	1323	1978
Khsrp	lncRNA	50	234	9	126	33	18
LOC131377124	protein_coding	333	1408	187	1172	837	3135
LOC131385649	protein_coding	267	624	973	451	609	835
Gm52806	protein_coding	1859	2911	1979	1532	2796	1646
Cd40	lncRNA	1142	788	134	2486	565	72
LOC131387956	protein_coding	46	1600	787	185	110	3
LOC131387543	protein_coding	1143	1215	1552	198	2272	1602
DXMit33	protein_coding	1050	2245	2322	916	1284	1023
Mvk	protein_coding	517	367	572	326	521	496
Afpq9	pseudogene	371	2798	239	340	291	1694
LOC131375197	protein_coding	323	290	625	451	900	816
Pafah2	protein_coding	295	556	475	276	972	497
LOC132412939	protein_coding	400	1484	2251	1688	1113	1906
Gm52208	protein_coding	356	211	414	404	667	474
Pmv4	protein_coding	1159	571	407	3863	1260	3507
LOC131380074	lncRNA	841	567	272	427	640	359
Zfp740	lncRNA	630	1053	1063	304	632	133
LOC132411166	lncRNA	553	769	1133	1101	1265	669
LOC131376430	pseudogene	277	187	325	308	99	333
LOC131339255	protein_coding	166	361	158	224	355	506
LOC131339320	protein_coding	164	60	231	635	307	68
LOC131385770	protein_coding	469	903	909	755	352	696
Igkv1-133	pseudogene	277	63	82	351	7	44
LOC132411901	protein_coding	2166	1484	1323	2468	2177	961
Tlq1	protein_coding	41	9	110	31	154	51
LOC131390579	lncRNA	121	186	277	132	222	102
LOC132411177	protein_coding	317	572	214	497	308	464
Prkcz	protein_coding	497	926	673	370	491	831
LOC132410562	protein_coding	589	1590	543	1382	1191	838
Gm34414	pseudogene	1016	363	640	600	519	369
Gm46597	lncRNA	192	184	170	158	247	259
Dctn3	pseudogene	441	453	731	366	527	198
LOC131375710	pseudogene	375	310	494	1553	181	2229
Gm45934	protein_coding	156	108	77	57	81	162
T(11;13)56H	protein_coding	580	365	516	611	1464	1446
LOC131296715	protein_coding	486	579	178	1100	634	788
mdlk1	protein_coding	756	902	1465	2826	1229	718
Lrrc8b	protein_coding	899	1711	159	540	1558	380
LOC131377560	lncRNA	192	352	41	223	188	146
Gm53928	protein_coding	703	1047	920	1114	152	374
Y157F2R	lncRNA	1382	880	2781	446	3029	1760
LOC132410885	protein_coding	397	496	248	394	315	334
LOC132444300	protein_coding	639	845	378	441	354	654
LOC131341154	protein_coding	660	284	562	273	1162	1350
Maml2	protein_coding	256	141	1451	148	833	519
Or4g7	pseudogene	744	155	273	177	289	203
Gm3744	protein_coding	757	1100	1160	673	936	1104
Gjb2	protein_coding	378	88	221	149	80	128
LOC131337097	protein_coding	1466	1750	1814	938	1453	2034
C77484	protein_coding	3617	6219	8715	3477	1469	7140
l17Wis5	protein_coding	2866	263	9654	1994	3588	6237
Map2k3	lncRNA	1174	987	935	2105	1156	1023
LOC131374298	pseudogene	503	407	242	209	439	307
Ly6k	protein_coding	2092	2929	2290	2130	1174	1593
Ssxb7	protein_coding	927	392	345	479	19	326
Bod5	protein_coding	3007	449	822	375	1442	2456
Gm20687	protein_coding	689	324	1879	989	1049	270
Gm19368	protein_coding	265	167	185	85	102	28
LOC666331	lncRNA	213	170	250	183	164	207
Gm52787	protein_coding	2124	1732	1111	3665	1483	2435
Xmv16	protein_coding	1603	838	701	1326	631	885
Nicn1	protein_coding	1188	1787	712	1609	804	1530
42F4-T7	lncRNA	85	310	73	1221	891	117
Gm18495	protein_coding	329	2138	1684	1119	2442	452
LOC131385203	protein_coding	1350	2322	1885	1120	148	968
LOC131388152	protein_coding	349	749	401	425	769	499
Gm38680	lncRNA	167	205	231	128	211	167
LOC131374981	protein_coding	525	277	665	612	544	367
Tanidd2	protein_coding	1200	1044	4062	2524	1727	1208
LOC132445360	protein_coding	577	263	2638	1087	2898	1464
Spg7	lncRNA	543	857	3427	1191	873	1183
Gm53996	protein_coding	2058	2035	1558	1326	1222	2033
Lgth9	protein_coding	961	384	1459	575	342	852
Mpzl2	protein_coding	417	569	555	2609	727	1286
LOC131390169	lncRNA	1180	2962	914	35	53	2212
Gm32322	protein_coding	330	475	459	455	608	446
LOC131297572	protein_coding	836	1812	930	2901	2312	742
LOC132444254	protein_coding	781	235	360	763	835	459
LOC131392235	protein_coding	366	451	1016	365	877	1246
Gm39003	pseudogene	340	1728	1600	885	1084	414
gdn	protein_coding	848	1243	1339	144	1755	2701
Gm26287	protein_coding	857	1408	1111	863	1158	1094
Gm39160	lncRNA	1905	1429	1513	1684	1799	1275
LOC128925842	protein_coding	629	523	338	537	478	128
D11Mit139	lncRNA	504	1274	1099	480	1290	1307
Gm38979	lncRNA	804	484	914	1586	1070	1308
LOC131374417	lncRNA	65	356	911	495	619	850
Insl5	protein_coding	1963	2402	456	1597	3639	3162
D7Mit1002	protein_coding	995	3416	2075	1576	1999	1278
Gm26021	protein_coding	5391	3216	395	3901	2425	2714
LOC132445026	lncRNA	1400	269	2478	495	2377	514
LOC131377163	protein_coding	3840	3085	3280	2463	3350	3763
Ahnak	protein_coding	170	311	169	200	327	251
Gm52511	protein_coding	1447	233	538	253	125	1054
LOC132445341	protein_coding	568	445	698	328	1259	691
Gm46032	protein_coding	3187	3305	2485	736	700	2971
Ighv5-17	protein_coding	1986	1517	629	864	2751	804
LOC131339114	protein_coding	998	2024	471	779	743	1521
Gm52546	protein_coding	1926	484	228	983	542	614
6530402F18Rik	protein_coding	1438	536	501	553	304	230
LOC131390418	pseudogene	163	95	42	141	123	85
LOC131389668	protein_coding	2267	2485	289	967	1733	3006
LOC131340539	protein_coding	1154	200	674	827	373	1644
LOC128925338	protein_coding	491	2364	2795	1050	1237	2116
Gm53981	protein_coding	1670	2038	1971	2222	790	1679
Hsd3b1	lncRNA	135	4047	1003	185	4	1380
LOC131297099	protein_coding	2686	3646	2175	3116	2293	3876
4930500A05Rik	protein_coding	87	3036	265	6377	1225	115
LOC132441313	protein_coding	41	34	122	4460	1165	1944
Gm31857	protein_coding	872	1195	1928	187	304	348
LOC128927386	protein_coding	392	772	602	446	369	337
Rps13	protein_coding	821	779	1193	1352	1601	1305
D2Mit81	protein_coding	851	124	355	257	54	409
6030426L16Rik	protein_coding	357	648	960	742	2024	677
Igk-V15	protein_coding	966	256	1080	1090	693	1323
Gm21832	pseudogene	36	114	429	344	397	711
LOC131378827	pseudogene	1107	1084	522	256	399	401
Tmed4	protein_coding	242	1425	175	78	139	882
LOC131387255	protein_coding	34	0	110	1396	523	1681
Usp17le	protein_coding	433	225	763	451	216	425
LOC131373340	protein_coding	904	703	189	472	1157	340
Tel5q	protein_coding	950	693	429	1277	701	191
Tmprss6	protein_coding	844	1434	1132	1737	1062	1335
Gm9322	protein_coding	471	498	371	424	396	426
Gm13964	lncRNA	1887	2386	1673	2647	616	1757
In(4)1By	protein_coding	427	335	236	512	226	453
LOC131337560	protein_coding	13199	2268	2308	5710	1274	972
LOC131338898	pseudogene	129	1261	469	700	418	519
1700001I21Rik	protein_coding	3603	1370	2687	1879	1214	1266
LOC131336793	protein_coding	743	1514	650	823	273	940
Imrfq2	pseudogene	343	567	286	573	841	1611
Taok1	lncRNA	609	2744	3130	1105	709	683
Or8k21	lncRNA	2745	1030	1378	1710	495	2317
LOC131386424	protein_coding	1815	3256	4254	4140	3081	4439
Gm13961	protein_coding	1267	1129	986	2552	1368	552
LOC114827876	protein_coding	2453	672	718	356	565	475
mt-Atp8	protein_coding	432	510	970	1146	1321	981
LOC131339607	protein_coding	316	9	52	3	1697	0
Gm8189	lncRNA	288	377	558	501	421	353
LOC132444870	lncRNA	1685	1105	2151	1548	1539	1995
Acot6	lncRNA	1816	1926	1588	1736	1313	1634
AA511248	pseudogene	1731	1768	762	789	769	1485
LOC132412529	protein_coding	210	154	199	377	611	213
Gm33832	pseudogene	188	158	12	255	98	38
Gasa3	protein_coding	161	282	181	137	368	156
Gm8956	lncRNA	941	1173	888	691	702	485
4930517G19Rik	protein_coding	129	152	173	91	111	78
LOC131387142	protein_coding	1097	1557	1892	1366	1644	802
LOC132441290	lncRNA	559	654	246	503	110	364
LOC128924346	protein_coding	747	725	1720	1103	646	619
Gm54122	protein_coding	76	7	58	22	39	38
LOC131339507	protein_coding	43	411	594	0	300	32
Or6h1-ps1	lncRNA	466	637	1159	390	452	1036
Afw1	protein_coding	1162	335	279	337	2076	2259
Gm9365	protein_coding	19	36	690	315	859	73
LOC131339862	pseudogene	17	97	242	17	1	52
Rbmyf5	protein_coding	130	297	142	151	114	204
Gfy	protein_coding	1872	1872	1057	1085	1439	1725
LOC132411464	protein_coding	1087	1101	2595	2616	1236	4510
Alcp9	protein_coding	519	732	425	591	780	638
n-TYgta9	protein_coding	477	603	406	601	211	233
Gm17807	pseudogene	1613	1286	1217	6706	4116	5652
Gm19917	lncRNA	709	510	1236	867	725	933
LOC131339481	protein_coding	189	387	1871	550	1396	1035
Serpine3	protein_coding	164	622	513	604	263	532
Gm51640	protein_coding	910	1728	1345	1316	1426	1894
Gm24233	protein_coding	188	137	270	138	138	145
LOC131386280	protein_coding	279	517	268	101	501	247
LOC132444099	protein_coding	1885	672	567	237	92	1606
Mrgbp	protein_coding	1022	305	1125	467	646	894
LOC131376997	protein_coding	51	142	73	4	949	166
Gm14655	protein_coding	157	70	774	24	942	102
Kcnj2	protein_coding	359	340	290	507	488	562
Gm12693	protein_coding	3460	2175	3167	36	4085	1132
Gm33078	pseudogene	660	339	235	278	435	135
Gm34677	lncRNA	1703	299	1296	1716	1467	1837
AI663969	protein_coding	1225	3485	576	2369	205	1369
LOC132441642	protein_coding	76	1520	681	901	53	79
Golt1b	protein_coding	185	369	199	132	181	237
Igkv13-71-1	protein_coding	571	1112	1217	474	323	1682
Emc6	protein_coding	49	16276	795	1404	0	3231
Trbv8	protein_coding	1598	453	603	563	498	599
LOC131295026	protein_coding	324	247	485	1122	475	469
LOC131373147	protein_coding	136	2	0	0	48	300
Gm11166	protein_coding	161	368	123	35	91	25
Copz2	protein_coding	1002	656	711	297	515	830
LOC132441402	protein_coding	25	64	115	169	276	84
LOC132410107	protein_coding	749	541	151	524	1693	1405
LOC132442590	protein_coding	327	101	890	519	1192	84
LOC131390033	pseudogene	234	352	263	1420	133	897
Gm42052	protein_coding	1625	5	342	61	1216	2504
Gm43772	protein_coding	257	439	159	399	410	245
LOC132444758	protein_coding	159	341	278	364	174	202
In(X)3H-d	pseudogene	1781	629	421	851	1101	741
Ath18	lncRNA	1639	1726	2466	968	1494	1412
LOC131378913	protein_coding	175	393	310	15	281	99
LOC131391045	protein_coding	881	1779	1333	1113	1347	2283
LOC131389120	lncRNA	567	977	830	511	289	317
Gm18444	pseudogene	277	245	564	55	107	107
Gm33473	protein_coding	313	218	74	197	218	208
Gm9002	protein_coding	1623	2491	3333	123	628	934
Gm8390	protein_coding	1987	203	579	565	468	165
LOC131386728	pseudogene	217	123	118	164	29	71
Sdr39u1	protein_coding	230	420	879	302	159	1223
LOC131386224	protein_coding	318	1219	284	423	2098	1314
LOC132409871	protein_coding	2640	424	834	2497	2206	2444
Zfp963	protein_coding	1009	3116	1603	573	1079	1732
Gm14383	protein_coding	537	311	976	815	779	1361
LOC132408349	protein_coding	2799	707	2663	1344	49	1053
Prss56	protein_coding	758	800	605	5395	960	1160
LOC131339037	protein_coding	67	1014	883	306	176	914
Gm46186	protein_coding	1198	752	1043	1128	1614	1847
Gm54049	protein_coding	572	1084	1204	397	1152	630
LOC132409171	protein_coding	1798	1754	1417	1431	759	753
LOC131380444	lncRNA	720	783	687	567	1063	864
Rdx	protein_coding	406	1122	1527	884	1282	790
2810461L16Rik	protein_coding	2140	2377	8539	3767	1706	2490
Manh24	protein_coding	276	257	131	378	175	112
LOC131297531	protein_coding	760	341	524	182	218	175
Zfp317	pseudogene	528	273	12	169	188	62
Iap17-1	protein_coding	4491	103	776	2450	2372	9
Gm25141	lncRNA	742	566	654	569	704	750
Gm6958	protein_coding	304	687	1056	488	520	479
Gm53339	protein_coding	271	713	622	1141	1263	1189
Gm40487	protein_coding	1136	1743	719	397	238	141
LOC131392068	protein_coding	696	427	1383	446	633	818
LOC131339002	pseudogene	520	1095	910	84	288	447
LOC131338438	protein_coding	556	104	275	20	68	512
LOC131391330	protein_coding	99	510	671	404	452	192
LOC132444845	lncRNA	4686	313	288	106	772	677
Hoxb7	lncRNA	387	415	526	366	375	482
B4galt5	protein_coding	845	583	331	700	520	436
Ocln	protein_coding	22	19	13	1	46	9
Gm20907	protein_coding	306	295	416	168	73	297
LOC132443051	protein_coding	2649	1370	4063	1962	1558	6497
Gm18254	protein_coding	7861	1301	5417	84	935	2584
LOC131390499	protein_coding	420	728	491	323	982	170
Gm15616	protein_coding	944	961	1050	744	575	596
H2-T13l	lncRNA	562	1751	903	1943	503	2312
Gm9619	protein_coding	1639	1066	362	85	488	976
Plxna3	protein_coding	3191	2388	815	3102	2354	1299
LOC131297039	protein_coding	1736	2776	784	2711	2905	2832
LOC131375782	lncRNA	1919	713	2460	2721	1151	1511
Zfp58	protein_coding	636	711	547	684	1246	890
LOC131372121	protein_coding	2367	509	2082	964	1894	1599
D5Mit58	pseudogene	679	392	522	681	503	790
LOC132444366	protein_coding	681	536	570	911	1143	647
Ecsit	protein_coding	1194	386	1069	906	681	1389
LOC128927623	protein_coding	587	108	697	658	322	176
LOC131378973	pseudogene	1408	2137	1116	1396	1818	1442
Zbtb18	protein_coding	815	1298	902	1173	811	605
Hbb-bs	protein_coding	369	762	292	338	274	635
LOC131388630	protein_coding	744	826	328	310	121	363
Gm35325	protein_coding	1402	2586	1418	1486	1849	1434
Gm28692	protein_coding	516	21	1423	970	668	1022
Sic	protein_coding	1095	1171	1703	1866	1790	1610
Pstc5	protein_coding	56	692	161	949	433	570
D10Ggc1e	protein_coding	452	1313	889	1059	1035	990
Gm40280	protein_coding	2026	431	971	883	1247	795
Gm36726	pseudogene	1196	131	496	287	430	109
Pou5f1-rs2	protein_coding	594	1680	1409	166	808	173
Gm22938	pseudogene	333	107	296	90	809	245
LOC131387100	protein_coding	1958	2161	1510	1853	1482	858
LOC132444090	lncRNA	622	546	555	686	490	437
Gm40394	protein_coding	1253	725	926	4505	5377	157
LOC128926873	protein_coding	521	1210	1187	629	1667	1425
LOC131389404	lncRNA	2023	523	475	58	845	0
LOC131374328	protein_coding	628	353	147	878	862	467
Gm41726	protein_coding	137	1153	866	253	789	207
Gm26793	protein_coding	183	119	6	90	144	131
D7Mit270	protein_coding	1296	2222	1103	994	337	2162
Gm35405	protein_coding	1339	2664	2161	1151	2741	1422
Coq4	pseudogene	301	363	573	829	1078	692
Gm17927	protein_coding	1318	1204	1027	1364	940	2626
LOC132442623	protein_coding	615	1388	221	1791	1758	1047
P4ha2	pseudogene	1694	3936	5737	4998	6097	3067
LOC132444247	protein_coding	562	1581	1282	873	1248	1753
Fob4	protein_coding	204	42	369	354	688	391
LOC128926150	protein_coding	157	72	284	13	1388	2
Gm15093	protein_coding	2162	1913	2204	2818	947	1188
LOC131391747	protein_coding	584	128	455	185	45	560
Eif1ad14	pseudogene	900	571	649	367	561	524
LOC128925436	protein_coding	1978	1897	2313	2342	781	3183
Dnajb13	protein_coding	956	1949	1180	24	5088	1308
LOC132440609	protein_coding	137	221	461	426	245	409
Gm4573	protein_coding	547	731	420	558	400	538
Gm11264	protein_coding	427	385	532	290	341	338
LOC131295276	protein_coding	872	1242	510	198	2570	764
LOC132412722	protein_coding	2324	863	3487	177	648	58
Gm34941	protein_coding	0	239	489	10	0	0
Mir743	protein_coding	240	447	404	249	345	2259
Ity2b	protein_coding	1192	1534	2691	1228	3145	647
Krtap20-2	protein_coding	512	820	67	244	945	404
6330403L08Rik	protein_coding	222	857	917	1137	1221	704
LOC131379400	protein_coding	236	378	519	763	1016	1098
LOC132408837	protein_coding	582	711	1176	1027	1053	1383
Nrg1	lncRNA	37	789	558	3351	354	3
Gtsf1	protein_coding	900	1182	1306	1304	945	963
Tcra-V12.2	lncRNA	648	663	701	7	312	2084
LOC110120482	protein_coding	2089	1498	2856	2672	3331	3721
LOC131380563	protein_coding	108	202	2	25	1195	338
Pkp1	protein_coding	3511	846	1420	3061	89	3004
Hs6st3	protein_coding	1957	1922	2282	1285	1504	1260
LOC132440515	protein_coding	2285	1691	2161	6070	3108	1433
Gm57714	protein_coding	457	771	1077	1583	987	1460
D8Mit151	protein_coding	653	620	224	182	284	307
Scpro1	protein_coding	154	862	1069	2084	157	465
LOC110120433	protein_coding	176	57	47	230	87	155
LOC132441813	protein_coding	678	196	781	971	843	934
Cd19	protein_coding	2431	1308	1707	3123	1036	4456
Cc2d2b	protein_coding	600	4168	2605	1850	1033	2367
LOC132441461	protein_coding	792	457	213	150	171	282
Dbil5	protein_coding	903	2827	1289	3729	1729	2724
AU015536	protein_coding	2232	1974	2028	2717	2051	749
Zfp35	protein_coding	2488	2410	4598	2495	1682	3374
Gm3650	protein_coding	584	102	300	422	161	387
Clic4	protein_coding	1535	2751	2716	1953	2837	3359
LOC132442854	protein_coding	333	119	326	116	369	211
Mir7053	protein_coding	2770	855	5057	2444	3952	5046
LOC131371953	protein_coding	1620	1050	1742	1341	811	1248
LOC128926972	protein_coding	579	278	26	1664	390	141
Emv38	protein_coding	615	718	751	1081	618	560
Sprr2h	protein_coding	389	2178	334	83	876	1088
Iba4	lncRNA	209	19	129	262	3	178
Gm22092	protein_coding	408	340	206	497	228	251
n-TEttc2	protein_coding	2087	4735	8369	941	3730	304
Or1ad6	protein_coding	2087	4898	154	2025	26	472
LOC131340618	protein_coding	897	1102	1640	1254	958	1646
Raet1e	protein_coding	960	286	812	629	680	220
D5Mit391	protein_coding	1189	391	749	1112	1170	1835
LOC131376247	protein_coding	986	1304	1163	1000	635	1061
LOC114515513	protein_coding	714	856	331	392	710	288
Trav13d-3	pseudogene	311	421	319	213	234	285
Gm31165	protein_coding	833	938	4903	572	4140	25
n-TLaag5	protein_coding	605	306	217	101	314	199
Msu	protein_coding	515	996	823	636	1050	643
Sarm1	lncRNA	496	84	298	515	225	454
LOC128927807	lncRNA	622	1498	1815	1453	1080	1410
LOC132443749	protein_coding	474	276	479	869	1167	326
Pdia4	protein_coding	440	502	978	878	624	1337
Gm30331	protein_coding	478	332	32	1071	420	450
D17Ertd165e	pseudogene	339	351	707	1005	712	334
LOC131296393	protein_coding	548	780	1150	3885	3180	7842
Gm11893	protein_coding	656	2044	1302	1525	669	493
LOC132411581	lncRNA	1478	2012	1440	1063	1704	2090
Gm22672	pseudogene	3712	1472	3601	373	3818	1821
DXUalb1	protein_coding	143	0	0	89	55	1279
Del(5)68H	protein_coding	548	1312	429	2008	1019	1122
Gm30280	protein_coding	663	571	660	898	322	628
Rmi2	protein_coding	644	435	193	570	244	677
Gm18920	protein_coding	214	370	297	1343	767	961
LOC131297657	protein_coding	851	514	1431	273	294	1627
Gm2491	protein_coding	1060	846	1490	729	1583	1056
Gm17938	pseudogene	294	435	308	212	220	152
D12Mgi44	protein_coding	1408	1992	1215	1287	1621	1511
LOC131379296	protein_coding	2409	1910	1296	1362	1451	2087
Gm28459	lncRNA	1915	790	474	872	1001	1668
LOC131387601	protein_coding	308	190	569	676	154	78
LOC128925060	protein_coding	219	172	222	305	708	279
Tnfrsf26	protein_coding	62	918	142	403	241	382
Esp5	protein_coding	795	107	69	62	5	955
Or4f14c	protein_coding	696	679	165	145	439	453
Gm5241	pseudogene	339	494	184	129	889	135
D0Tu31	protein_coding	2479	1569	3066	1188	1146	1780
Sbk2	protein_coding	416	276	289	228	492	370
Gm6006	protein_coding	188	533	990	427	191	1238
LOC131385766	protein_coding	527	257	303	801	1190	1655
Ptf1aos	protein_coding	1035	1030	212	244	730	371
LOC131372158	lncRNA	715	783	885	870	455	663
Fasn	pseudogene	1139	1419	882	625	784	772
LOC131379652	protein_coding	128	261	98	1007	549	171
LOC131374616	protein_coding	521	1321	881	530	1335	1668
Vrtn	lncRNA	417	149	517	510	307	170
LOC132412323	lncRNA	1592	569	1102	1342	97	1120
LOC132440643	lncRNA	1826	945	2262	4180	2149	783
LOC131338689	protein_coding	1191	2346	1795	2553	1983	3009
Gm24771	protein_coding	738	121	155	462	185	170
LOC131295938	protein_coding	530	584	66	193	93	94
Ccdc50-ps	protein_coding	278	362	413	382	221	156
Gm41093	protein_coding	1748	1433	1384	1187	2529	3090
LOC132408963	protein_coding	1344	1588	1673	810	1837	1393
LOC131390273	pseudogene	32	9	1	77	22	2160
Gm5165	pseudogene	795	923	491	595	342	712
Vent3	protein_coding	147	296	268	106	51	94
Gm36002	lncRNA	1336	950	1495	521	1463	1537
Gm39794	protein_coding	354	634	123	1362	130	1866
Acoxl	protein_coding	1216	1273	958	1729	1288	1357
LOC131296622	protein_coding	109	95	131	71	84	140
Bw11	protein_coding	325	322	498	131	206	418
Gm12598	protein_coding	27	739	466	1133	188	308
Gm31323	protein_coding	896	675	921	1178	578	998
Mir7011	protein_coding	972	1245	855	701	1070	1072
Or2d4	protein_coding	870	2085	2329	3532	302	228
LOC131387061	lncRNA	777	1066	506	1249	607	1795
LOC131378979	pseudogene	1182	1152	768	1001	958	456
LOC131389369	pseudogene	216	339	211	351	52	253
LOC131341793	protein_coding	302	763	474	507	1589	898
LOC131377839	protein_coding	520	309	349	507	351	658
LOC131337388	protein_coding	3097	563	950	389	818	1505
Gm10355	lncRNA	2318	1427	2010	965	1518	1443
LOC131391977	protein_coding	727	860	462	275	183	405
Dnajc5g	protein_coding	234	705	610	231	1436	2205
LOC131340463	pseudogene	352	1529	1415	385	714	524
Pax6os1	lncRNA	103	90	14	201	101	80
LOC131297350	protein_coding	297	296	1380	62	663	95
Mptp1	protein_coding	1019	932	544	1169	1190	706
Gm18237	protein_coding	1525	4366	1198	1624	1928	1110
Gm35557	protein_coding	753	911	781	585	1047	888
Gm5406	protein_coding	263	146	125	67	137	84
LOC131387658	lncRNA	1552	61	523	615	403	222
Lrr1	protein_coding	808	232	243	573	441	258
Mir26b	pseudogene	118	135	253	238	264	189
Zmiz1	protein_coding	237	686	573	337	334	705
Gm41148	pseudogene	464	565	631	226	822	168
Abat	pseudogene	1466	1642	838	1601	686	1178
LOC131375424	protein_coding	231	274	312	176	107	119
LOC132444009	protein_coding	3919	3652	2435	4753	4272	3240
Gm18164	lncRNA	996	1429	678	1120	895	1450
LOC131372749	protein_coding	667	501	1563	1650	1095	441
Mup17	protein_coding	697	834	1533	1609	4417	8065
D630033A02Rik	protein_coding	275	203	227	220	351	339
Hcs3	protein_coding	540	450	652	151	809	917
LOC131372923	protein_coding	378	83	661	587	151	473
Tel17q	lncRNA	352	408	397	318	952	473
D14Rp4e	protein_coding	248	1743	1271	833	862	2634
Gm25275	protein_coding	50	72	46	43	80	68
Cldn19	protein_coding	327	529	267	397	217	809
Gm9081	protein_coding	551	411	637	607	372	333
LOC131390711	pseudogene	1215	1149	1109	313	432	1697
Kbtbd11	protein_coding	56	310	148	46	61	43
LOC131340684	pseudogene	1853	3293	5099	2965	3057	3219
LOC131373744	protein_coding	104	434	140	448	660	581
D16Ium49	protein_coding	2465	1304	1650	1019	1967	3088
Gm38723	protein_coding	198	244	108	153	176	120
Or5k14	protein_coding	170	276	415	785	474	534
4833439F03Rik	protein_coding	367	852	237	1196	1328	195
Dis3l2	pseudogene	956	2785	995	1435	4558	1639
Gm15354	protein_coding	397	1288	1000	1194	807	764
Gm10240	protein_coding	1762	2435	1198	1299	1533	1109
LOC131387395	protein_coding	2024	256	494	624	373	1172
Gm35150	protein_coding	993	988	1293	1078	448	588
Ppp2r2cos	lncRNA	2617	900	745	1665	923	904
Tgct3	protein_coding	64	50	65	76	23	112
Prrt1b	protein_coding	265	41	244	93	18	213
Sowahd	protein_coding	1126	569	966	862	579	1045
Samd12	protein_coding	544	509	513	1501	275	993
LOC131377024	protein_coding	1517	4858	4221	2469	4779	2458
Gm16401	protein_coding	594	1189	963	779	767	1050
D19Bir8e	protein_coding	1	243	425	18	1	630
Gm10192	protein_coding	2844	1781	2421	2022	2190	3720
Gm3267	protein_coding	1037	10535	4	236	3707	3066
LOC128927760	protein_coding	385	555	457	955	237	471
LOC131374619	protein_coding	371	380	926	1921	896	1784
Or5bh3	pseudogene	797	545	1214	986	300	473
2310003N18Rik	protein_coding	316	493	554	380	626	178
Spo11	protein_coding	766	153	554	2370	1062	3978
Copg2os2	protein_coding	902	854	409	1789	626	200
LOC131337672	protein_coding	961	356	424	368	1976	867
Gm11259	protein_coding	60	206	127	224	183	458
Zfp9	protein_coding	1217	727	1522	1650	1175	520
Gm40372	protein_coding	567	500	199	268	443	232
Iva1	protein_coding	134	330	430	448	413	805
Gm41509	pseudogene	1573	1865	2274	1171	2093	725
Gm51759	protein_coding	2534	1566	2090	2942	2613	2424
LOC131377814	protein_coding	291	129	185	78	162	169
LOC131297408	protein_coding	995	550	1172	1221	3421	191
Gm54124	protein_coding	349	779	827	437	714	482
LOC132443391	protein_coding	562	780	875	931	591	647
Gm23431	protein_coding	1959	1905	1970	2596	2637	4004
LOC132443992	protein_coding	1446	1282	1488	692	955	817
LOC131376409	pseudogene	212	314	1107	257	757	478
LOC131389640	protein_coding	1040	392	910	392	1070	366
Fga	protein_coding	3193	1664	1825	2326	1856	2262
Stim1	protein_coding	2311	2192	3628	4287	679	1736
D5Buc47	protein_coding	396	2086	1343	2428	2825	3197
Cftr	lncRNA	251	623	191	152	427	102
Flrt2	protein_coding	80	691	25	892	208	1283
LOC132409310	protein_coding	657	382	374	1099	659	650
LOC131391040	protein_coding	1798	596	1716	1828	1227	811
LOC131337403	protein_coding	552	557	521	576	586	1136
Gm41402	protein_coding	102	171	85	821	174	362
Olfr1060-ps1	lncRNA	1044	1102	655	930	1024	770
Gm25061	pseudogene	956	1089	614	740	138	1183
Gm52036	protein_coding	349	304	520	293	186	156
In(17)2t	protein_coding	646	533	580	1339	316	904
Gm17352	protein_coding	1142	1907	917	1033	337	1468
Gm30003	protein_coding	117	191	63	110	62	67
LOC132441348	protein_coding	483	295	412	603	376	709
Gm46897	protein_coding	171	120	87	257	59	52
Vmn2r46	protein_coding	143	516	207	308	668	1444
LOC131374076	lncRNA	36	225	113	2180	1798	546
9930022D16Rik	protein_coding	87	256	73	244	91	340
LOC131376728	protein_coding	5070	2431	488	1053	2577	6100
Gm53592	protein_coding	16	38	135	8	0	987
Nsdhl	protein_coding	548	93	891	1406	120	480
A930041C12Rik	protein_coding	717	974	945	2990	528	1183
LOC132444931	protein_coding	593	371	652	389	758	137
Traj23	pseudogene	818	779	608	500	585	809
LOC131340854	protein_coding	623	983	541	562	932	648
Gm22050	protein_coding	3333	804	826	5	80	4
B22SP6	protein_coding	217	816	435	792	241	353
Larp4	pseudogene	821	1056	604	339	513	539
LOC131295278	lncRNA	697	419	833	159	608	1101
LOC131296978	protein_coding	39	191	75	1152	45	1
Hmgn2-rs6	protein_coding	39	47	382	701	1183	408
Lyr2	protein_coding	472	508	754	514	651	539
E2f4	protein_coding	186	710	1116	747	781	268
Gm15294	lncRNA	951	296	2769	1306	2388	3466
Brinp3	lncRNA	1259	653	1193	1228	1271	1240
Anxa3	protein_coding	581	573	113	213	1006	658
Gm12236	protein_coding	1737	628	834	1647	503	382
Gm57527	protein_coding	616	91	450	769	343	638
Gm20773	protein_coding	5809	5496	3774	6542	8313	5951
LOC131295299	protein_coding	174	46	60	41	378	77
LOC131387149	protein_coding	611	1572	5104	1023	1046	197
Bwt1	protein_coding	427	649	1244	1780	719	1391
Gm22592	protein_coding	1091	929	1304	1234	781	901
Gm13386	protein_coding	288	408	100	462	127	362
LOC132412603	pseudogene	149	261	117	220	123	228
Gm22034	protein_coding	1227	2636	2317	1647	2246	2285
LOC132441706	protein_coding	447	375	336	503	287	560
Cdh13	protein_coding	2609	2543	1862	1271	3602	1032
LOC131337889	protein_coding	1311	1720	807	1923	2958	1351
Gm31447	protein_coding	520	1001	3495	690	1810	608
Parb	protein_coding	1753	1375	1136	674	589	823
Gm34705	protein_coding	385	912	170	329	654	672
LOC131392751	protein_coding	711	269	770	1086	725	1090
LOC132441612	protein_coding	9670	480	1868	613	1703	2665
LOC131372635	protein_coding	1516	1407	1414	1147	1270	1192
LOC131375262	lncRNA	593	455	811	1538	1983	1549
LOC131391869	lncRNA	578	109	663	858	773	334
LOC128924588	protein_coding	195	134	158	335	115	130
Tmem131	protein_coding	1994	2779	3017	3359	1558	1467
Gm2120	protein_coding	416	272	506	534	714	299
Kcne2	protein_coding	361	3448	2389	1597	5077	708
Pfkfb2	protein_coding	131	37	38	120	306	77
LOC131341878	protein_coding	181	301	687	1656	805	1147
LOC128924554	protein_coding	494	370	917	620	404	721
D1Mit362	protein_coding	778	1567	1012	2614	478	2917
Gm24624	protein_coding	1020	1117	788	923	1101	911
LOC131341787	protein_coding	376	350	1214	201	2116	1687
Gm46575	protein_coding	1785	981	950	1017	1425	2370
LOC131392359	protein_coding	1638	3411	1352	86	2306	2555
Klhdc9	protein_coding	204	207	332	230	162	182
Gm4978	lncRNA	1763	935	675	1930	1214	324
Otx2	lncRNA	1702	430	443	2036	727	1131
1700044C05Rik	protein_coding	429	995	1677	1928	269	714
Del(5)47H	lncRNA	1534	1414	1200	2208	1537	1944
Pbld1	protein_coding	915	1840	1069	815	1912	1039
Gm11456	protein_coding	149	413	188	143	162	227
C130045I22Rik	protein_coding	1237	1307	1188	2263	1918	1034
Lpin2	protein_coding	1903	2474	747	1114	613	660
Npn2	protein_coding	2933	3973	2077	1007	3018	2189
Gm16027	protein_coding	321	1185	542	527	1027	455
D1Mit456	protein_coding	366	560	431	718	303	544
LOC132412066	protein_coding	260	137	276	375	122	287
Dmbt1	protein_coding	532	601	453	332	531	249
AU021745	protein_coding	523	433	355	295	502	259
LOC131378991	protein_coding	1216	990	151	359	101	223
Scq1	protein_coding	1759	1393	2558	1532	487	1978
Gm24393	protein_coding	264	352	563	399	379	545
LOC132407863	lncRNA	1884	2039	1378	1229	1267	1277
Gm10635	pseudogene	1054	1468	3174	2362	900	668
Gm23527	protein_coding	572	508	598	1000	863	320
LOC131377602	pseudogene	947	632	145	639	348	521
LOC132408075	protein_coding	74	991	1250	1767	967	723
2300004M11Rik	protein_coding	515	612	703	665	482	602
LOC131388623	protein_coding	1135	540	867	1109	523	2965
Rin1	pseudogene	73	1833	652	983	2871	1413
Foxj2	protein_coding	178	159	184	88	181	195
Gm52615	pseudogene	614	2659	2135	2501	2481	2167
LOC131297831	pseudogene	8285	2067	1959	409	315	542
Gm19157	protein_coding	450	329	405	229	304	246
Gm53715	protein_coding	200	221	650	476	344	753
Dmrtc1c2	protein_coding	798	460	1104	1327	466	842
Cons2	protein_coding	2121	2128	3391	4244	2593	1381
LOC132411588	protein_coding	1749	314	1092	412	1004	444
Mir345	lncRNA	993	576	580	225	441	222
Gm18663	lncRNA	2351	1805	1756	1600	1433	2125
LOC132411083	protein_coding	1253	268	21	416	400	288
LOC131376565	protein_coding	1054	1044	694	972	1789	2165
LOC131340263	protein_coding	1134	1052	1794	1329	1757	1314
Gm8704	protein_coding	389	452	467	973	916	2065
n-TVcac7	protein_coding	871	457	124	54	445	133
Ccdc96	protein_coding	730	529	560	483	621	506
AU022680	pseudogene	773	3174	21	2	196	2177
LOC131389301	lncRNA	594	826	636	519	724	544
LOC128925839	lncRNA	1087	616	2237	1469	904	569
Gm33770	protein_coding	516	1079	1526	3565	4783	4262
LOC128924329	protein_coding	922	1233	112	558	1647	676
LOC132443125	protein_coding	47	22	83	150	106	35
D5Mit320	protein_coding	465	270	195	5	44	507
Gm35090	protein_coding	2337	639	1185	844	2787	1120
Igf2os	protein_coding	103	523	123	17	187	8
LOC132410810	pseudogene	35	28	51	42	27	68
LOC131375072	lncRNA	1378	563	127	745	397	1501
LOC131375975	protein_coding	738	242	306	320	711	566
LOC132411771	lncRNA	2436	2575	3668	2978	913	775
Mrps36-ps3	protein_coding	57	49	32	31	18	29
LOC132442619	protein_coding	1323	627	1265	1323	2106	1238
D9Mgc40e	pseudogene	1054	1208	1137	896	777	711
LOC131373238	protein_coding	1361	1340	1398	2395	2701	2807
Gm19510	protein_coding	1188	214	820	53	32	748
LOC131341321	protein_coding	1176	2331	2103	517	661	523
Sp100	protein_coding	1831	1451	3306	3172	1477	2257
LOC131388491	protein_coding	599	362	705	1246	1131	1197
LOC132412105	protein_coding	446	528	727	1540	701	325
4930458B22Rik	protein_coding	433	498	126	383	721	98
Amer2	protein_coding	209	2	97	1	1	67
Lxw2	protein_coding	566	814	152	144	180	621
LOC131378393	lncRNA	224	796	289	292	498	844
Gm7041	pseudogene	621	1784	1913	818	660	797
LOC131385912	protein_coding	1544	801	1729	2405	3068	317
LOC131387472	protein_coding	919	910	895	753	1103	814
Gm18635	protein_coding	691	1036	941	1646	738	1357
Gm16070	pseudogene	485	554	1612	610	218	669
LOC132409802	protein_coding	210	398	244	418	147	531
Gm7211	protein_coding	9	313	1	2	12	107
Hwq1	protein_coding	249	657	308	803	346	293
Vps37a	protein_coding	296	128	632	6	903	107
Gm30020	lncRNA	608	491	793	412	755	822
Acvr2b	lncRNA	505	343	259	527	846	772
D6Mit269	protein_coding	609	824	706	574	1221	704
LOC131385210	protein_coding	901	1137	1514	1949	782	402
Gm46979	pseudogene	1137	666	227	652	184	707
Gm36132	pseudogene	479	578	194	95	695	347
LOC132408419	lncRNA	1873	1029	857	140	21	404
Gm30636	protein_coding	613	643	550	464	419	335
Nfil3	protein_coding	1222	1484	942	1091	724	850
LOC132444656	protein_coding	433	289	159	211	211	201
LOC110120532	protein_coding	1582	712	1646	2317	2786	1275
LOC132411044	protein_coding	269	186	494	248	80	7
Gm52344	protein_coding	141	287	158	493	347	128
4921524J17Rik	protein_coding	1399	356	1299	1773	2039	128
Gm11841	protein_coding	604	1001	1242	449	2166	1619
Mrrf	protein_coding	284	483	1623	528	733	704
LOC132441066	protein_coding	824	1098	659	518	1685	1234
Nipsnap2	protein_coding	303	151	248	149	185	276
2310026L22Rik	protein_coding	3504	1846	1771	1172	1074	858
AI324963	protein_coding	1591	1297	2804	1513	745	2507
Commd4	protein_coding	2412	1472	1270	2486	908	1475
Gm53956	protein_coding	65	154	324	189	163	149
Gm18919	protein_coding	252	1028	1202	402	1718	1377
LOC132443312	protein_coding	1182	1805	470	413	799	710
Pmv28	protein_coding	447	1186	816	1070	1216	621
Elp6	protein_coding	2516	2829	2478	2208	2881	2327
LOC131389140	lncRNA	214	312	168	249	269	577
Gm49221	lncRNA	461	129	331	88	316	86
Gm21425	protein_coding	1685	2409	2512	666	2172	1307
D2Mit281	protein_coding	952	1740	955	1378	1097	989
4933422A05Rik	protein_coding	229	292	257	213	468	175
LOC132408410	lncRNA	409	233	375	510	349	496
Gm31750	pseudogene	3326	537	2916	1094	1057	574
Ly13	protein_coding	2202	1282	2887	976	816	815
Bdp1	protein_coding	2608	1517	909	2698	798	1584
LOC105247292	lncRNA	787	376	1088	2444	880	2135
Gm24182	protein_coding	401	359	391	1702	858	645
Gm16069	protein_coding	1491	2012	1189	1143	1216	727
Axtofa5	protein_coding	2298	1766	677	2181	2216	2365
Apol10c-ps	protein_coding	106	559	3	89	14	26
1700029J08Rik	protein_coding	338	780	664	434	424	486
Gm8145	lncRNA	1936	1254	634	669	965	859
LOC131337856	protein_coding	1554	3458	1673	3228	1393	1697
LOC131380596	protein_coding	1146	823	1248	368	1100	1380
LOC132442439	protein_coding	450	673	739	502	293	1218
D8Ggc5e	protein_coding	1416	1319	1385	254	474	4897
LOC132408966	protein_coding	1270	1405	822	304	819	359
Vmn2r-ps94	protein_coding	2393	1024	1404	2674	3868	368
Gm18057	protein_coding	251	549	898	866	1072	650
LOC131372866	protein_coding	2074	0	65	0	0	588
Gm51877	protein_coding	1109	568	1924	998	1226	637
Gm17799	protein_coding	1170	585	857	1437	1803	734
Olfr1551-ps1	protein_coding	70	171	429	171	667	153
1700017B05Rik	protein_coding	1601	977	1686	517	2316	2640
LOC132442337	protein_coding	112	241	66	215	46	140
LOC132412633	pseudogene	185	206	152	302	77	351
LOC131373376	protein_coding	1100	349	439	739	782	524
Snrpe	lncRNA	108	100	65	90	82	48
Gm57761	protein_coding	139	2066	211	447	594	1731
LOC131379079	protein_coding	131	17	525	0	1700	822
LOC132441509	lncRNA	791	574	451	493	392	804
Scd4	protein_coding	1946	1518	1357	1334	1864	2020
Gm46077	protein_coding	116	129	94	93	76	70
LOC128925553	protein_coding	1465	4759	2210	8001	1820	1936
LOC132443042	protein_coding	633	90	365	233	344	502
Gm29930	protein_coding	1284	158	5	173	37	582
LOC131379719	protein_coding	1799	2560	1767	1451	3279	2207
524K7T7	protein_coding	673	488	630	846	619	765
Gm30135	protein_coding	516	566	472	1958	131	1344
Gm25801	protein_coding	57	35	118	12	39	27
LOC131296615	pseudogene	77	1731	912	2204	1229	985
Gm5150	protein_coding	620	684	717	175	449	471
Bntq4	protein_coding	194	326	273	371	395	250
Gm23803	pseudogene	2050	1761	696	3321	1208	12163
Gm44812	protein_coding	1875	720	2084	984	534	1124
LOC132409010	protein_coding	40598	23	0	25954	0	216
LOC131389157	protein_coding	205	459	283	922	609	1399
LOC131388207	protein_coding	227	62	22	79	13	2529
LOC131341945	protein_coding	456	113	605	608	222	274
In(5)33Rk-d	protein_coding	393	763	1817	542	621	449
LOC131388373	lncRNA	814	454	547	166	546	133
Gm5187	protein_coding	208	376	409	244	300	250
Vmn1r-ps117	protein_coding	788	483	385	489	625	314
LOC108964935	protein_coding	419	366	682	413	301	444
LOC131341389	protein_coding	1018	1276	449	587	739	1301
Lss	lncRNA	2108	1099	1512	1737	1143	1499
LOC131387345	protein_coding	647	767	393	328	309	924
Trbj1-2	protein_coding	423	696	653	423	610	541
1700063A18Rik	protein_coding	5853	1687	1278	591	301	593
LOC131296900	protein_coding	1811	2154	2087	2618	1673	1853
LOC128927749	protein_coding	689	1240	1398	617	618	924
LOC132408597	protein_coding	196	412	112	147	107	168
Mir1843a	protein_coding	2172	1953	31047	14607	12008	778
Gm40314	protein_coding	245	4726	682	1258	5268	1163
LOC131377546	protein_coding	924	581	4842	14843	6594	6313
LOC128925903	pseudogene	2872	1287	1371	1439	1529	1808
Gm6044	protein_coding	791	1080	627	786	896	649
LOC131389632	lncRNA	578	1799	426	872	507	160
LOC132408155	protein_coding	717	859	289	320	560	347
Gm46351	lncRNA	1120	570	860	408	164	539
D5Mit223	protein_coding	2072	2009	1020	614	2933	1098
LOC131296701	protein_coding	671	117	283	332	590	201
4930511M18Rik	protein_coding	60	73	161	480	41	149
LOC128927581	protein_coding	182	975	153	1343	366	643
Gm34971	protein_coding	512	204	741	844	451	927
LOC132442069	lncRNA	2180	1651	723	480	378	268
LOC131391393	protein_coding	274	1720	103	225	87	925
Gm18363	protein_coding	3401	711	213	338	3909	175
LOC131379885	protein_coding	515	504	1954	632	917	473
Or4k44	lncRNA	967	878	366	226	350	255
LOC131336747	lncRNA	1232	2970	283	5188	963	1289
LOC132440651	protein_coding	217	2290	8	329	590	1131
LOC131375735	lncRNA	1395	245	718	1288	737	903
Gm35682	lncRNA	407	337	742	491	384	624
Cacna2d2	lncRNA	1648	27	461	26	82	31
Cfbw2	protein_coding	1562	1424	1463	2572	1339	1584
LOC131375630	protein_coding	312	978	104	4426	625	810
LOC131377783	pseudogene	491	391	782	693	378	317
D14Mit35	lncRNA	442	263	382	573	115	563
LOC128926308	protein_coding	534	1455	617	588	501	1067
Mpdk5	protein_coding	570	1815	942	513	1189	992
Fbxw16	protein_coding	285	439	430	234	349	233
Gm25618	protein_coding	87	1094	1034	378	1132	347
Olfr1071	protein_coding	472	511	290	583	88	233
LOC128924751	pseudogene	963	520	743	368	538	248
Gm9613	protein_coding	930	640	528	815	397	789
LOC132408100	protein_coding	824	353	412	361	1213	768
LOC131295885	protein_coding	704	631	1299	920	1409	1090
D16Mit181	protein_coding	313	476	850	441	708	563
LOC128927984	pseudogene	608	671	514	577	1010	352
Gm51999	protein_coding	2781	1195	846	1704	806	803
LOC131374240	pseudogene	224	165	652	569	470	467
LOC132444140	protein_coding	1394	457	1045	3714	1067	378
LOC131337034	protein_coding	3648	2598	3100	877	2608	1671
LOC132413010	protein_coding	3529	1383	1177	642	2495	1442
Gm6362	protein_coding	873	672	1247	1439	845	1024
LOC132444956	protein_coding	1150	2725	1724	745	1050	671
LOC131388418	protein_coding	389	542	500	440	531	212
4930589P08Rik	lncRNA	2196	1164	335	1544	1147	1626
LOC131340861	protein_coding	1080	848	746	1293	1097	1409
Mir6917	protein_coding	1015	307	753	110	143	112
Rb(6.13)9Tu	protein_coding	581	803	1181	881	1046	1103
LOC132407884	protein_coding	839	1464	904	420	749	630
Ndufaf6	protein_coding	794	32	2785	11	356	579
Potefam3b	protein_coding	447	774	217	1818	775	321
LOC131377170	protein_coding	1167	1254	543	414	749	438
Gm41529	protein_coding	533	554	506	330	311	175
LOC132411062	pseudogene	59	47	100	23	61	97
Mill1	lncRNA	451	638	483	1374	1805	1686
B130011D17Rik	protein_coding	76	124	533	202	118	122
Myci2	protein_coding	952	1681	1887	1620	1922	859
Gm12196	protein_coding	295	413	210	112	292	130
LOC131392019	pseudogene	656	394	287	368	924	875
Snord111	protein_coding	815	654	659	747	993	362
Gm4665	protein_coding	1399	854	1300	852	1013	791
LOC131339356	protein_coding	1703	2981	3408	3237	2425	4559
Gm9611	pseudogene	2875	3790	7203	3773	7214	9010
LOC132442923	protein_coding	583	110	206	172	57	57
LOC132442526	protein_coding	65	336	20	1588	21	42
LOC132410083	protein_coding	2978	1569	4326	613	1303	7903
Cocia9	protein_coding	731	394	843	640	2229	2569
LOC132442969	protein_coding	131	106	104	211	100	102
Snord14a	pseudogene	2817	815	1797	2105	1382	2113
LOC128924389	protein_coding	124	123	296	218	250	358
LOC131379587	pseudogene	1233	1776	636	33	7362	791
LOC131387479	protein_coding	485	339	146	105	267	21
Gm21559	protein_coding	524	697	1237	422	791	940
Gm25059	lncRNA	26	34	150	221	1805	626
Gm21909	protein_coding	1543	988	1305	1834	1024	1046
Gm12056	lncRNA	678	1128	365	167	701	450
Gm1096	protein_coding	861	3155	5137	5659	2882	4882
LOC131340516	protein_coding	24	1115	358	207	15	1051
4930512H18Rik	protein_coding	452	695	616	1205	719	1089
D4Mit39	pseudogene	1167	797	168	865	49	1380
Gm41653	protein_coding	554	721	1028	615	604	1423
Or8k40	protein_coding	1185	3482	2433	435	692	368
LOC132443522	lncRNA	137	110	136	166	101	429
LOC128924732	protein_coding	337	102	400	742	376	1083
LOC131297659	lncRNA	2928	1223	1092	2354	3427	1409
Gm38906	protein_coding	860	437	350	513	789	758
Gm52714	protein_coding	3567	1271	222	3148	2367	254
Dusp8	protein_coding	838	433	917	679	624	286
Alyreffm8	protein_coding	1109	1096	2433	1627	1774	1027
LOC131296064	lncRNA	391	1462	885	1713	350	618
LOC131385833	protein_coding	942	653	285	1289	61	64
D6Mit295	protein_coding	585	657	804	1028	1156	762
Or13p4	protein_coding	46	17	87	445	54	109
LOC128926373	protein_coding	1242	1201	1639	3111	2877	4208
LOC131373430	protein_coding	272	80	567	785	699	915
Me3	protein_coding	395	559	951	377	524	184
LOC131296576	protein_coding	457	263	209	1003	503	712
Gm17834	lncRNA	246	502	531	151	298	553
LOC128925616	protein_coding	443	2061	1371	624	1214	958
Kif2b	protein_coding	607	874	4191	927	2339	2855
Gm14940	protein_coding	397	550	27	709	527	531
DXChri5	lncRNA	646	1535	9421	12429	10396	3210
LOC131337311	protein_coding	756	1478	770	1209	654	1459
LOC131390786	protein_coding	752	630	1083	623	1409	1064
D5Mit261	protein_coding	739	931	2416	1216	2341	1480
Klhl29	protein_coding	1275	2022	680	579	2979	2997
Gm53744	protein_coding	911	1637	896	1097	1448	759
LOC131338564	protein_coding	882	1999	839	7877	4400	158
Gm20443	protein_coding	654	207	529	425	1520	691
LOC131391389	protein_coding	1144	2684	1580	7088	5141	1776
LOC132442503	protein_coding	1095	1612	1836	1188	1163	1195
D10Mit46	protein_coding	594	1758	733	1430	1157	927
LOC131386632	protein_coding	1213	1278	917	589	1962	1522
LOC131375260	protein_coding	1054	2254	3646	2429	3062	223
LOC131372380	protein_coding	610	835	1037	1179	729	801
Gm4432	protein_coding	262	852	271	525	683	785
Rpl21-ps14	protein_coding	1615	3342	4699	4123	3351	1542
Gm17881	protein_coding	3539	162	68	2565	94	407
LOC131388594	protein_coding	665	1494	1160	921	1126	921
Manln14	protein_coding	372	636	442	410	478	511
Cfp1	pseudogene	4022	837	1109	227	313	578
D930030I03Rik	protein_coding	1464	499	1779	1953	1433	775
LOC131388425	lncRNA	1965	1210	2473	3003	921	1379
Gm32591	protein_coding	2893	1515	3352	3354	4171	1820
LOC128925827	pseudogene	1035	888	1240	864	352	628
LOC132412290	pseudogene	3292	6	118	3006	10310	98
Gm46776	protein_coding	104	118	107	161	117	139
Gm46986	protein_coding	1804	2200	621	2003	830	1089
Gm21542	pseudogene	2141	2810	4672	4725	5484	1742
Gm39162	lncRNA	329	567	205	20	93	1062
Gm22716	lncRNA	171	125	73	165	204	162
Chol10	lncRNA	626	577	640	250	308	1020
LOC131375250	protein_coding	410	1767	464	5945	412	1001
D2Ertd554e	pseudogene	969	1383	361	545	841	1281
Gm28220	protein_coding	2192	4921	2644	7890	1917	917
Ogdhl	protein_coding	756	540	382	990	506	695
DXHXS296	protein_coding	3317	1682	2867	5584	2751	1394
LOC131392035	lncRNA	208	216	270	334	112	540
Gm36142	protein_coding	1551	2752	3232	1542	1466	1637
DXMgc48	protein_coding	463	451	1662	184	1085	1080
LOC132412626	protein_coding	655	2821	34	1742	186	3102
A930006L05Rik	protein_coding	1410	651	1323	2693	174	991
Lpcat2b	pseudogene	518	1186	701	3144	1289	1492
Gm40917	protein_coding	232	160	75	73	181	202
LOC131389842	protein_coding	112	86	70	81	99	67
2310035O12Rik	protein_coding	3039	1409	1720	1294	1551	1274
Olfr1007-ps1	protein_coding	1521	963	1398	1407	1488	1619
Gm30528	protein_coding	867	401	302	412	478	410
Fmgty13	protein_coding	827	492	978	209	945	721
Or5d42-ps1	protein_coding	186	394	162	132	233	171
LOC132444505	lncRNA	178	313	517	312	413	346
D2Mit51	protein_coding	144	11	378	290	28	136
LOC131295447	protein_coding	1355	1889	1894	3012	2258	3297
Ccno	protein_coding	425	218	106	68	242	159
Gm53463	protein_coding	1338	734	551	1089	669	688
D11Mit236	protein_coding	292	382	96	474	206	21
Gm22069	protein_coding	211	928	820	1496	453	705
Stag2	protein_coding	265	666	420	142	559	644
LOC131379374	protein_coding	739	1834	579	2109	386	4171
Gm33934	protein_coding	942	384	1314	1251	168	154
Gm27174	protein_coding	354	420	86	697	2250	1958
Srev7	protein_coding	1750	1683	2667	4122	3081	5016
LOC131297738	protein_coding	2651	2853	1333	2520	2068	1014
Gm24298	lncRNA	1306	925	348	901	1667	1357
Apsic4	pseudogene	886	1938	1066	437	1132	491
LOC131297713	protein_coding	205	115	167	50	32	64
Gm9604	pseudogene	341	1306	700	751	902	763
Gm46414	protein_coding	1175	1012	851	1231	1173	589
Gm8580	protein_coding	438	464	328	225	341	348
BC049692	protein_coding	175	200	117	178	196	84
D5Mit294	protein_coding	47	533	484	1026	222	331
LOC131375954	protein_coding	295	819	867	909	470	804
LOC131377697	protein_coding	280	1930	2991	2730	1114	775
D2Mit126	lncRNA	198	382	231	232	832	58
Gm57843	protein_coding	29	120	44	96	48	76
In(10)6Rk-p	protein_coding	104	159	322	259	171	110
D12Mit171	pseudogene	241	184	198	178	163	56
LOC131295112	protein_coding	2621	1016	671	3613	3643	1657
9130227L01Rik	protein_coding	1799	3683	4136	4545	3934	2197
Slc30a1	protein_coding	385	767	672	1450	1321	714
Or52i2	protein_coding	465	447	1004	567	355	534
Gm22089	protein_coding	602	2136	328	793	860	1071
Mrpl1	pseudogene	1069	878	945	659	285	1183
Or5m9b	protein_coding	1133	535	396	1111	132	994
Gm18568	protein_coding	258	379	272	353	357	430
LOC131339188	protein_coding	520	3471	1047	2139	1427	1764
Mpmv29	protein_coding	961	713	385	1533	1102	930
LOC131340845	protein_coding	319	174	418	209	408	168
Taf5l	protein_coding	25	2952	356	361	2148	323
Gm45441	protein_coding	1100	2003	1132	1001	1650	1358
LOC131386188	protein_coding	320	457	444	378	156	365
LOC131391761	protein_coding	873	1010	1368	1121	1428	758
Or4c103	protein_coding	235	283	276	348	322	218
Gm32876	protein_coding	492	1663	2066	2003	617	1394
LOC132410102	pseudogene	568	379	1212	293	833	953
Prr16	protein_coding	1244	2032	1447	528	1244	1804
LOC131375015	protein_coding	1200	1056	3716	1657	3235	503
A930031G03Rik	protein_coding	862	2158	1070	1102	272	879
LOC131371358	lncRNA	431	1088	659	966	812	1326
LOC132408424	lncRNA	769	2210	4108	1892	3602	1463
Gdf10	protein_coding	2141	1322	2090	1362	819	1969
Tcrb-D	protein_coding	1664	762	1328	1714	2360	1366
Dpp10	protein_coding	2094	636	1183	1747	1346	2239
4921509O09Rik	protein_coding	517	181	266	503	454	338
LOC132410998	protein_coding	1232	1449	1208	2245	3723	5154
LOC131392663	lncRNA	1701	1631	3972	1378	6044	2510
Enkd1	protein_coding	640	1051	843	645	828	774
LOC128927146	protein_coding	1197	252	482	6930	1282	4114
Rcvrn	lncRNA	163	156	232	555	277	148
Gm14200	protein_coding	1785	1440	1172	1317	1288	2352
Vmn1r226	protein_coding	407	196	263	550	426	100
Gm28497	protein_coding	308	554	377	159	516	145
Gm25653	protein_coding	1401	1808	958	2263	1455	739
LOC102640619	protein_coding	2361	1744	1742	1202	3718	1193
Gm18213	protein_coding	241	151	189	231	381	193
D6Mit358	protein_coding	932	1084	1034	1156	177	497
Mir6944	lncRNA	567	1108	762	922	585	408
Rbm46os	protein_coding	686	454	817	442	652	1305
Mettl9	protein_coding	486	1583	141	621	1463	443
Cux1	protein_coding	1472	1671	968	877	615	2730
Ar	protein_coding	364	597	560	626	621	1114
X83338	lncRNA	123	483	1099	190	160	345
LOC131337999	protein_coding	573	588	910	409	562	335
Gadd45g	protein_coding	1181	3006	1769	1743	571	1037
Gm34046	pseudogene	2870	2358	1723	2856	2330	3968
Gm20786	pseudogene	1413	622	631	346	905	802
Gm57489	protein_coding	693	507	706	1569	1539	1105
Zfp771	protein_coding	774	446	3119	379	845	331
Ifna6	protein_coding	555	849	123	530	157	427
Vmn1r53	pseudogene	121	394	321	225	604	404
LOC132408097	pseudogene	1264	711	1153	884	798	1832
Gm671	lncRNA	372	308	320	559	817	75
Cct3	protein_coding	1273	2546	716	1826	735	1411
Gm1972	protein_coding	2063	2004	1908	1758	1091	1159
Gm22704	lncRNA	325	1275	3	382	21	466
Gm24726	protein_coding	1122	1030	934	899	1126	640
Tsc22d4	pseudogene	145	77	585	204	32	68
Gm57787	protein_coding	470	28	488	301	143	143
Gm41844	protein_coding	1500	924	937	905	793	831
Actrt1	protein_coding	8216	1423	2543	2168	636	4204
LOC132410698	protein_coding	1501	1392	62	1276	1847	350
Gm7446	pseudogene	389	438	849	130	84	206
LOC108684028	pseudogene	504	374	89	753	663	1817
Rgl2	protein_coding	462	565	248	617	871	437
LOC131387499	protein_coding	1175	791	1090	699	812	1388
Bmd38	protein_coding	2469	2888	1141	2541	2298	2131
LOC131372511	lncRNA	1019	843	1303	704	314	939
LOC132409203	protein_coding	1383	488	872	901	1224	1492
Gm12516	protein_coding	1354	755	1175	843	1185	919
Gm35948	protein_coding	2657	1521	1770	1044	714	4261
Gm17137	pseudogene	326	563	441	647	826	1033
LOC131378867	protein_coding	8700	872	1658	1024	3338	1796
LOC128927233	protein_coding	1103	1407	1922	821	770	1157
E130018N17Rik	lncRNA	93	1172	836	242	2392	828
LOC131379456	protein_coding	1418	33	1103	679	791	1381
Nono	protein_coding	222	655	465	10	5	521
Hspa4	protein_coding	588	828	774	474	505	966
LOC131295796	protein_coding	155	127	255	1111	29	2576
LOC128926489	protein_coding	232	93	826	196	812	282
LOC131387612	pseudogene	459	446	335	810	326	335
Pla2g4f	lncRNA	146	574	386	144	73	177
Gm39240	protein_coding	282	90	682	425	57	332
Apoc3	pseudogene	1932	2939	2734	2621	2957	3222
LOC131337520	protein_coding	1110	1995	1465	1434	1542	643
LOC131341072	protein_coding	2475	3407	2702	3843	2517	2024
Mir295	lncRNA	1282	2663	3002	1072	996	1883
LOC131374127	pseudogene	1440	584	340	581	588	1271
Gm26596	protein_coding	576	752	617	604	431	1058
LOC109279961	protein_coding	95	204	236	313	422	470
Hdl6	protein_coding	685	1987	1399	1063	1085	1403
Spindoc	protein_coding	228	1408	2397	589	442	569
Gm31755	protein_coding	743	821	555	1358	1524	750
Hhip	lncRNA	254	899	113	1157	118	2174
LOC128924702	protein_coding	599	544	442	281	204	306
Or12d17	lncRNA	459	191	537	650	375	310
Gm41158	protein_coding	2077	2115	2091	3006	1404	481
Gm10589	protein_coding	675	630	683	779	638	551
Gm38537	protein_coding	201	162	158	438	205	670
LOC131371773	protein_coding	685	717	410	319	790	704
Mir1971	protein_coding	499	955	671	888	560	1258
Gm24409	protein_coding	953	1171	729	912	934	709
Trappc5	lncRNA	619	630	754	596	884	858
Gm53739	protein_coding	98	181	145	131	259	160
Snhg14	protein_coding	247	426	375	219	516	351
Prr23a3	protein_coding	331	806	673	663	463	205
LOC131389674	protein_coding	413	553	541	501	228	398
Ear2	protein_coding	892	563	332	778	476	447
LOC131387607	pseudogene	830	716	1198	843	244	131
LOC131295038	lncRNA	557	217	113	287	10	88
LOC132444710	protein_coding	642	279	837	366	293	434
LOC131379047	pseudogene	182	1049	196	424	4662	4962
Gm41199	protein_coding	760	411	1438	859	1590	1323
Taf11	protein_coding	942	1358	786	1824	696	1496
Rn5s-ps1	protein_coding	835	757	267	624	229	35
AA517837	lncRNA	5056	3267	2930	5179	339	1083
Gm51475	protein_coding	1663	1116	2129	1722	1896	1363
H2ac12	protein_coding	179	144	153	50	595	634
Gm51581	protein_coding	314	372	159	345	153	358
Gm51755	protein_coding	1300	1828	1685	243	2219	1463
Or9g10	protein_coding	1235	826	1163	733	771	810
Tmc1m3	lncRNA	2588	519	502	265	2079	369
Gm26633	protein_coding	967	1645	612	1789	590	1117
1700019P21Rik	protein_coding	888	920	2192	455	309	163
LOC132411761	lncRNA	721	1924	945	1430	329	31
Gm36101	protein_coding	2831	2529	1105	1407	1592	1068
Nsila1	protein_coding	1995	7	1706	853	263	168
LOC132412177	protein_coding	476	356	8	174	797	1201
Gm2387	lncRNA	1105	995	849	1706	759	1138
n-R5s12	protein_coding	50	23	22	29	24	41
Gm5223	protein_coding	660	619	766	505	783	905
Gm9553	protein_coding	398	1024	571	639	621	615
H48	pseudogene	987	907	758	217	2338	1392
LOC131338284	protein_coding	389	438	1615	425	251	278
Sele	lncRNA	972	13	127	36	188	5
LOC132442364	pseudogene	613	578	1162	673	219	1328
Mir17	protein_coding	148	500	486	165	197	276
LOC132444175	protein_coding	2085	1567	3239	2163	895	728
1700074A21Rik	protein_coding	1949	1759	235	314	341	2539
Nat14	protein_coding	981	568	780	690	1025	1635
Bhd	protein_coding	304	386	347	214	122	220
Tvp23b	protein_coding	152	381	267	242	300	293
Gm34100	protein_coding	596	798	418	254	191	160
Gm53363	protein_coding	371	228	55	194	292	379
Slc20a1	protein_coding	2858	717	1526	3000	4721	8813
D12Mit266	protein_coding	320	632	584	426	1031	810
LOC132442726	protein_coding	312	545	607	536	390	532
Gm7569	lncRNA	795	1172	581	598	314	840
LOC128924857	lncRNA	747	697	1493	186	1470	2293
LOC132408675	protein_coding	764	1136	2120	659	3192	653
LOC131296073	lncRNA	194	1241	342	241	650	154
Adamtsl3	lncRNA	1595	1218	456	1815	1365	1011
Gm15115	protein_coding	3496	114	898	790	1021	1395
DXMgc29	pseudogene	678	807	1409	1905	1338	1028
LOC131386504	protein_coding	783	498	928	823	666	749
LOC131375702	protein_coding	110	26	262	24	362	174
LOC128926571	protein_coding	2522	967	1763	1341	3897	3235
Gm25939	protein_coding	401	36	556	2	366	22
LOC131376861	protein_coding	670	1591	603	1013	400	1397
DXChri1	protein_coding	477	875	1276	265	293	468
LOC131341648	pseudogene	1287	1381	566	1775	497	1332
D9Mit239	lncRNA	757	932	86	592	124	186
LOC131386836	protein_coding	202	265	1889	700	882	188
LOC131386758	protein_coding	224	394	332	315	175	116
Zfp931	pseudogene	421	691	909	1178	861	1383
LOC131296995	protein_coding	450	266	325	438	626	254
LOC131295189	protein_coding	2765	755	4337	4437	3772	8336
LOC131339145	protein_coding	1374	1039	1682	1281	2627	848
LOC114827952	lncRNA	938	226	967	148	314	948
LOC128927934	protein_coding	479	557	547	142	277	412
LOC132444622	lncRNA	947	1447	1291	920	374	594
LOC131297192	protein_coding	358	742	513	814	605	1246
D16Mit88	protein_coding	2662	647	1081	3774	810	3382
Mir362	protein_coding	781	274	1347	863	547	255
Gm38767	pseudogene	2459	4037	1903	4486	8960	2960
Gm32046	lncRNA	2149	3713	3787	1870	3500	1486
LOC131375055	lncRNA	958	2609	2686	1237	882	3501
Gm6586	protein_coding	264	557	1169	593	275	1272
Zfp1006	lncRNA	1058	650	440	1052	841	471
Gm38791	protein_coding	670	256	331	244	373	356
Gm6096	pseudogene	1412	1222	1998	2243	2343	1555
Del(3)48H	protein_coding	1083	785	861	575	1085	1098
Hdnr	protein_coding	983	665	2646	2356	2390	2201
Gm42252	protein_coding	1276	618	3239	3299	1096	3117
D10Mit253	lncRNA	653	232	540	773	445	1231
Gm40115	lncRNA	118	173	213	53	62	130
Find2	lncRNA	627	68	721	704	546	549
Irak1	protein_coding	497	294	229	457	161	354
LOC132444023	protein_coding	513	401	415	252	612	472
LOC131340706	protein_coding	1160	595	340	1302	283	1771
23.MHAa89f11.seq	lncRNA	1297	1939	3323	885	1539	849
LOC132411032	protein_coding	56	180	755	878	623	722
Gm57669	protein_coding	616	319	455	357	504	648
4932414N04Rik	lncRNA	224	315	194	613	803	1237
Gm32705	protein_coding	891	1007	1024	215	126	43
LOC131296035	protein_coding	343	840	1270	266	295	347
Gm24262	protein_coding	112	111	189	252	422	672
n-TPcgg1	protein_coding	98	895	839	376	242	261
LOC132444699	protein_coding	673	833	1230	1134	1236	636
LOC131295366	protein_coding	638	599	646	1008	767	518
LOC131386137	protein_coding	200	244	104	373	228	238
4930532I03Rik	protein_coding	454	343	650	73	490	504
LOC132442849	lncRNA	284	165	399	455	418	672
Zbtb47	protein_coding	1206	961	1337	1507	1226	1210
LOC131380610	protein_coding	860	168	618	911	341	967
Gm26326	protein_coding	631	824	966	607	642	520
D8Mit264	pseudogene	94	165	155	104	80	71
Or12e8	protein_coding	33	47	9	33	26	48
Gm34648	protein_coding	891	277	448	256	167	602
Mir129b	protein_coding	180	150	153	48	72	51
D1Mit417	protein_coding	371	384	304	380	239	506
Arfrp1	protein_coding	222	131	220	245	184	184
2700062C07Rik	protein_coding	2105	1879	2000	1977	1298	1652
Or8g32	lncRNA	420	579	668	535	53	454
Lta4h	protein_coding	476	590	322	132	615	144
AL117801	protein_coding	764	3820	953	1877	1952	2029
Dnaaf10	protein_coding	1291	382	1354	2681	1964	39
Gja4	protein_coding	204	167	18	75	342	61
1700001G01Rik	lncRNA	351	1465	84	2420	969	576
Guca2a	protein_coding	1699	1521	1756	1793	1562	1524
Hsfy2	protein_coding	874	1341	975	3476	3575	1481
Bcl11b	protein_coding	1072	1027	568	1298	492	847
LOC131295640	protein_coding	926	1070	2309	4568	1782	9371
LOC131296415	protein_coding	517	3193	2193	3552	2489	567
LOC128926789	protein_coding	1009	213	364	486	326	237
LOC128924586	protein_coding	149	331	366	246	358	273
Gm41162	lncRNA	0	97	3	0	8	50
LOC132412871	protein_coding	487	682	735	1453	704	347
Gm23247	protein_coding	958	692	542	617	612	557
LOC131377960	protein_coding	2467	3045	5218	670	2319	2150
Gm43367	protein_coding	447	2804	489	3280	1102	1524
AY702102	protein_coding	854	1193	706	514	520	521
Ifna9	protein_coding	990	760	4014	1583	496	1751
A630084N20Rik	protein_coding	2944	5068	2283	755	2620	463
LOC131385737	protein_coding	2409	1851	1691	1943	1910	2272
Gm41513	protein_coding	1383	4581	1635	3605	1514	2726
BB038229	protein_coding	935	1156	1484	1527	1508	1482
D2Mit76	protein_coding	283	1167	1656	5986	6101	9868
LOC132442038	protein_coding	503	577	446	702	498	311
Gm33391	lncRNA	340	377	221	1157	387	277
Gm15395	protein_coding	41	42	7	125	1686	716
Maged1	protein_coding	451	1369	1021	427	145	2173
Gm51425	protein_coding	2106	5335	2224	3740	980	2105
A430110L20Rik	protein_coding	1957	2510	1183	1527	1911	2687
Hdac8	protein_coding	758	2117	416	1608	962	2341
6720427H10Rik	protein_coding	137	198	537	459	232	88
LOC131389516	protein_coding	1763	1082	853	826	1001	640
Samtor	lncRNA	639	398	314	562	458	277
Kif2a	protein_coding	1973	1796	2759	2320	2536	5352
O1T7	protein_coding	483	532	302	635	446	786
Bhr6	lncRNA	647	505	1958	585	283	251
LOC131379545	protein_coding	1074	876	760	377	536	571
Tff1	protein_coding	827	572	463	630	771	177
Gm39199	protein_coding	133	317	486	511	432	260
LOC132409359	protein_coding	251	933	429	1305	1442	743
LOC128927397	protein_coding	1542	2345	735	1137	1077	654
LOC131375255	protein_coding	184	325	205	1115	0	1024
Gm5696	protein_coding	886	413	1088	545	1612	421
Gm53431	protein_coding	128	314	253	425	411	314
LOC128925750	lncRNA	2362	1771	1573	1299	947	1220
Xpc	protein_coding	3611	392	769	1393	360	739
D15Citb1	lncRNA	140	277	510	872	433	400
Hdac10	protein_coding	331	310	486	63	482	295
LOC131337380	protein_coding	62	33	169	104	122	93
LOC131387234	pseudogene	664	55	936	1677	446	413
Idd5.1	lncRNA	790	3492	853	3131	1152	2171
LOC131379200	protein_coding	703	1129	398	909	1024	621
LOC131375821	protein_coding	2986	1127	1555	544	1382	1457
Gm11462	protein_coding	432	628	698	349	736	1125
D17Tu32	protein_coding	149	402	422	474	295	241
Styk1	protein_coding	1566	1686	1365	825	806	1222
Dock2	protein_coding	372	361	237	178	688	235
Gm46489	protein_coding	1923	2406	3190	3140	2457	2036
LOC132444787	protein_coding	1022	1467	2134	1394	905	942
Cia37	protein_coding	855	835	928	429	339	658
4930539N22Rik	protein_coding	1628	702	1914	1728	933	720
LOC132442834	pseudogene	1273	903	259	1787	874	294
LOC131339084	protein_coding	559	1813	2603	431	151	1635
4632418H02Rik	protein_coding	626	118	697	314	499	293
LOC131296467	protein_coding	1478	2033	837	3196	3495	2401
Tli1	protein_coding	4882	361	691	11284	2603	3152
Cacng3	protein_coding	633	1121	1020	1833	1690	3545
Gm29961	protein_coding	15	4419	2840	235	144	7032
LOC132411911	protein_coding	1001	489	339	17	446	97
Gm52821	lncRNA	584	747	983	493	546	383
LOC131376744	lncRNA	249	438	238	92	88	314
Gm22977	lncRNA	738	410	234	1051	457	682
D5Mit165	pseudogene	1136	955	577	479	406	642
Vmn1r228	pseudogene	232	221	166	486	62	210
Gm46454	protein_coding	296	882	360	266	900	543
Trbv22	protein_coding	44	890	37	167	64	157
Gm6181	pseudogene	94	118	134	100	182	307
Gm23939	protein_coding	389	914	1069	738	939	2486
LOC131392056	pseudogene	531	534	686	384	779	1031
LOC132441417	protein_coding	1582	2148	4926	2341	5598	1562
Gm18571	protein_coding	529	723	832	681	689	590
LOC131376999	protein_coding	2581	942	184	854	173	208
LOC131379340	lncRNA	472	597	1118	920	105	540
D12Mit238	protein_coding	1345	1189	1096	755	768	1234
LOC131297592	protein_coding	4059	544	2311	2216	300	538
Sphk2	protein_coding	1202	837	2833	2095	835	573
Gm51637	protein_coding	249	221	1241	450	198	19
Acad9	protein_coding	219	192	233	280	247	197
2310015A16Rik	protein_coding	369	480	323	611	481	501
Gm30420	lncRNA	1380	476	201	454	2068	256
Gm14567	protein_coding	2969	1472	1341	1282	2135	958
LOC131374734	lncRNA	412	561	470	766	640	636
Fabp9	lncRNA	582	510	176	43	890	511
Gm52332	pseudogene	240	244	312	334	168	386
Lith18	protein_coding	162	1140	2156	1203	189	1237
LOC131389798	protein_coding	119	79	175	91	185	68
LOC131296268	protein_coding	5110	1025	2122	2559	4134	2904
LOC132408739	protein_coding	22	21	85	24	45	99
1700040L08Rik	lncRNA	99	175	542	377	61	168
LOC131389618	protein_coding	1403	1714	660	1014	1658	1398
Acnat2	protein_coding	2342	2398	2055	1567	2076	2276
2900022M12Rik	protein_coding	2912	1613	922	1963	3275	384
Gm41225	pseudogene	471	519	353	506	715	1270
LOC131340559	pseudogene	437	370	275	385	230	307
4930548G14Rik	lncRNA	1588	3048	989	9724	1117	804
Gm35219	protein_coding	938	511	1896	969	2270	1285
Tpgs2	protein_coding	301	459	403	67	321	329
LOC131380327	pseudogene	531	518	751	313	292	351
LOC131380471	protein_coding	2497	1285	2279	1080	1357	4855
LOC131371497	protein_coding	1396	2063	1323	39	585	2271
Tmem11	protein_coding	111	395	969	771	190	895
Gm22439	protein_coding	938	660	2973	1586	77	2994
LOC131340338	protein_coding	3456	2167	1872	1572	1363	1231
Pla2g2a	pseudogene	1446	654	540	655	576	685
Hst6	protein_coding	945	529	865	935	1024	545
Duoxa2	protein_coding	1202	283	653	1235	224	843
LOC131374674	protein_coding	663	2167	411	1111	527	29
Gm45973	protein_coding	388	581	181	318	664	105
LOC131338314	protein_coding	751	1471	1224	1263	1274	1624
D630004L18Rik	protein_coding	370	300	211	1221	369	474
Dync1h1	protein_coding	1140	734	674	812	717	416
LOC131339537	protein_coding	1660	2208	1880	596	1020	1405
C330020G15Rik	protein_coding	370	1509	1581	554	493	1476
Vmn2r-ps140	protein_coding	3461	561	1234	1791	989	1132
LOC131296444	lncRNA	1499	835	1404	1610	634	2145
LOC131373785	protein_coding	1167	4781	1282	2726	1333	2626
Skts-fp1	protein_coding	1788	1236	544	690	314	343
LOC131389313	protein_coding	431	318	408	678	301	246
LOC132409067	protein_coding	2502	692	1457	1356	2281	532
LOC128924758	pseudogene	2398	2288	1934	2022	1374	1245
LOC131385261	protein_coding	1746	880	2645	1239	2723	1728
Csrnp1	protein_coding	3958	1849	2778	2612	1825	2059
LOC109279933	protein_coding	556	320	3369	124	191	1124
Gm35872	protein_coding	357	1644	251	7255	158	156
LOC132409708	pseudogene	88	54	70	44	46	48
Gm53627	protein_coding	94	225	165	339	226	272
LOC128927158	pseudogene	1184	2373	999	2175	2818	1877
LOC132440509	lncRNA	38	38	111	45	97	35
LOC132442706	protein_coding	191	430	616	307	78	498
DXMit31	protein_coding	1740	657	1162	775	2369	689
Gm31189	protein_coding	314	236	79	170	7	83
Gm30595	protein_coding	131	183	295	163	447	60
Gm41514	protein_coding	1798	2212	2169	2029	1507	2708
Gm35025	pseudogene	739	2661	1707	1223	1269	1421
Gm2336	protein_coding	2358	583	764	402	476	333
LOC131373412	protein_coding	242	186	321	187	935	1092
LOC131372891	protein_coding	862	1296	1621	1201	1604	2028
Fem1al	pseudogene	428	561	684	484	1310	755
LOC128925174	protein_coding	1046	552	627	551	1644	542
Garre1	protein_coding	462	609	331	704	3040	1731
5430400D12Rik	protein_coding	1091	467	1059	624	1804	1973
LOC131337037	protein_coding	2218	692	1944	1120	962	2776
Rilpl2	protein_coding	239	221	343	383	316	261
4931413I07Rik	lncRNA	1371	1613	1041	1604	1972	1411
Gm8437	lncRNA	489	285	257	378	481	347
LOC131373976	lncRNA	1382	3200	2389	1980	1911	1144
Ggm1	protein_coding	140	336	282	578	194	207
LOC131338529	protein_coding	992	1089	411	696	733	747
LOC131376354	protein_coding	171	248	46	639	382	839
Gm6902	protein_coding	1739	1867	990	521	2112	2732
Gm32724	protein_coding	136	131	18	46	27	16
Gm53180	protein_coding	1287	2656	3766	1051	135	1244
Mohg9	lncRNA	810	1331	277	691	89	146
Dnaaf1	protein_coding	265	417	183	489	106	214
Sgcz	protein_coding	2497	1948	2009	2007	2808	1568
LOC131379776	protein_coding	1937	849	1212	4025	3034	2860
LOC131339141	protein_coding	5492	2153	1731	1530	4890	3085
S100a10	lncRNA	178	338	241	75	220	54
Gm8210	pseudogene	3403	18	1430	2045	2611	2197
Gm29337	protein_coding	1890	496	2483	2019	526	2743
Ctxn3	protein_coding	448	194	358	312	518	75
LOC128926235	protein_coding	278	89	392	57	3	316
Dnaja4	pseudogene	49	238	282	70	52	54
Defa34	pseudogene	828	434	1759	481	184	573
LOC114827923	protein_coding	637	281	1750	1076	909	236
Kcnh3	protein_coding	2207	1718	2944	1781	1590	1670
LOC132443060	protein_coding	1538	1245	1802	2381	1980	2224
Gm6419	pseudogene	480	198	230	412	1285	369
Zp3r	protein_coding	1068	3096	276	812	641	353
Gm13771	protein_coding	959	2537	386	800	1348	151
LOC132440769	protein_coding	1700	1004	1190	720	1655	1143
Csnk2a1-ps3	protein_coding	508	1406	1267	658	774	2390
LOC132412183	protein_coding	208	407	332	390	291	458
Gm53693	lncRNA	923	362	2255	1123	750	734
2510019K15Rik	protein_coding	2121	1371	2074	3331	1429	2204
LOC132409302	protein_coding	956	766	1391	1125	803	2080
Or1e1b	protein_coding	1626	1305	2466	1944	1763	2224
Rps26-ps1	protein_coding	191	326	81	1588	1751	3033
LOC132412830	protein_coding	1000	848	1070	638	1019	718
AI225892	lncRNA	767	847	1278	246	2035	2328
Skmw14	lncRNA	429	610	695	1105	806	797
LOC132411188	protein_coding	808	2674	1269	3823	2173	446
Ak3	protein_coding	2719	156	931	720	406	1242
Gm40426	protein_coding	3012	1994	4865	1063	1274	1415
LOC128927082	pseudogene	1211	1185	1245	2169	871	301
Smc2	protein_coding	77	148	379	377	510	61
Gm52022	protein_coding	669	508	689	596	616	643
LOC132441605	protein_coding	636	1057	532	479	333	371
Gm13879	protein_coding	242	137	11	31	468	86
LOC132441062	protein_coding	282	227	438	196	310	240
Afteq2	protein_coding	625	681	1196	551	1022	706
LOC131375042	protein_coding	393	889	1108	346	308	754
LOC132411361	lncRNA	259	378	380	1139	216	1281
LOC131389589	protein_coding	2176	3981	2195	1478	2125	2695
Gm6173	protein_coding	781	196	2241	4684	4373	1826
Gm32443	protein_coding	1046	928	623	439	49	45
LOC131339435	protein_coding	430	4	841	704	1049	768
LOC131374004	pseudogene	2670	928	725	72	44	1188
Gnb1-ps2	protein_coding	1145	1385	1951	2166	1107	1547
LOC131339054	protein_coding	1875	901	1537	2759	3107	2003
LOC109280044	lncRNA	1086	971	547	813	805	1285
LOC131391665	pseudogene	758	560	1411	1265	700	716
LOC131372466	protein_coding	1881	1028	941	108	1739	1710
Gm51998	protein_coding	1525	1117	1215	991	829	1543
LOC128927693	lncRNA	615	157	92	165	64	46
AI574175	protein_coding	368	250	643	273	299	226
LOC131374394	protein_coding	259	190	301	1182	570	386
D3Ertd731e	protein_coding	451	1087	273	118	435	184
C79017	lncRNA	786	832	471	787	280	429
LOC128926740	protein_coding	1727	199	186	60	265	1636
Gm29864	protein_coding	29	0	1814	1580	262	18583
LOC132443725	protein_coding	269	152	45	40	65	116
Gkn1	protein_coding	530	730	469	362	415	585
BB163080	pseudogene	347	656	451	468	761	338
Gm16225	protein_coding	188	988	363	592	687	400
Or13m2	protein_coding	1185	1520	1066	468	243	481
Gm52426	protein_coding	405	460	1191	1317	372	408
LOC132410888	protein_coding	64	173	58	80	479	216
Tor4a	protein_coding	716	532	704	388	2624	1037
4930429H19Rik	protein_coding	617	617	464	442	664	657
Tmem266	lncRNA	143	220	176	243	220	548
Gm54068	protein_coding	861	142	345	768	607	974
Gm34521	protein_coding	1113	1903	2340	2763	733	1488
Krtap31-1	protein_coding	668	33	641	641	1116	410
Gm23712	protein_coding	123	51	77	98	81	74
Ralb	protein_coding	467	342	564	318	573	675
LOC131389935	protein_coding	179	448	175	513	142	412
LOC131339397	protein_coding	344	687	393	713	1493	583
LOC131385099	protein_coding	546	273	142	455	919	731
Pmv39	protein_coding	304	614	626	360	172	947
LOC132444711	protein_coding	1068	1472	1261	2547	957	3735
Sbno1	protein_coding	447	187	301	814	255	374
LOC131386691	protein_coding	278	245	397	387	400	447
Cenpq	pseudogene	1422	1672	966	1214	1670	1209
LOC131295169	protein_coding	1236	1181	2150	1165	1099	1024
Gm39506	protein_coding	1223	796	1301	1105	495	393
Snora3	protein_coding	86	301	1679	393	1413	609
Gm41037	lncRNA	66	412	45	133	558	386
Man2a2	protein_coding	1576	1663	2024	1083	467	1340
9530034E10Rik	pseudogene	1487	1167	2509	2523	323	560
LOC132408439	protein_coding	4400	4381	1771	6731	3248	1910
Gm35600	protein_coding	1635	2394	4724	237	929	109
Fam210a	lncRNA	629	694	1638	1496	1293	710
Ctdsp2-ps	protein_coding	730	1214	1022	823	1145	324
LOC131375487	lncRNA	1090	1517	4136	1478	642	1396
Rgs2	protein_coding	142	135	281	52	119	250
Gm33838	protein_coding	488	289	412	362	491	436
C030037F17Rik	lncRNA	807	1144	921	332	769	603
Rassf5	lncRNA	499	564	426	202	212	220
Clk4	protein_coding	3195	5492	1908	1073	3021	3083
LOC132411955	lncRNA	430	781	865	1279	1330	696
Gm39441	protein_coding	226	828	1199	426	2238	995
Alyreffm11	protein_coding	761	642	184	714	412	483
Scgb1b18	protein_coding	812	5611	4166	1454	781	3872
Gm39900	protein_coding	217	733	595	474	506	288
LOC131390010	protein_coding	913	762	897	852	452	858
Slc10a2	protein_coding	917	1044	880	328	467	204
Gm39589	protein_coding	133	664	266	140	17	111
LOC131338637	pseudogene	632	1360	1118	1080	1083	575
Gm10830	pseudogene	839	1319	281	405	415	1057
Shpk	protein_coding	48	75	62	10	11	91
Gm52880	protein_coding	569	1148	625	923	1849	817
Gm3605	protein_coding	472	284	399	591	301	159
Gm38981	protein_coding	119	85	272	172	148	417
A430057O09	pseudogene	60	606	43	80	207	69
Smc2os	protein_coding	214	403	286	934	597	809
Gm10182	lncRNA	526	73	699	224	215	145
LOC131388018	protein_coding	676	465	104	96	736	382
LOC139441152	protein_coding	1040	987	1122	1886	1025	336
LOC131392690	protein_coding	227	203	97	539	815	256
Gm52512	pseudogene	112	905	788	973	561	1046
Gm34713	protein_coding	357	241	144	247	41	102
LOC132444273	protein_coding	187	1096	1522	1554	376	685
LOC131295196	protein_coding	152	237	280	101	179	189
LOC131372568	protein_coding	391	122	1563	394	287	71
Emv41	lncRNA	674	1331	506	846	263	645
LOC132409736	protein_coding	2675	1870	3313	2335	717	1174
Gtayu6	protein_coding	483	889	1538	1940	537	1493
Zfp952	lncRNA	601	761	1041	745	1705	1038
Rab28	protein_coding	340	109	1127	208	578	406
Pgpep1	lncRNA	1319	2386	1267	1444	923	815
Gm45932	protein_coding	4290	3257	5118	3210	3359	5477
D4Mit79	lncRNA	1932	1236	1070	630	693	1417
Smim45	protein_coding	224	2588	954	565	1420	572
LOC131389956	lncRNA	901	358	514	768	900	797
Gm5714	protein_coding	429	345	288	1206	486	543
LOC131392200	protein_coding	1188	1029	962	1900	776	692
LOC131339701	protein_coding	865	1244	1211	1055	1431	715
LOC132441343	protein_coding	192	460	229	216	58	170
DXMit106	protein_coding	721	836	511	999	843	1225
LOC128927667	protein_coding	261	251	881	30	63	594
1810062O18Rik	protein_coding	872	305	1294	406	671	448
D4Mit228	protein_coding	703	271	993	925	346	160
LOC131295779	protein_coding	1062	7	2154	168	908	642
Styxl2	pseudogene	470	292	1479	332	720	621
LOC132443821	lncRNA	679	132	173	949	497	867
Gm6450	protein_coding	1677	946	568	1318	2125	2493
Gm9800	pseudogene	250	208	113	332	345	389
LOC131296926	pseudogene	714	1270	690	551	817	701
Iars2	lncRNA	414	536	451	905	1173	604
Tcra-V5.5	protein_coding	258	389	147	373	1254	518
Cysltr1	protein_coding	879	411	1618	341	819	276
LOC131390391	protein_coding	1515	1546	1054	454	511	786
LOC131376580	protein_coding	1540	496	1212	993	365	836
D19Mit132	lncRNA	203	149	60	554	1459	633
Cntf	protein_coding	735	900	11	340	96	836
LOC132444767	protein_coding	1791	1284	715	845	548	510
5330411O13Rik	protein_coding	169	46	163	330	330	381
LOC131387055	lncRNA	2128	3030	1844	552	1414	1835
Eral1	protein_coding	294	975	689	881	1102	771
Cpxcr1	protein_coding	574	920	1061	867	658	62
Gm6050	lncRNA	2268	876	1916	1854	764	927
LOC131376013	protein_coding	62	55	115	293	461	91
Gm7708	lncRNA	1364	916	1717	516	656	652
Gm52705	protein_coding	380	462	1006	576	433	99
F830212C03Rik	lncRNA	0	462	91	0	0	16
Gm22589	lncRNA	967	458	1258	239	194	227
Gm36671	protein_coding	2251	2427	771	1704	1265	615
Limd1	lncRNA	843	172	100	1	1237	265
Irx4	protein_coding	224	3	16	234	332	314
LOC128925927	protein_coding	156	127	206	72	254	160
Mapk3	protein_coding	361	618	443	443	392	365
LOC131373250	protein_coding	593	511	635	928	546	525
LOC131338678	protein_coding	1253	659	1317	785	793	868
Zc3h7a	lncRNA	248	517	42	659	19	17
LOC131380060	protein_coding	911	2065	1673	1682	1498	1565
Sluc5	protein_coding	2183	1936	1555	1634	2141	2612
Gm35706	protein_coding	498	214	997	1127	1067	348
Irag1	protein_coding	322	380	353	1025	649	1018
LOC131371608	protein_coding	1084	1719	1294	1200	711	792
Srpk3	protein_coding	99	88	175	27	127	105
Fam184b	lncRNA	216	195	438	1088	589	609
Gm29507	protein_coding	387	281	519	858	647	951
Tnpo1	lncRNA	2357	3876	1760	1445	1010	1496
LOC131389246	lncRNA	432	576	585	370	841	188
Gm46331	protein_coding	893	18	97	329	84	76
AU021977	protein_coding	73	41	28	85	58	250
LOC128925670	protein_coding	1633	1628	2231	1251	1676	1943
Gm5175	protein_coding	1098	1921	853	1879	635	1688
Zfp91-rs1	protein_coding	988	844	2025	511	705	417
LOC132441082	protein_coding	242	850	476	314	1021	780
Gm9465	lncRNA	1266	512	1726	1475	2060	3023
Dcpp2	protein_coding	526	489	751	199	146	439
Gm20420	protein_coding	1553	691	850	806	1328	1085
Gm6463	lncRNA	474	294	286	315	324	262
Surf4	protein_coding	609	1501	1377	238	207	780
Adgra1	protein_coding	3002	1086	1045	1298	952	1758
AA537038	protein_coding	840	1446	1252	1040	1834	559
Gm19645	protein_coding	2289	228	4264	915	431	786
A830073O21Rik	protein_coding	974	1066	768	1406	1512	638
LOC132444136	lncRNA	1026	223	1164	643	1424	445
Trpt1	lncRNA	1520	3987	4016	2190	1400	766
Mir6993	lncRNA	654	611	955	390	952	1161
LOC131391537	protein_coding	1529	1348	2776	2033	2875	4348
Epha7	lncRNA	607	359	224	405	503	281
LOC132410725	protein_coding	24201	91	5881	734	55	1350
Pcdhb7	pseudogene	159	69	29	71	34	64
Tdp2	lncRNA	1133	568	670	1155	1466	3656
LOC131295782	lncRNA	707	404	565	330	462	464
Sertad4b	protein_coding	1379	1498	1129	905	1012	1594
Vrk3	protein_coding	121	358	44	191	436	217
Kdm5a	protein_coding	645	2073	3700	196	583	606
LOC118568322	protein_coding	336	1203	692	2676	2878	2892
LOC131389097	protein_coding	413	385	964	351	740	456
LOC131371777	protein_coding	1836	833	1241	1167	938	2449
LOC131384814	protein_coding	510	1012	1571	297	538	786
Atp5pd	pseudogene	524	1269	123	783	627	492
LOC131380413	protein_coding	693	429	450	1177	671	302
LOC132411469	protein_coding	518	441	268	857	810	77
LOC131392544	protein_coding	1992	1256	862	989	1734	552
LOC132442801	protein_coding	531	148	725	164	537	297
LOC132408527	protein_coding	2143	2688	3040	1503	1877	2651
LOC131375817	protein_coding	1959	1193	1454	1339	479	774
C230094B09Rik	protein_coding	1693	1335	1192	533	891	191
LOC128924627	protein_coding	1748	687	1227	1205	1231	1045
Gm32603	protein_coding	6298	5443	5800	4988	4531	3679
Gm19709	protein_coding	292	28	51	223	233	397
D4Mit160	protein_coding	1134	1008	1233	732	1028	840
LOC132408162	protein_coding	1002	3544	1329	2243	2450	4928
Vtbt4	protein_coding	97	53	655	185	292	251
D8Mit277	pseudogene	1104	2704	192	3711	1235	1286
LOC131391334	lncRNA	1469	1303	2054	895	407	698
LOC132411275	protein_coding	4738	659	1543	2938	2275	10381
4930539M17Rik	protein_coding	707	556	728	675	105	238
Brm2	protein_coding	982	4581	2744	2773	3790	2717
Gm14023	protein_coding	2608	2360	940	1396	1268	426
LOC128924830	protein_coding	3189	2833	3257	1593	3092	2310
LOC131295170	protein_coding	276	595	56	688	296	557
Mir1955	protein_coding	357	223	381	370	406	330
LOC131341827	protein_coding	219	790	692	599	213	173
Pmv38	protein_coding	790	626	428	235	447	117
Ift52	pseudogene	884	55	302	684	157	1
LOC131373742	protein_coding	1605	2229	1425	784	749	839
LOC132407987	protein_coding	1952	7367	79	87	2137	417
Gm28468	protein_coding	132	172	551	377	319	35
Gm13350	protein_coding	649	644	546	964	642	821
Gm46845	protein_coding	2456	1450	1793	1820	1434	2091
Gm40768	lncRNA	1322	768	2100	2543	500	1906
LOC131338513	lncRNA	1935	1564	1600	1351	1364	1447
LOC132442822	lncRNA	372	236	131	578	260	207
Mpcp4	protein_coding	1927	594	1163	888	236	738
D6Wum13	protein_coding	193	388	109	345	389	306
Gm32026	protein_coding	8	289	1206	272	1005	111
D2Mit390	pseudogene	330	385	246	303	236	229
LOC131340408	protein_coding	3387	1898	3114	4512	2083	2609
LOC132442953	protein_coding	191	2614	43	63	319	614
Ly6a	protein_coding	1401	2021	1067	2245	1187	1979
LOC131337586	pseudogene	2907	832	1443	836	2765	1461
Gm21181	protein_coding	34	138	216	142	109	46
LOC131371489	protein_coding	1112	474	2242	1438	836	615
Gm45979	protein_coding	1726	1520	3930	5481	2223	1152
LOC131338233	protein_coding	199	25	138	685	30	175
LOC131337539	protein_coding	840	1703	2295	5060	1135	1287
Ddx21	protein_coding	829	797	528	514	955	674
EC218RL	protein_coding	721	1173	1033	570	900	343
Nr2f1	protein_coding	517	1485	1379	1502	591	1827
Fut9	protein_coding	1413	505	660	648	947	951
Mtgq4	protein_coding	3688	2416	1762	1766	999	1034
Gm12087	protein_coding	222	251	163	487	991	437
5830418P13Rik	protein_coding	746	366	1184	250	71	271
Esx1	lncRNA	826	163	462	171	619	53
1700064J06Rik	protein_coding	1131	927	1054	2458	2234	1886
D5Buc18	protein_coding	613	418	252	596	401	1166
Tas1r3	protein_coding	872	653	1422	101	482	1414
LOC131378912	protein_coding	634	2667	3847	2466	956	1484
LOC131340147	protein_coding	1146	1382	763	1071	1292	1719
LOC131379512	lncRNA	3085	172	347	3429	1934	189
Rhox13	protein_coding	865	1535	681	833	960	1073
Nit1	protein_coding	1783	2410	607	1997	1852	363
LOC128926755	protein_coding	487	444	403	1533	934	1336
LOC131391866	protein_coding	437	1644	809	900	972	398
Sdhaf3	protein_coding	793	267	661	497	727	388
Mterf2	protein_coding	301	512	1961	259	1758	1481
C030013D06Rik	protein_coding	1697	388	351	599	797	1762
Gm35685	protein_coding	374	1770	570	888	620	735
LOC132445140	protein_coding	765	610	385	850	301	711
LOC131339233	protein_coding	1095	657	1237	682	470	489
Gm28511	pseudogene	1843	1973	867	1389	1921	1280
LOC131295100	pseudogene	473	1426	2483	2078	2972	2674
Gm5157	protein_coding	626	897	792	3260	1977	1992
Gm46922	protein_coding	374	1307	1124	746	258	1087
LOC132408508	pseudogene	1608	2638	3419	7121	2363	3419
Gm39497	protein_coding	1454	1559	1673	1279	2401	1491
Aldr2	protein_coding	1261	977	1235	1030	554	760
LOC131385552	protein_coding	46	644	1033	823	1170	1282
LOC131296939	protein_coding	2162	2598	854	628	420	415
Ehd1	protein_coding	2232	1048	1124	895	1195	2632
DXMgc46	protein_coding	1527	1441	484	2914	1864	3792
LOC132442224	protein_coding	293	551	487	583	700	1249
Hectd2	protein_coding	94	795	222	76	469	625
Gm36824	lncRNA	99	2022	509	275	1022	489
Thbs3	protein_coding	2461	4569	2729	1715	2942	1407
LOC131337288	lncRNA	5636	1488	385	282	703	211
Gm52108	lncRNA	210	413	333	663	346	419
Gm26782	pseudogene	393	493	480	186	334	254
Mofp5	lncRNA	409	452	1656	1435	1476	1752
Gm5746	pseudogene	3210	298	587	794	981	385
Nr2e3-rs1	lncRNA	1682	156	842	647	314	2573
Gm32818	lncRNA	66	248	154	262	234	242
Gm33653	protein_coding	872	2899	625	1213	1299	1457
LOC131387411	protein_coding	128	163	148	235	94	194
LOC132444716	protein_coding	96	161	750	59	689	1720
Utp11	pseudogene	2188	976	827	926	598	1335
Or5ak25	protein_coding	379	513	378	1417	1601	1093
LOC131339346	protein_coding	172	46	20	176	2	1
Snx25	lncRNA	342	601	343	269	882	910
Igl1-r	lncRNA	387	502	681	563	405	319
LOC132412846	protein_coding	366	329	709	735	482	565
LOC131392582	protein_coding	2855	1094	1539	1122	1354	1564
Gm23323	protein_coding	616	404	891	520	1413	576
LOC131374095	lncRNA	147	76	41	303	53	226
D730047P14Rik	protein_coding	93	189	71	388	166	247
Gm23745	pseudogene	416	1075	1351	1534	1242	941
LOC131390179	lncRNA	983	547	236	525	963	166
Dicer1	protein_coding	281	2239	161	445	13	1227
Nlrp3	protein_coding	488	730	896	338	1821	435
LOC132445232	protein_coding	850	448	777	747	514	719
Dppa1	pseudogene	666	1813	1119	1077	1290	2493
Ngfg-rs2	protein_coding	3961	3023	2287	3163	3169	3421
LOC132411375	protein_coding	657	28	26	131	419	25
Vmn2r71	protein_coding	208	281	1070	1687	972	2539
Cyfip2	protein_coding	2929	1217	494	1683	2267	407
Gm9399	protein_coding	127	380	683	1929	1123	1081
Gm41534	protein_coding	818	1628	1230	1666	1972	1054
LOC131377564	protein_coding	1356	837	919	1064	566	457
Arc	protein_coding	997	697	1123	677	773	1371
Gm15279	protein_coding	518	1110	79	680	639	398
Gm12119	protein_coding	471	1468	190	978	450	1018
Gm33502	protein_coding	2338	5264	4313	692	2445	1466
Epfq5	protein_coding	364	241	267	390	251	470
Gm57836	protein_coding	1821	1270	1099	870	985	2557
Gm8798	lncRNA	71	351	112	312	213	187
Nectin4	protein_coding	811	830	1491	640	906	237
Gm8488	protein_coding	8	3263	471	1101	182	4
LOC131391291	protein_coding	844	674	1698	1213	807	77
Csgalnact1	protein_coding	430	287	48	272	1611	1031
Mir146	lncRNA	317	287	225	290	326	121
LOC132409332	protein_coding	1849	714	1728	1201	929	675
Nicol1	protein_coding	192	79	492	528	129	220
Rb(7.18)9Lub	protein_coding	1241	558	1227	1063	2839	998
LOC131295721	protein_coding	225	118	140	246	119	219
4930478M13Rik	protein_coding	823	2463	1169	1308	818	921
Prnd	protein_coding	3239	549	658	361	1500	1578
LOC132441806	protein_coding	128	3505	682	1087	2178	1266
LOC131387426	lncRNA	3374	1914	2467	1657	3625	2779
Gm8388	protein_coding	941	1186	639	572	1470	553
Rasal3	protein_coding	542	1400	565	1104	85	692
D9Mit169	protein_coding	238	310	113	235	104	127
LOC131379097	lncRNA	1792	1198	5112	3148	2102	1058
Gm52715	lncRNA	5675	2229	2185	1473	2189	1868
D8Mit290	protein_coding	2206	6718	7311	2702	4702	2998
1110018N20Rik	protein_coding	185	100	107	85	187	157
LOC131297022	pseudogene	2729	1414	1317	2672	1001	1489
Fhip1b	protein_coding	2766	3386	1942	2168	2637	2320
LOC131385131	protein_coding	898	801	1285	718	1151	648
Lrncs1	protein_coding	237	11814	6573	1878	8882	2217
LOC131340296	pseudogene	307	1571	530	504	327	632
Gm26324	protein_coding	1005	1440	464	837	1030	1894
Gm5182	protein_coding	643	553	175	345	506	990
LOC128926068	protein_coding	427	1178	981	679	3777	315
LOC132444897	lncRNA	677	986	833	680	948	493
Gadd45b	protein_coding	714	1321	1005	3197	1439	2504
Mars2	lncRNA	2084	859	553	413	383	833
LOC131392077	protein_coding	50	1072	319	3	141	442
LOC131336854	protein_coding	158	131	56	24	245	22
LOC131384879	protein_coding	275	2764	526	1121	2073	4456
LOC131341312	protein_coding	125	600	648	412	2291	422
LOC132443629	protein_coding	833	1717	1761	847	1015	667
Gm35033	protein_coding	352	469	483	739	844	2229
Bcl7a	protein_coding	819	595	1729	538	1153	509
LOC131296448	protein_coding	581	312	185	442	556	335
Tuba3b	protein_coding	614	460	198	368	492	226
Or12e10	protein_coding	171	1288	864	758	163	20
Or1l4b	protein_coding	587	82	669	0	68	390
LOC131371614	protein_coding	324	1061	1495	864	1075	62
Gm52435	lncRNA	539	1410	2508	224	638	181
Gm51593	protein_coding	49	585	133	870	10	507
Gm20036	protein_coding	693	909	362	488	221	421
LOC131378391	protein_coding	937	484	532	500	602	509
LOC131341366	protein_coding	1057	1181	776	2441	816	861
Gm42123	protein_coding	224	229	96	9	22	196
C130098C10Rik	protein_coding	470	652	1441	1468	269	1153
LOC131379567	protein_coding	5668	89	0	729	441	96
LOC131341939	protein_coding	1691	1018	520	4305	398	1131
A930011E06Rik	protein_coding	954	286	1050	3329	396	34
Gm11871	lncRNA	1262	2403	214	746	882	446
LOC131392578	protein_coding	282	915	336	193	111	993
Gm16055	protein_coding	790	1678	1973	1249	566	1029
LOC131391771	pseudogene	732	799	1254	1077	1950	764
Tel1p	protein_coding	5551	627	710	4879	5145	1296
Gm31754	protein_coding	1580	1090	1796	1645	1021	1285
LOC131379603	pseudogene	60	335	110	268	330	72
D5Bwg0676e	protein_coding	569	908	824	1413	1932	1227
Gm24399	protein_coding	150	304	391	446	324	426
LOC114827933	lncRNA	1000	981	1103	1372	837	1216
Vmn1r-ps64	lncRNA	493	487	234	1272	558	435
Tgif2-ps2	protein_coding	407	492	152	958	144	236
Ndufab1	protein_coding	294	870	1077	465	411	585
Vmn2r-ps134	protein_coding	425	476	152	516	682	307
Gm41186	protein_coding	1352	912	667	1766	772	871
LOC108863623	lncRNA	309	181	49	56	80	247
Mir6369	protein_coding	46	16	39	63	42	36
Pml	protein_coding	480	258	310	962	162	812
Phf21a	protein_coding	3375	2024	996	1629	3211	3654
Gm51663	protein_coding	833	1232	763	884	810	586
D3Mit110	protein_coding	858	317	483	1219	436	1111
Ears2	protein_coding	756	296	438	365	246	387
Lipq3	protein_coding	1183	500	1216	798	152	190
LOC132444528	lncRNA	972	3780	3210	3208	2306	2296
LOC131386391	protein_coding	1150	1089	1686	589	1708	785
Psma5-ps	protein_coding	731	974	926	1527	553	1041
LOC132410572	pseudogene	1487	811	2025	2830	2528	3435
LOC131338840	protein_coding	928	1461	981	1545	1407	2059
Ube2uos	protein_coding	1098	942	1787	907	1197	1573
Gtf3c6	lncRNA	12	120	182	0	0	204
LOC132408291	lncRNA	1491	1618	1141	1704	1233	1525
Tbrs4	lncRNA	3214	1267	2617	727	544	106
LOC131373004	protein_coding	127	228	281	37	92	13
D14Mit64	protein_coding	1684	1068	878	996	592	1421
Zfp318	lncRNA	16	1074	2551	276	1795	673
LOC131371328	lncRNA	180	459	182	1484	475	197
Eef1g	protein_coding	1045	938	775	1364	961	1849
LOC131377883	lncRNA	65	137	560	33	802	61
Gm14270	pseudogene	1582	2457	1698	2022	2937	3957
Gm29687	protein_coding	617	476	641	594	938	431
LOC132411286	protein_coding	332	691	394	508	546	1165
Gm39911	lncRNA	1693	2793	1651	1836	2739	6960
LOC132443839	protein_coding	237	723	223	500	580	779
LOC128925132	protein_coding	63	254	25	84	62	15
Otud6a	protein_coding	773	1025	516	755	433	821
LOC131387752	protein_coding	1278	917	664	384	342	268
LOC131372137	protein_coding	913	1122	1634	507	1007	1741
Bmca	protein_coding	1559	1824	632	962	1406	575
D2Mit1009	lncRNA	754	252	1682	257	804	18
LOC131389810	protein_coding	474	597	992	348	530	489
Gm14878	protein_coding	158	419	239	144	342	458
Igf2bp2	protein_coding	190	1004	1036	478	757	271
LOC131386445	protein_coding	42	52	16	31	44	8
Gm41770	protein_coding	1228	998	783	2106	46	1487
Ifi209	protein_coding	2784	2146	983	1532	3100	1349
Gm11978	protein_coding	492	1913	740	112	163	2289
W6q11	pseudogene	547	1090	1001	253	293	704
LOC109280153	protein_coding	2468	1018	1123	1822	1482	2096
Gm38522	protein_coding	4879	395	7622	184	801	192
Mir7672	protein_coding	493	10	286	213	371	26
DXMit52	lncRNA	663	329	470	125	1074	618
Gm11620	protein_coding	1040	1804	627	869	593	1142
LOC131384813	lncRNA	1857	1607	1882	855	1816	1436
LOC131390364	protein_coding	602	1295	1397	1770	3900	4413
LOC131390069	protein_coding	903	2710	2495	2341	1366	1110
Arhgap30	protein_coding	1139	499	519	1298	473	542
Ppp1r13b	lncRNA	1212	1205	737	1213	707	1347
Gm5469	protein_coding	1542	902	304	2304	1306	306
LOC131340253	protein_coding	321	30	1541	1412	750	822
LOC131371981	protein_coding	418	28	96	308	384	209
LOC131388013	protein_coding	306	2749	1583	3650	7	790
Cbr1b	protein_coding	374	250	922	536	380	2003
2900011F02Rik	protein_coding	1366	363	1694	3490	144	92
LOC131389486	protein_coding	418	339	939	416	393	1620
LOC128925416	protein_coding	2782	806	1654	621	1021	3288
Igkv10-96	protein_coding	4531	4954	5154	1988	1658	7755
Gm5124	pseudogene	1074	1879	924	812	84	450
DXMit233	pseudogene	592	601	650	802	532	860
Gm6411	pseudogene	2125	174	1447	779	381	796
LOC132411267	protein_coding	2611	2391	686	6113	1220	1467
B430319H21Rik	lncRNA	96	388	14	0	2	46
Gm13359	protein_coding	7459	3305	1339	6654	440	1971
Vmn1r-ps113	protein_coding	1445	2127	1457	730	1147	1092
Gm29983	protein_coding	316	464	653	318	50	113
LOC128924283	protein_coding	27	426	108	296	1721	9650
LOC114827908	protein_coding	1361	1805	787	1360	2068	843
Tmevd5	protein_coding	6290	3840	3078	3073	1554	2613
LOC131374782	protein_coding	613	376	2066	480	1159	509
LOC128925216	protein_coding	1305	2281	622	31	854	204
Gm21678	protein_coding	1494	1514	2439	2523	719	2484
TTg(3;10)1Tex	protein_coding	1097	1382	298	1387	777	1070
Sqstm1	protein_coding	0	22	0	40	41	101
Gm35478	protein_coding	1558	843	679	5415	1654	991
LOC132442383	pseudogene	317	1218	1068	1206	516	950
Flot1	protein_coding	0	1104	731	1035	824	1
LOC131376773	lncRNA	1360	1735	1992	2085	4120	2446
Gm34210	protein_coding	1121	709	372	7730	1441	1677
Pparg	lncRNA	229	15	542	819	1372	2994
Cycs-ps2	protein_coding	1451	753	1900	1316	1492	1783
Dysf	protein_coding	2157	2043	884	738	1955	1380
LOC131297877	protein_coding	1096	906	1442	345	219	1489
Gm38854	protein_coding	44	250	139	190	337	151
Clint1	pseudogene	2918	2113	729	911	2629	1309
LOC132407839	protein_coding	237	147	360	191	163	405
Xmv31	pseudogene	398	523	786	1302	352	726
Tas2r110	protein_coding	850	692	973	499	694	864
4933406J09Rik	pseudogene	393	709	862	1091	1490	665
Gm57734	protein_coding	3558	1268	1739	1956	3293	1748
LOC128927453	protein_coding	35	200	169	20	50	164
Dlgap3	protein_coding	348	227	336	195	371	234
LOC131372939	protein_coding	131	407	105	750	707	561
LOC131385528	protein_coding	1147	1491	1355	533	1143	1039
LOC131386870	protein_coding	1086	2094	688	1661	1614	1341
LOC132443699	protein_coding	0	217	7	255	179	2458
LOC131374640	protein_coding	437	132	493	408	609	265
D1Mit348	protein_coding	1402	1415	733	1125	1380	941
Gm22393	protein_coding	141	444	1250	1430	449	544
D5Mit237	protein_coding	234	126	123	133	340	281
LOC131337799	pseudogene	680	388	929	366	466	1868
Omp	protein_coding	261	251	315	463	693	120
LOC131371513	protein_coding	254	379	302	2149	1143	454
Sh3glb1	protein_coding	374	408	690	224	303	89
Ap3m1	lncRNA	156	156	161	82	224	212
Degs2	protein_coding	2309	3562	457	9166	1440	1799
LOC131337998	protein_coding	3065	3476	2046	3721	2028	3080
Gm30656	protein_coding	84	375	178	166	254	403
LOC131295649	protein_coding	2209	977	307	2478	2579	667
LOC128925627	protein_coding	50	252	76	48	97	160
Asxl3	protein_coding	191	145	291	233	140	271
Igkv6-23	protein_coding	1401	1695	2085	2225	1711	3304
LOC131337701	protein_coding	52	2261	318	225	1422	192
LOC132440829	protein_coding	1534	1655	1160	3189	330	770
LOC131339616	pseudogene	957	1183	593	157	1077	773
Or2y10	lncRNA	217	574	421	192	1120	1229
Zbed4-ps1	protein_coding	700	1104	828	1101	1386	1617
LOC131337251	protein_coding	1144	948	249	1423	1292	680
4933423L19Rik	protein_coding	907	459	1068	281	478	218
LOC132409149	protein_coding	2662	523	2006	1684	1474	1146
LOC132444345	protein_coding	91	174	135	412	344	556
9430099M06Rik	protein_coding	3941	808	255	3689	2085	5105
Ttll4	protein_coding	4101	538	1435	1576	2882	789
LOC131339264	protein_coding	324	643	530	514	103	1083
LOC131388684	protein_coding	436	879	651	323	695	643
LOC131391924	lncRNA	2193	1596	601	1670	748	1085
LOC131377039	lncRNA	672	1573	1414	1079	562	644
LOC131380272	protein_coding	504	389	467	470	463	388
LOC131372911	protein_coding	916	821	3524	2456	2204	4319
Lhx9	lncRNA	2257	3959	1138	1756	248	2561
Hmgb1-ps7	lncRNA	1226	1361	255	1035	1722	235
Gm18426	protein_coding	282	542	546	229	430	565
DXHXS120	protein_coding	1800	1304	939	3304	1132	3971
Septin7	protein_coding	541	631	1457	1339	1540	879
Bmp8b	pseudogene	438	521	652	358	332	526
Gm13211	pseudogene	2	1208	1044	45	670	409
LOC131380201	lncRNA	213	96	136	119	334	173
LOC131387154	protein_coding	42	27	0	395	0	2091
Gm20838	protein_coding	279	635	104	41	0	282
4930425O10Rik	lncRNA	1528	1153	2617	417	233	451
Gstk1	protein_coding	28	164	365	466	189	326
Gm36200	protein_coding	547	380	708	774	586	802
LOC132444855	protein_coding	493	546	447	696	676	314
Foxa3	protein_coding	1560	561	727	435	1351	1090
Gm36529	protein_coding	257	44	585	733	448	850
Pmv5	protein_coding	1673	733	841	1480	2206	1703
Ftm1	lncRNA	547	41	86	384	100	391
Csmd2os	protein_coding	271	539	731	714	286	568
Gm40557	protein_coding	292	198	202	99	263	234
LOC131339311	lncRNA	117	226	369	158	237	101
Gm2769	protein_coding	1793	840	789	3277	1849	1055
LOC131338854	lncRNA	975	508	550	345	725	273
LOC131391228	protein_coding	1451	1897	2614	1234	1362	956
Sluc17	protein_coding	209	1843	296	4	213	711
Iapls3-51	protein_coding	504	364	168	108	265	544
1700040F17Rik	protein_coding	379	263	246	3533	1724	1397
Gm20276	protein_coding	670	594	819	563	415	287
B630019A10Rik	lncRNA	588	155	872	106	193	330
Rpsa-ps6	protein_coding	704	1422	1364	716	2259	2286
LOC131337888	lncRNA	902	428	256	811	359	446
LOC131372310	protein_coding	1360	591	832	520	445	982
D13Mit141	pseudogene	1048	1651	1633	1987	1753	3036
LOC132410119	protein_coding	972	2325	1640	1569	894	961
D1Ertd408e	protein_coding	8643	4942	3146	3836	6341	3788
Rb(3.5)1Icg	protein_coding	63	512	90	283	4267	1201
Gm35708	pseudogene	1375	1829	684	814	1609	1414
LOC109279878	protein_coding	337	307	639	959	456	862
Gm6893	protein_coding	331	358	1224	1170	583	74
Gm45351	lncRNA	199	83	312	487	354	515
LOC131296348	pseudogene	10	174	139	93	57	568
D16Mit69	pseudogene	288	297	578	123	586	196
Commd8	protein_coding	384	241	463	188	383	774
Nxpe5	lncRNA	213	732	332	286	434	505
D8Ertd54e	protein_coding	190	468	1074	2789	592	812
D6Rp2	protein_coding	201	770	95	115	1457	586
LOC131337845	protein_coding	82	5	610	40	21	579
LOC131341307	protein_coding	356	188	457	340	343	310
Gm33439	protein_coding	207	1013	0	2761	724	260
Gm51676	lncRNA	1083	284	590	319	2088	1308
AA589472	protein_coding	698	676	378	516	467	398
LOC131378442	pseudogene	1918	751	1027	1965	660	516
Gm7213	protein_coding	3185	1119	1717	1570	1271	665
D15Ertd509e	protein_coding	557	958	484	307	534	612
Gm16111	protein_coding	83	69	229	355	31	46
LOC131391056	protein_coding	589	1681	1265	1518	2116	1416
LOC131295308	protein_coding	477	166	335	171	224	97
Xlr4a	lncRNA	2325	1036	662	390	118	166
LOC132441129	protein_coding	181	132	238	373	302	363
Chol1	protein_coding	743	443	586	1337	1035	579
4921513I03Rik	pseudogene	2021	3850	2276	563	1325	3751
LOC131371303	pseudogene	443	1584	216	92	189	503
LOC131337478	protein_coding	491	2514	2419	632	1804	1233
Gm41866	protein_coding	1252	1904	893	1574	1753	966
C88045	protein_coding	1093	1298	2753	2504	1488	3471
Lrrc57	protein_coding	1002	2349	2979	5713	3293	3603
Gm8869	protein_coding	2012	1871	702	1309	700	1568
Gm18740	lncRNA	482	277	406	644	2621	431
Tulp3	protein_coding	1234	303	307	437	1352	416
LOC131371778	protein_coding	41	1027	154	923	1068	1414
Tbc1d22a	protein_coding	1150	2190	468	1302	1515	2846
LOC131390831	protein_coding	902	998	261	804	68	304
Gm12361	protein_coding	204	213	88	236	350	322
D18Mit49	protein_coding	119	533	81	340	122	200
LOC131337939	protein_coding	266	99	430	387	698	138
LOC131296988	lncRNA	104	368	91	154	39	640
Gm25499	protein_coding	249	1313	888	526	891	1185
LOC128926603	protein_coding	496	191	759	313	139	1298
LOC131338749	protein_coding	555	46	1014	507	110	1039
Mir5622	protein_coding	1459	239	637	921	100	2056
Gm17638	protein_coding	747	647	458	670	755	1510
Tmem38a	pseudogene	2256	707	749	755	323	444
Rhv1	protein_coding	184	178	218	320	184	129
LOC131385752	protein_coding	514	1468	796	2339	594	2175
W3q3	protein_coding	447	110	30	136	234	62
Rassf3	protein_coding	124	70	186	116	147	144
Kidq4	pseudogene	1426	335	619	606	248	742
LOC108663999	protein_coding	904	675	925	304	1445	693
Or5k8	protein_coding	387	368	69	1782	2099	1229
Ntmt2	protein_coding	348	58	61	42	1449	22
LOC132441302	pseudogene	2	781	7265	277	154	2339
Gm8038	protein_coding	860	167	672	84	27	521
LOC131295448	lncRNA	1008	1030	486	1144	1482	616
C80831	protein_coding	1771	557	2298	746	3962	1036
4930593C16Rik	protein_coding	0	1127	19	17	0	2
LOC132444984	protein_coding	1264	12	1539	533	490	1678
Fcnc-ps	protein_coding	356	367	159	295	148	174
LOC131386886	protein_coding	762	440	1433	1501	2260	960
Tex38	protein_coding	445	474	863	1007	495	233
Gm6750	pseudogene	1565	1203	1956	353	1932	809
Gm25126	protein_coding	557	435	456	497	852	249
LOC109245081	protein_coding	1327	2091	1157	1807	3304	1574
B230207O21Rik	protein_coding	722	905	1015	550	1229	539
LOC131377650	protein_coding	890	957	1208	1814	1303	860
LOC132443401	protein_coding	642	311	287	36	249	190
Gm34583	protein_coding	380	1185	1185	478	4337	1630
LOC132440554	protein_coding	964	131	18	663	2055	1720
Pdzk1	protein_coding	417	203	283	699	1066	182
Foxi2	lncRNA	142	141	67	181	38	180
Maoa	protein_coding	916	917	1665	167	51	186
Mir211	pseudogene	656	241	530	315	229	302
Rgs7	protein_coding	381	350	368	35	193	479
Gsdmcl-ps	protein_coding	49	51	185	23	17	21
4930478K11Rik	protein_coding	1060	1552	1180	1002	439	1044
LOC131337598	protein_coding	165	262	193	185	250	196
Gm3836	protein_coding	812	774	1226	1460	631	942
C85699	protein_coding	1233	772	1076	691	654	2118
LOC131388674	pseudogene	97	42	105	146	113	127
Tet(5<12>)1Jic	protein_coding	2478	2364	612	1726	288	285
LOC131339390	protein_coding	264	379	151	179	189	215
Gm39195	protein_coding	746	1291	637	180	469	28
LOC132440806	protein_coding	1462	487	2242	127	0	0
D18Mit124	protein_coding	7989	6877	2292	451	3004	25
LOC131337946	protein_coding	918	768	613	1356	1039	432
LOC131340158	protein_coding	160	155	570	193	209	146
Gm4814	protein_coding	1049	619	408	402	1076	1298
Gm46640	lncRNA	424	250	353	1895	705	165
Cimip4	protein_coding	1388	1991	2319	4375	4582	2361
Gm6641	protein_coding	925	4171	4543	6093	15547	8556
Gm39540	protein_coding	134	673	906	274	1529	2234
Gm4799	protein_coding	1600	1389	2315	1612	1340	1470
Zfp703	pseudogene	776	946	677	1274	257	686
Gm19726	protein_coding	209	745	134	550	240	69
D5Mit372	protein_coding	181	183	314	71	59	63
Cocrb14	protein_coding	320	28	468	2164	543	49
LOC131380606	protein_coding	562	399	621	182	158	135
Gm9670	protein_coding	135	19	11	102	13	7
Eae44a	lncRNA	277	795	1100	40	427	337
LOC128924991	lncRNA	813	506	50	650	489	562
Hbb	lncRNA	4957	1517	2547	3568	3996	1381
Zfp185	protein_coding	2165	1825	2077	19872	1816	9295
LOC131378152	protein_coding	1312	1207	529	1117	772	1432
4930412F12Rik	protein_coding	1972	2162	1862	1497	2139	1817
Smarce1-ps1	pseudogene	2040	1167	1077	2631	624	682
LOC131374965	protein_coding	165	171	109	167	207	112
D5Mit174	protein_coding	597	1259	943	733	1143	1765
Gm41427	protein_coding	288	440	218	296	430	209
LOC132412169	protein_coding	430	25	316	132	578	734
LOC131371864	lncRNA	481	428	436	181	90	346
Entrep2	protein_coding	749	302	659	369	367	499
Gm31331	protein_coding	193	131	24	14	0	19
Gm5963	pseudogene	1839	1189	1536	6158	6300	7231
LOC131377172	protein_coding	146	336	176	161	445	188
LOC132442199	protein_coding	248	245	485	685	690	467
Vtbt3	protein_coding	125	728	140	302	280	284
AA387883	protein_coding	1235	742	711	1685	772	515
LOC131392495	protein_coding	837	977	1773	1984	1174	991
Gm23972	protein_coding	2384	3119	2177	2034	898	1924
Grr	lncRNA	163	423	1305	977	978	598
LOC131373617	protein_coding	590	682	883	1089	1745	907
Napb	protein_coding	699	1115	490	831	2970	553
LOC131341943	protein_coding	1908	2162	1633	933	1784	4697
LOC131295684	protein_coding	266	185	88	252	274	244
n-TRccg3	lncRNA	349	1591	1670	2142	923	3380
LOC131390896	protein_coding	3477	5405	2042	3609	1831	3758
LOC131374313	protein_coding	556	244	378	910	770	1025
Ednrb	protein_coding	291	945	798	638	573	1047
LOC132443996	protein_coding	4087	1415	496	1863	3598	3105
Gm39795	protein_coding	446	331	425	262	493	475
Teddm1b	protein_coding	85	149	167	119	125	51
Thyn1	protein_coding	1194	806	1300	1065	1858	478
D12Mit128	protein_coding	2123	3246	686	1308	822	679
LOC131379272	protein_coding	4285	831	3611	1085	3481	2270
Gm19116	pseudogene	469	1011	1033	1668	811	809
Rmnd5a	protein_coding	178	785	793	460	350	917
Gm46429	protein_coding	2825	2954	2429	2774	676	596
Gm2106	protein_coding	1816	782	2959	1869	384	1612
LOC132412121	protein_coding	1008	1876	2706	913	3106	5333
wfd	pseudogene	740	343	506	260	365	723
LOC131388046	protein_coding	1839	1361	2044	1235	1250	1645
Gm36033	protein_coding	42	1959	66	815	269	23
Gm13379	protein_coding	840	616	1396	842	637	854
C2cd4d	protein_coding	1311	1158	1362	1694	1278	2352
Gm41818	protein_coding	108	230	196	179	163	261
Tmevd4	lncRNA	1061	732	789	324	2435	523
LOC131380524	protein_coding	2632	790	1941	2615	741	2460
LOC132443859	pseudogene	238	522	679	477	85	545
Gm7512	protein_coding	383	277	508	475	349	287
D7Tem4	protein_coding	1170	3800	1727	1069	891	1949
LOC131378151	protein_coding	1311	1190	1288	1690	1374	766
Gm34942	protein_coding	811	648	1158	773	151	631
Emv69	protein_coding	1544	799	915	3097	308	1003
4833414E09Rik	lncRNA	868	2848	619	802	1857	675
LOC131380189	protein_coding	716	1378	770	1271	937	520
LOC131373717	protein_coding	554	528	613	462	1499	131
LOC128925309	pseudogene	17	86	516	777	290	739
LOC131390812	protein_coding	118	236	147	287	101	109
LOC131385360	protein_coding	727	751	723	449	94	540
1700071M16Rik	protein_coding	37	77	318	616	159	46
Gm38808	protein_coding	745	92	71	235	942	277
LOC131338848	protein_coding	1051	599	482	1642	731	832
Gtpbp3	protein_coding	1257	652	377	863	837	722
n-TGtcc7	pseudogene	534	557	467	1047	1446	900
LOC131373377	protein_coding	1469	683	1122	827	917	1953
LOC128926573	protein_coding	1249	715	1414	248	620	492
Gm42366	pseudogene	549	502	421	590	490	439
Gm37996	protein_coding	536	789	530	339	927	233
Gm25204	protein_coding	576	473	858	1297	1348	681
Mir21c	protein_coding	97	93	39	139	145	109
Gm53966	protein_coding	1286	3913	1298	343	1004	3455
Iac	protein_coding	2088	1257	3022	962	1218	929
LOC131377288	protein_coding	1558	1978	1756	365	33	407
LOC131389409	protein_coding	2224	1117	1551	126	1619	1388
LOC132411888	lncRNA	239	305	257	407	89	383
Gm39352	protein_coding	3312	1688	1401	1419	1062	2328
LOC131339427	protein_coding	1671	1451	1701	4704	280	1226
Ubxn10	protein_coding	1327	1525	2630	1235	1339	690
LOC132411533	pseudogene	44	163	77	35	82	71
LOC132440564	protein_coding	268	268	809	1199	65	518
LOC131380011	protein_coding	562	461	775	411	611	164
D16Jhu11e	protein_coding	4672	3194	5115	1672	444	1179
Gm53178	protein_coding	2412	342	1789	677	886	1352
Rpl31-ps25	protein_coding	5	124	6	15	8	137
Gm32085	lncRNA	199	513	101	344	119	102
Klk13	protein_coding	91	699	453	236	54	30
LOC131374815	protein_coding	292	518	1030	394	1060	658
LOC131391804	protein_coding	1253	665	207	208	105	785
LOC131377691	pseudogene	177	182	221	235	167	373
LOC128925997	pseudogene	997	1514	1821	3852	1610	730
Gm54102	protein_coding	838	661	1403	993	766	1661
Gfer	protein_coding	350	457	255	998	719	240
LOC132444357	protein_coding	2712	1958	1185	1120	909	2997
Ftl1-ps2	lncRNA	703	911	1160	639	1475	822
Cd164l2	protein_coding	1399	1748	1287	897	532	1189
Gm57724	protein_coding	831	196	785	1465	1388	917
BC024063	protein_coding	935	914	370	2380	1040	800
Antxrl	protein_coding	375	89	2537	664	212	428
D16Mit49	protein_coding	200	240	363	184	314	229
LOC131337098	protein_coding	1789	494	1331	402	1663	627
Vwa8	protein_coding	645	886	140	636	2137	417
LOC131380184	lncRNA	1396	1091	1424	1308	1356	1175
Gm17851	protein_coding	2123	1103	1801	1185	1414	1559
Gm15428	protein_coding	1122	1566	1019	1268	1541	1380
Gm45086	lncRNA	2	93	28	42	40	20
Ccdc80	protein_coding	1033	4	387	678	436	235
C76454	protein_coding	1131	848	2081	4206	1182	3281
Trappc13	protein_coding	47	59	63	68	172	118
LOC132412903	protein_coding	857	1227	758	149	252	1429
LOC131390616	protein_coding	15	49	28	97	96	82
Trav8d-2	lncRNA	611	526	1146	244	262	341
LOC131389550	protein_coding	189	305	192	73	50	46
Saxo1	protein_coding	377	504	552	436	117	1115
LOC132443786	lncRNA	56	66	4	50	21	11
Trpc4	pseudogene	753	778	827	300	986	499
Igkv8-21	protein_coding	1407	1791	1348	2933	3257	2365
Gm9928	protein_coding	1121	63	1989	17	59	278
D15Mit160	protein_coding	468	1668	1693	1147	885	963
Llph-ps2	protein_coding	719	1169	879	1127	1480	1735
LOC132445363	protein_coding	546	474	499	762	298	346
LOC131295714	pseudogene	547	1132	1415	263	511	684
Gm18640	protein_coding	348	494	62	452	58	225
Ms5	protein_coding	215	78	126	151	424	196
Rpl21-ps13	protein_coding	993	193	658	686	1209	748
Gm6124	protein_coding	165	283	215	543	540	33
Cfhe	protein_coding	885	1293	1058	995	860	717
LOC132410542	protein_coding	1831	2504	1468	3803	3288	2433
Gm32220	protein_coding	1183	2666	2354	2270	2282	3186
Rpl23a-ps2	protein_coding	1669	4077	2320	2803	1633	2245
Gm8170	protein_coding	2375	705	969	2131	1329	554
Gm39964	protein_coding	740	209	534	296	1782	670
Gm33178	lncRNA	243	432	540	413	505	179
Gm10631	protein_coding	390	5	6	29	71	33
Or7d11	protein_coding	1049	932	1496	1344	2210	3566
LOC131338501	pseudogene	409	412	76	452	472	95
Lamr1l	protein_coding	81	80	150	128	202	102
LOC131375583	protein_coding	2539	1696	283	500	233	885
Rph3a	protein_coding	127	132	195	13	25	65
Rchy1	protein_coding	1371	1308	1098	2899	1405	1600
Gm53239	lncRNA	58	199	63	318	233	569
D16Ium37e	lncRNA	343	395	501	816	1454	413
Gm39432	protein_coding	2136	1543	2973	1218	1608	2707
LOC132444908	protein_coding	352	260	296	277	250	306
LOC131339359	protein_coding	535	700	746	1572	674	875
Mmtp2	protein_coding	762	139	71	185	480	596
Ecm1	protein_coding	1169	823	842	521	785	301
LOC131372711	pseudogene	1196	526	1043	1245	1384	783
Gm46175	lncRNA	989	1501	1173	403	603	2286
Gm6936	lncRNA	1460	1822	2672	2176	2419	1822
Gm38626	protein_coding	1467	2575	80	1532	361	4812
LOC131297556	lncRNA	431	342	680	154	191	326
LOC132441450	pseudogene	1519	808	1963	1589	943	1967
Gm15106	protein_coding	720	1396	1030	3024	1026	1363
Gm14504	protein_coding	392	670	266	341	381	356
D7Mit63	protein_coding	644	834	1224	3839	3896	1289
D030040B21Rik	protein_coding	1120	8	227	298	2811	524
LOC131295613	protein_coding	1021	900	781	895	806	4058
LOC131296107	protein_coding	2273	907	1695	1580	2823	701
LOC131388194	protein_coding	1296	1583	1173	1428	1650	1805
LOC132412154	protein_coding	528	352	598	267	709	612
Gm23507	protein_coding	1986	513	1097	294	139	256
LOC132410284	pseudogene	1379	1090	1431	2538	1112	945
Shb	protein_coding	384	469	373	718	701	616
LOC131390625	protein_coding	466	2497	382	760	3232	1099
D3Mit286	protein_coding	1481	516	791	2166	474	894
Adip13	protein_coding	582	751	361	508	972	729
Gm39549	protein_coding	129	117	203	172	325	96
LOC131385919	protein_coding	966	2743	3379	1226	1037	2496
LOC131296015	lncRNA	534	742	449	904	453	252
Nudt14	pseudogene	685	954	424	419	959	306
LOC128925968	protein_coding	2170	1461	1071	3097	1974	928
ple	protein_coding	1208	988	746	470	1169	371
Pira2-ps2	pseudogene	301	332	684	446	169	176
Gm10923	protein_coding	519	997	1493	106	519	300
LOC132411573	protein_coding	440	760	1203	818	610	675
Naaladl2	protein_coding	4751	2713	2263	2145	4739	1723
Gm16348	lncRNA	1062	720	410	737	396	423
LOC132440817	protein_coding	1559	681	1808	1754	1261	1668
Gm10524	protein_coding	1524	680	1198	1356	1640	976
LOC131376245	pseudogene	1023	344	469	823	1804	291
Nudt22	protein_coding	73	2685	7	25	128	1233
Mettl25b	protein_coding	928	1584	1792	1555	1425	1257
LOC131388770	protein_coding	1028	839	96	755	1419	1265
Mop1	lncRNA	1299	2215	1611	1019	3307	1580
Or4n4b	protein_coding	269	308	135	155	230	312
A430062P19Rik	protein_coding	386	649	599	537	382	668
Mir7679	protein_coding	950	1723	1024	871	1470	1785
LOC132444338	protein_coding	2369	782	754	1696	2659	2304
LOC131376382	protein_coding	0	314	1892	222	471	186
Nxf3	protein_coding	219	525	1988	3196	1214	843
Gm31612	lncRNA	266	584	580	428	558	380
Gm30225	protein_coding	1403	3733	2495	5836	4065	2918
DXMgc32	protein_coding	936	1702	838	2943	1188	834
Stap2	protein_coding	261	847	912	887	969	925
LOC109280083	protein_coding	479	365	756	715	407	424
Gm12751	protein_coding	1840	2717	1776	1783	2296	1051
LOC131297536	protein_coding	104	164	78	123	114	97
LOC132409593	lncRNA	1090	412	1096	453	1209	680
LOC132408620	lncRNA	2689	502	382	561	1727	188
Gm57793	pseudogene	2230	1085	1824	1379	723	1037
LOC131376715	lncRNA	581	1181	1383	644	1705	921
Akap1	protein_coding	2128	325	1344	1480	1014	535
LOC131373516	protein_coding	111	278	449	292	347	264
LOC132444373	protein_coding	177	1	515	236	112	124
LOC132445411	protein_coding	1272	352	1140	891	1333	1026
Ilf3	protein_coding	983	1058	1049	1525	460	1448
Stheal6	lncRNA	958	495	247	353	378	451
D8Mit50	pseudogene	2644	1773	2764	831	875	1154
Safb	pseudogene	1022	2121	1740	402	1588	164
Lm1	protein_coding	598	1280	1577	4630	587	1700
Gm45609	protein_coding	1881	3045	5549	1288	2558	1204
Hcs4	protein_coding	1456	6962	1980	2434	1841	927
LOC132408046	protein_coding	3831	3673	1283	2465	1455	722
Hbnr1	protein_coding	232	204	225	170	293	183
LOC131371795	protein_coding	4	0	4	1554	390	68
2610318N02Rik	lncRNA	297	264	401	605	477	652
LOC131376162	protein_coding	160	207	284	328	178	228
Mir466b-5	protein_coding	1174	1211	1334	726	798	994
LOC131376657	protein_coding	2219	3119	3912	2468	1909	2965
LOC131337884	protein_coding	2803	605	731	272	396	827
LOC128926691	protein_coding	102	142	253	317	33	144
Xrcc5	protein_coding	117	103	108	78	72	205
AA273854	pseudogene	1006	2435	607	1780	820	2122
LOC132441812	protein_coding	449	188	459	758	1518	470
LOC131392276	protein_coding	1436	1126	938	933	1351	1760
LOC131377677	protein_coding	694	85	461	2604	67	2604
Tsp3	protein_coding	1125	1600	1121	1880	708	537
Gm36215	protein_coding	1469	1606	1365	840	1762	2232
4930598F16Rik	lncRNA	1556	647	1558	2236	1465	1573
Gm38452	protein_coding	208	384	509	414	514	494
Gm13461	protein_coding	1042	1184	1238	1482	931	527
Triqk	protein_coding	390	169	914	352	372	620
LOC132409361	protein_coding	2115	1877	1253	1631	1110	992
LOC131377924	protein_coding	2855	1178	1642	1840	2806	1410
Rasl6	protein_coding	920	3195	1005	1666	848	2518
Mir381	protein_coding	601	70	320	567	1607	187
LOC131339896	protein_coding	1666	778	328	2586	6051	598
n-TCgca6	lncRNA	630	1001	23	277	813	268
Apoo	protein_coding	152	961	57	162	373	246
C130079B09Rik	protein_coding	517	943	648	717	2199	701
LOC132412670	protein_coding	601	1667	1783	945	2610	557
Ppcdc	protein_coding	344	582	254	392	231	214
LOC128927527	pseudogene	226	290	336	137	118	198
Mltr10	pseudogene	44	26	62	215	73	5
Gm15527	protein_coding	0	1152	0	94	11	159
LOC131337614	protein_coding	1029	1992	1698	1534	1355	2079
Crygn	protein_coding	361	2459	1566	3578	310	1235
Gins1	protein_coding	851	582	3224	714	1707	776
LOC131296421	protein_coding	437	856	778	469	610	521
Gm53959	pseudogene	943	1273	1876	1601	1714	1993
LOC131377064	protein_coding	877	1219	217	446	255	442
Gm44126	protein_coding	44	198	78	209	81	273
LOC131297111	protein_coding	787	817	176	63	211	174
Cdkn1c	protein_coding	402	5159	9	14	2527	6450
Gm52638	protein_coding	1586	1323	695	1345	2940	2093
Treml4	protein_coding	2854	2158	3066	2398	4009	2738
D17Mit110	protein_coding	169	4565	830	2144	133	318
LOC132440807	protein_coding	212	502	325	331	247	562
D8Mit106	lncRNA	141	446	411	236	94	209
LOC131376100	protein_coding	1999	473	719	422	845	603
LOC131388474	protein_coding	315	362	143	245	284	475
Gm20769	protein_coding	2230	2193	2614	1604	2565	549
LOC132411472	pseudogene	1992	879	408	694	918	175
D2Mit324	pseudogene	441	281	405	149	725	410
Gm24232	protein_coding	193	328	1390	211	501	1092
LOC131373003	pseudogene	432	894	891	828	225	79
LOC132441227	protein_coding	1439	1706	1460	869	2599	1908
Gm12440	protein_coding	1030	596	1296	587	906	1133
Gm18808	protein_coding	809	606	1411	1045	1230	572
B930092H01Rik	protein_coding	508	1306	736	1603	968	916
Gm2545	protein_coding	1313	4121	2600	1223	1235	2667
Gm11242	protein_coding	362	226	596	341	2476	667
LOC131385241	protein_coding	869	2464	638	692	1042	1172
Gm2061	protein_coding	29	1017	494	2	845	258
Gm45219	protein_coding	82	9	66	85	82	200
LOC131375007	protein_coding	804	1448	384	2933	1456	3307
LOC131296306	lncRNA	1483	1011	2017	817	805	535
Gm13578	protein_coding	1456	1927	3209	2650	6796	2604
Gm7893	protein_coding	308	1148	413	1747	2242	175
Tmem45a	protein_coding	1266	1429	745	370	932	809
Gm22479	protein_coding	31	99	665	949	2038	325
1700052K11Rik	protein_coding	700	852	842	339	483	1259
Gm7122	protein_coding	64	36	37	95	59	91
LOC131377729	protein_coding	907	1469	954	2171	630	1031
LOC131392703	protein_coding	324	755	558	222	641	159
LOC131297791	protein_coding	3393	828	1382	3466	1242	108
Vta1	lncRNA	412	267	745	692	707	892
LOC131295933	protein_coding	406	1063	620	1787	486	517
1700021P04Rik	protein_coding	3	290	382	35	21	737
Gm24657	pseudogene	386	2081	1880	962	456	249
LOC128927341	protein_coding	240	1957	422	3009	416	581
Sorbs3	protein_coding	249	117	135	120	20	176
DYzEms1	protein_coding	2583	921	1547	2319	1385	1024
Npvf	protein_coding	717	1691	3091	206	5	535
Hk2	protein_coding	896	1098	551	689	2172	583
Gm51520	protein_coding	823	488	1157	232	2671	3054
Gm31849	protein_coding	430	256	478	743	1629	1386
Iap5rc17	protein_coding	1200	726	1408	424	410	571
LOC131374005	protein_coding	304	232	297	203	440	213
Hmgn2-rs5	protein_coding	924	3680	3667	3494	2162	4702
Gm32200	protein_coding	1740	871	1002	1405	930	1241
Mir6397	protein_coding	74	14	629	23	3	12
D13Mit7	protein_coding	2243	1476	619	1346	1282	1007
LOC132443899	protein_coding	453	402	200	364	368	620
LOC132412747	protein_coding	162	191	206	169	290	110
LOC131341308	protein_coding	1010	458	1466	1195	222	392
Mir669a-9	protein_coding	4302	1877	1422	4051	1468	1753
Gm30350	pseudogene	1130	783	756	960	727	955
LOC132443463	lncRNA	740	656	610	776	357	813
Nap1l3	protein_coding	2229	477	568	428	319	260
Gm53195	lncRNA	341	740	950	528	206	192
LOC131389787	protein_coding	1565	1046	1405	1179	1214	520
LOC131375001	protein_coding	1657	384	606	396	852	514
Gm18110	protein_coding	475	447	750	328	69	401
LOC100503923	protein_coding	3832	3061	4511	2357	294	2355
Mrgpra3	protein_coding	1642	1476	2636	449	984	1022
Gm7532	protein_coding	1531	198	599	166	749	916
LOC131377608	protein_coding	775	230	316	814	425	370
Gm38634	protein_coding	974	1947	1264	3550	2141	2267
LOC131391721	pseudogene	1034	3560	1002	478	1094	1185
Gm18992	protein_coding	708	1043	954	3904	1586	3137
Ea6	protein_coding	542	1204	751	716	703	687
E130311K13Rik	lncRNA	903	131	197	589	848	465
Grb2	lncRNA	1025	620	970	566	546	199
Gm46243	lncRNA	1927	1500	3112	913	1341	2909
LOC131341381	protein_coding	408	1857	456	3622	3022	3224
LOC131297227	protein_coding	1122	1539	184	998	470	567
D2Mit240	protein_coding	1854	5900	3537	552	1320	160
LOC131386007	pseudogene	4945	894	451	43	2709	1208
Mrpl41	protein_coding	1404	1886	1560	3803	1039	2117
Sh3bgrl3	protein_coding	616	855	452	1116	595	1089
LOC131339502	protein_coding	150	90	179	123	57	134
Orc6	protein_coding	1344	1896	623	1328	790	1617
LOC128925763	protein_coding	151	43	17	259	167	1811
Gm15186	protein_coding	1266	642	643	599	989	865
LOC128925843	protein_coding	126	155	371	305	61	57
Ptprt	protein_coding	511	305	6	7	2684	3369
Lcmt1	lncRNA	1111	481	697	488	667	639
Zc3h13	protein_coding	1771	423	1068	697	519	832
LOC132444806	protein_coding	473	852	440	642	851	969
LOC131296120	protein_coding	288	196	164	401	370	420
LOC131372153	lncRNA	2237	1792	1349	1923	2295	1473
LOC131392592	protein_coding	528	459	168	267	461	185
Gm20743	pseudogene	1071	432	1176	222	285	527
Gm21821	protein_coding	923	2398	1115	1197	145	4271
Slc27a5	protein_coding	752	5769	1009	2182	1340	330
D6Mit332	protein_coding	1475	807	1246	2713	856	1869
LOC132444529	protein_coding	2048	30	248	255	3	148
Fbxo28	lncRNA	578	666	541	432	425	199
Gm52103	protein_coding	565	737	1352	770	1440	1368
Gm45937	protein_coding	231	125	326	136	375	475
LOC132441585	protein_coding	522	1044	558	48	350	714
LOC131377801	protein_coding	58	65	154	65	72	140
Gm57790	protein_coding	406	1265	898	901	852	1091
Akr1c19	protein_coding	361	1192	182	1003	3609	8345
Gm33497	protein_coding	339	509	413	391	392	429
LOC131392284	pseudogene	1613	1436	1983	819	958	618
Gm34294	protein_coding	639	175	1242	56	724	1005
AU018039	lncRNA	315	2130	349	18	1196	273
Rr18	protein_coding	701	549	183	243	179	137
Tek	protein_coding	91	451	380	317	367	245
Myl7	protein_coding	370	532	805	331	953	512
Gm24794	pseudogene	3980	2910	3487	1677	3743	3562
Gm39963	protein_coding	137	126	72	215	73	151
LOC132442718	protein_coding	1692	2312	1123	1839	2022	2007
Gzf1	protein_coding	1108	189	455	111	3285	9855
LOC131296301	protein_coding	2359	1722	716	960	1166	1975
Gm19087	protein_coding	1305	696	2048	803	1995	1283
LOC131376179	protein_coding	235	220	31	203	328	225
Gm10617	protein_coding	2021	1844	690	4973	6401	2187
C030001C17Rik	protein_coding	2111	845	1752	1656	2490	1729
LOC131374945	protein_coding	2205	682	2429	2635	2210	1450
D8Mit139	protein_coding	3666	321	4	30	1	0
LOC132411717	protein_coding	534	813	171	263	535	92
H2ac13	protein_coding	113	226	204	131	175	301
LOC132443837	lncRNA	228	191	195	217	139	1011
Gm14886	protein_coding	546	1061	651	498	659	529
Gm42098	lncRNA	14372	105	783	622	4706	1224
Gm35506	protein_coding	2095	3400	1713	2720	1465	586
LOC131297579	protein_coding	587	1014	494	1169	507	745
Gm36447	protein_coding	1093	278	333	1533	94	1185
Gm15028	protein_coding	1704	1048	813	783	1129	696
LOC131371790	lncRNA	741	2335	1521	2466	2499	3140
LOC131376940	lncRNA	295	620	790	1530	703	1385
Polr1has	protein_coding	1068	748	2526	695	3956	249
LOC132412330	lncRNA	3361	1280	427	85	1986	17
LOC131379989	protein_coding	427	796	737	795	263	1640
Hmgn1-rs7	protein_coding	215	442	295	373	348	294
LOC131339297	protein_coding	917	955	665	635	427	1728
LOC128927606	pseudogene	1407	1263	515	1492	793	919
LOC131376434	protein_coding	3	9	14	5	9	11
LOC128926472	protein_coding	4605	1677	1401	4439	1918	2708
Gm53425	protein_coding	165	271	372	173	290	80
Gm7535	protein_coding	2974	1772	1694	3710	3313	3697
Gm5644	protein_coding	2433	1094	1917	464	7125	2177
LOC131376053	protein_coding	985	0	507	1295	9444	11124
LOC132441645	protein_coding	2487	3748	3135	928	607	1316
LOC131374484	protein_coding	259	551	204	443	345	270
LOC131387598	protein_coding	4514	4630	6187	749	2384	864
Tvp23a	pseudogene	753	1701	876	243	273	194
LOC131387817	pseudogene	398	150	259	611	308	801
Gm23723	lncRNA	1560	1128	1147	521	1842	827
Lmblgq5	protein_coding	988	2130	2965	1190	2351	866
LOC131377651	protein_coding	219	215	910	558	354	205
LOC131391540	protein_coding	309	669	3819	3069	386	137
LOC131387672	protein_coding	1915	2288	492	2875	4622	4888
C77494	protein_coding	285	290	427	1498	884	1947
Ramacl	protein_coding	2300	2133	2746	1686	2421	1503
Gm20793	lncRNA	470	306	192	230	279	276
LOC132444899	lncRNA	502	628	846	726	565	542
Asrgl1	protein_coding	2650	1840	1470	2072	2916	2078
Gm31534	protein_coding	276	441	164	199	104	137
LOC131385610	protein_coding	680	676	603	501	1056	907
C79743	protein_coding	228	191	89	125	61	54
LOC131296065	protein_coding	905	4916	190	2828	7788	262
LOC131389292	protein_coding	442	3147	1429	1914	3155	3157
Gm46098	protein_coding	541	551	966	721	396	905
Msantd5f1	protein_coding	637	1132	1623	593	998	1703
Lmr17	protein_coding	3419	1376	1218	742	180	1608
Or8c10	protein_coding	507	899	905	289	221	523
Tspan1	protein_coding	3659	887	1250	5420	3717	580
LOC132411671	protein_coding	511	1259	2823	917	1290	380
LOC131341758	pseudogene	718	960	935	452	734	1234
LOC131374533	protein_coding	901	311	130	6	581	1532
LOC131386564	pseudogene	888	157	350	674	316	507
2900060N12Rik	lncRNA	550	327	216	268	233	592
Gm7924	protein_coding	1870	1949	1699	2205	1317	2130
Gm5331	protein_coding	1260	1406	2216	2357	2318	1310
LOC132441507	protein_coding	551	66	1427	572	1003	1022
LOC131385175	pseudogene	1111	204	960	1166	935	870
D8Fcr1	protein_coding	518	201	2225	157	1719	1439
Or2b6	protein_coding	1107	2279	826	1508	789	1385
Gm36897	protein_coding	4448	4516	1455	552	2457	3718
Gm13472	protein_coding	3393	2112	4226	3902	2253	2121
Gm6221	protein_coding	1750	1616	251	124	2203	791
Abcf2	protein_coding	143	280	251	283	519	547
D13Mit302	protein_coding	610	589	447	1087	739	1441
Gm32670	protein_coding	2430	1908	1402	1516	5327	657
nd	protein_coding	422	587	306	692	245	749
LOC131372653	protein_coding	1677	1093	402	895	1113	1549
LOC132444222	protein_coding	1871	539	815	2095	2633	1197
Cisd1	protein_coding	1445	815	1338	534	352	1123
LOC128927821	protein_coding	438	689	776	1748	613	805
LOC109279838	pseudogene	864	418	762	769	1447	490
AU024086	protein_coding	5009	1139	473	1805	2703	2051
LOC131387679	protein_coding	1081	1857	2945	656	588	705
Gm33347	pseudogene	818	3185	333	2455	165	3
Gm46616	protein_coding	1456	1177	1608	1392	2853	609
Nxpe2	protein_coding	1007	132	84	99	439	857
LOC131387650	protein_coding	118	1880	1513	1154	202	318
LOC131390389	protein_coding	295	189	557	109	421	437
Gm3385	protein_coding	2098	2038	1936	2304	891	2194
LOC131378270	protein_coding	221	249	299	804	442	252
Gm17771	lncRNA	2607	727	428	1446	504	3191
D13Die26	protein_coding	395	454	76	254	50	56
Rfpw3	protein_coding	558	2388	1064	1530	505	1697
Otx2m1	protein_coding	737	1002	1265	653	1665	1054
Bmgr2	protein_coding	158	97	151	105	127	161
Gm17871	lncRNA	2368	1843	3262	2446	2286	1927
LOC131374458	lncRNA	545	582	970	451	1156	444
Utrn	pseudogene	856	570	531	266	1134	881
4833447P13Rik	protein_coding	868	2391	1437	3288	2396	2677
LOC132409050	pseudogene	602	1322	1594	1160	722	738
Eml1	lncRNA	1807	1726	1262	2987	3566	1765
Gm35740	protein_coding	21	12	4181	42	2944	17
Gm46107	protein_coding	775	1225	159	676	3375	1748
LOC114827960	protein_coding	261	347	653	543	183	38
Gm3500	protein_coding	1376	1892	1102	637	1182	2289
LOC132441382	protein_coding	1304	1121	746	892	864	1279
Gm25143	protein_coding	1011	1023	3012	979	1321	1763
LOC128924361	protein_coding	1515	651	782	1951	1609	776
LOC131296279	protein_coding	71	75	95	125	88	101
LOC128925921	protein_coding	335	406	938	199	134	192
Gm4984	protein_coding	4487	3617	2643	601	1345	9894
LOC131376172	protein_coding	1941	1437	658	2094	1190	949
D17Jcs98	protein_coding	3737	2264	4100	1569	2218	1482
2700001H16Rik	pseudogene	661	524	693	304	824	1041
6330405D24Rik	protein_coding	1799	2206	660	1681	1209	1498
Gm12118	protein_coding	1125	469	512	598	613	461
Gm35487	protein_coding	156	212	290	110	579	346
D9Mit311	protein_coding	3393	852	2274	2799	596	2272
Zbed4-ps3	protein_coding	431	250	25	525	942	601
Gm54008	protein_coding	1876	1199	2059	3176	3081	1994
Josd2	protein_coding	558	923	823	993	621	951
Manln15	protein_coding	182	664	3680	1626	1554	1092
AW146154	protein_coding	118	72	70	39	144	32
Or51o1-ps1	protein_coding	1439	1815	872	1158	1523	1261
LOC131385953	protein_coding	752	333	278	845	927	1109
LOC132410428	protein_coding	984	878	483	167	158	504
LOC132442415	protein_coding	279	1336	1149	761	1657	1432
LOC131295174	protein_coding	1297	1944	1108	1773	1888	1165
Pold2	protein_coding	1502	2323	1745	1816	585	626
Tpd52l1	protein_coding	288	248	1409	1936	3070	453
Snord116l12	protein_coding	383	776	484	602	1525	597
Or8g50	lncRNA	521	30	755	661	1731	728
LOC128926911	protein_coding	3214	3699	3715	5167	2227	142
Chab7	protein_coding	858	153	382	1273	107	613
Gm23261	protein_coding	727	963	1169	1018	808	1050
Tmem127	protein_coding	663	369	701	789	802	1654
Zfp428	protein_coding	2775	675	2449	2568	2974	219
LOC131339146	protein_coding	608	300	171	251	1067	1080
Iapls3-9	lncRNA	161	149	165	131	162	94
Gm46285	protein_coding	2811	2784	2018	2358	2015	3939
Rbbp5	protein_coding	1403	1638	569	2088	1696	1413
Trbv7	protein_coding	1181	756	2452	4735	2402	141
LOC132408194	protein_coding	1462	1106	561	860	1503	330
Noan1	lncRNA	1636	1851	802	1542	1805	1974
Hdl35	protein_coding	1190	1233	415	2955	876	992
Fthl17-ps2	protein_coding	196	344	118	198	127	213
Casp8ap2	protein_coding	628	1214	1094	755	1255	116
LOC131373201	lncRNA	1545	925	3104	1579	1544	203
LOC131389870	protein_coding	421	708	2453	2169	3139	185
LOC132409429	protein_coding	0	0	50	32	0	0
Mpmv34	protein_coding	431	1913	872	2403	995	829
LOC131372919	protein_coding	590	124	29	827	291	1018
Brmth2	protein_coding	376	1060	1030	737	545	330
LOC131377173	lncRNA	431	1990	2483	561	761	1180
LOC131297467	protein_coding	78	268	244	137	191	284
Drosha	protein_coding	3093	1500	1501	1608	224	1464
LOC131372254	lncRNA	1570	3333	2017	1682	14055	14583
Gm15421	protein_coding	1243	666	1488	1528	1970	925
LOC132442606	protein_coding	91	90	733	226	92	303
Mrps35	protein_coding	58	242	105	80	47	28
Wt1	lncRNA	3511	1239	1782	2897	780	2325
Gm39635	protein_coding	1593	1041	2779	583	2039	1803
LOC131373168	lncRNA	1218	705	2623	529	186	709
LOC131297303	protein_coding	128	222	414	177	112	222
LOC132409333	protein_coding	1073	1120	792	319	338	421
Ptprn2	protein_coding	430	1681	260	179	53	93
Bwtq11	protein_coding	4089	175	1070	6	2005	3166
Pmepa1	lncRNA	485	160	1031	835	330	2966
2810405F15Rik	protein_coding	1975	6279	1653	587	2165	2068
2810001G20Rik	lncRNA	3596	339	1041	813	2028	5610
Atxn7l1os1	protein_coding	31	648	479	449	901	591
LOC128927555	protein_coding	694	1484	1681	1674	1908	888
LOC132410155	protein_coding	986	1256	840	293	982	797
Saa	protein_coding	166	302	490	200	541	857
LOC131384864	protein_coding	1409	937	577	1577	3264	1639
LOC132442889	pseudogene	29	105	70	87	212	112
Adip8	protein_coding	165	667	610	845	752	2195
Gm10791	protein_coding	5345	5903	897	1320	2290	2491
LOC131391133	protein_coding	1647	1774	843	964	662	1178
LOC131340447	pseudogene	544	285	613	451	584	882
Wbcq5	protein_coding	600	293	445	1147	1024	240
Gm40244	protein_coding	1816	1510	2721	1511	2625	3087
LOC131296774	protein_coding	10271	6477	740	2355	16	1854
LOC132410270	protein_coding	565	319	164	462	479	401
LOC131376534	protein_coding	652	542	986	543	768	572
Crisp2	protein_coding	366	340	255	150	350	337
LOC108254696	protein_coding	75	136	109	67	63	83
Tafat	protein_coding	4548	3420	2343	5172	3108	8414
Gfra2	lncRNA	50	0	24	478	124	1512
LOC132442006	protein_coding	3115	828	2291	2315	900	1545
Gm8417	protein_coding	548	712	1279	347	495	1277
Proser2	protein_coding	192	81	497	184	629	557
LOC131385831	protein_coding	1891	1289	2495	1104	2422	2125
LOC131390615	protein_coding	2582	23	44	0	14	73
Gm35188	protein_coding	734	1182	1129	353	239	281
Gm18688	protein_coding	133	331	176	150	107	126
LOC128925720	pseudogene	270	325	237	198	455	686
Livq3	lncRNA	254	971	2150	348	13147	2225
LOC131372844	protein_coding	1337	631	2172	2428	1255	4348
LOC131378451	protein_coding	1001	599	736	825	853	811
LOC131338203	protein_coding	1744	993	2230	3947	496	1848
Gm10330	pseudogene	298	630	1074	1304	1273	1025
Avptaq3	protein_coding	366	158	182	203	223	212
LOC131389051	protein_coding	267	116	566	535	400	122
Gm1965	protein_coding	926	468	770	654	408	444
LOC131339309	protein_coding	77	195	137	260	206	120
AU022840	lncRNA	817	2802	1424	586	875	963
T	protein_coding	1433	826	990	4086	1722	239
Gm53384	protein_coding	1681	3398	274	4462	2043	3053
Clmn	lncRNA	2121	1278	3286	1105	394	315
LOC131391079	protein_coding	313	503	755	285	160	829
Gm53867	protein_coding	1127	900	868	1326	783	1288
LOC131388318	lncRNA	182	529	140	394	804	521
Gm18123	lncRNA	493	424	605	582	613	202
Gm29048	protein_coding	305	615	816	519	261	339
Skl1	lncRNA	129	121	105	166	105	99
LOC131391464	protein_coding	772	772	842	1214	220	547
1700065F09Rik	protein_coding	36	18	24	131	13	32
Gm50600	protein_coding	1280	2042	2499	2163	2011	2911
Gm23141	protein_coding	1088	431	462	1604	664	481
Gm9255	protein_coding	304	368	258	253	112	248
LOC128927362	lncRNA	975	180	603	1829	383	818
Pou5f1-rs6	protein_coding	1366	668	882	1522	581	1157
Tmem170	protein_coding	535	499	69	1011	414	288
Gm18268	protein_coding	835	1137	550	477	1003	431
LOC132443096	protein_coding	50	1	12	679	54	400
LOC132442592	lncRNA	592	227	476	261	294	219
LOC132442495	protein_coding	937	2511	2108	1724	1365	1455
Gm53465	pseudogene	300	705	480	341	715	768
Gm41781	protein_coding	49	317	28	352	63	269
Gm32917	protein_coding	625	231	360	575	737	789
Gm35047	pseudogene	412	260	605	286	2139	1488
D2Mit473	pseudogene	492	464	322	2211	3020	5560
Ppil3	protein_coding	717	801	703	506	429	421
Gm41815	protein_coding	1276	196	882	428	705	706
LOC131295851	protein_coding	75	148	139	135	154	92
D17Jcs43	protein_coding	922	552	909	649	666	473
D14Mit67	protein_coding	39	42	7	43	96	5
D8Ertd124e	pseudogene	51	138	256	221	222	160
H3c4	lncRNA	474	672	101	4200	2029	959
LOC110120516	protein_coding	2138	902	1100	1006	2247	883
LOC132443247	protein_coding	1866	2052	893	1549	3362	2980
LOC131296032	protein_coding	483	198	346	96	294	175
LOC131387922	protein_coding	195	693	256	538	231	758
Gm12608	lncRNA	108	1065	458	717	242	1084
LOC131297277	lncRNA	971	1136	1259	1388	1338	891
LOC131385556	protein_coding	205	263	84	147	284	505
Rbm33	protein_coding	4864	361	2244	1785	5343	2784
Actl7a	protein_coding	2195	2500	1352	711	2867	1357
Frrs1	protein_coding	346	833	558	302	502	377
LOC131339942	protein_coding	534	1370	1075	365	322	1535
Cyp3a59	protein_coding	576	493	2276	2837	6579	3381
Defa5	protein_coding	148	115	70	86	69	60
LOC131377991	protein_coding	414	439	207	435	291	119
Elp2	protein_coding	1549	1983	1581	1864	1793	1425
Gm16350	protein_coding	1294	396	1604	166	100	300
Gm28077	protein_coding	1638	638	189	494	618	898
LOC128925313	protein_coding	3827	1757	183	726	574	1048
Gm2979	lncRNA	1476	779	787	348	165	685
Gm9699	lncRNA	709	534	113	63	183	784
Gm39770	protein_coding	500	543	3382	731	1725	1301
Gm10343	protein_coding	788	1888	1873	531	932	3191
AU021933	protein_coding	251	257	2925	248	205	465
Gm12310	lncRNA	327	4	33	125	666	17
Gm40977	protein_coding	1676	1370	260	367	554	999
D4Mit103	lncRNA	843	402	627	744	731	187
LOC131387561	protein_coding	1831	3333	272	857	1237	611
Cocrb7	pseudogene	1597	1573	794	361	318	71
Tfap2d	protein_coding	758	531	558	722	665	446
9430047G12Rik	protein_coding	1113	1314	1678	1557	1110	1963
Gm29639	protein_coding	552	288	938	265	218	425
Es5	protein_coding	1571	1686	222	1108	672	734
LOC132443455	pseudogene	1469	818	1256	1544	1222	1764
Gm41612	protein_coding	220	4027	855	465	1120	135
Fpr-rs4	protein_coding	1345	872	967	365	1083	802
Pmv43	protein_coding	2750	4290	460	1053	2477	727
Fdxr	protein_coding	341	871	955	574	886	317
Gm14007	protein_coding	252	120	134	305	86	249
Kwq13	protein_coding	1023	985	947	1314	1310	2535
LOC131380155	protein_coding	565	761	668	1164	1110	642
Gm33512	protein_coding	474	423	953	1234	579	2008
9330175E14Rik	protein_coding	95	600	935	799	611	1574
LOC128926291	protein_coding	2623	196	1873	1376	1565	89
C78948	protein_coding	2042	334	1114	232	0	703
Gm4284	protein_coding	90	94	92	80	125	93
Ccer1	pseudogene	428	537	995	433	244	560
LOC131337371	lncRNA	120	556	294	939	674	250
Gm40692	protein_coding	1772	606	4601	2932	2678	2986
Zfp808	lncRNA	520	333	562	1465	2347	1098
Opfa	protein_coding	558	261	339	447	643	794
Mir6964	protein_coding	36	41	23	49	22	56
Alaa4	protein_coding	76	35	315	133	233	528
LOC131390143	protein_coding	262	280	316	764	532	1187
Gm31321	protein_coding	1282	1295	1689	1278	1058	768
Slitrk1	pseudogene	2374	1057	1463	1018	921	608
Sirpb1a	protein_coding	235	216	691	161	286	1381
LOC132445357	lncRNA	2250	2918	748	356	97	3520
LOC109279870	protein_coding	2237	1856	2250	660	1114	1734
LOC131387038	lncRNA	1273	3783	1163	561	2513	3167
Mettl6	protein_coding	2086	2837	2646	1831	1910	2939
LOC132445209	protein_coding	1382	1192	1263	1092	1356	1432
Timp2	protein_coding	1703	817	2148	519	886	1111
Gm29959	lncRNA	1185	1605	935	1515	1001	936
D8Ertd563e	pseudogene	1433	851	1228	1300	2414	2571
LOC132409891	protein_coding	853	1597	788	3247	2657	3163
LOC131336871	protein_coding	646	66	491	1901	518	2455
Gm18300	protein_coding	292	88	86	92	146	124
Gm30408	protein_coding	822	775	1208	327	1609	1325
LOC132442393	protein_coding	511	181	202	253	174	392
Defa25	pseudogene	1821	5669	2734	409	3159	477
LOC128926402	pseudogene	678	3323	1437	830	1135	1102
3110004A20Rik	protein_coding	509	416	414	178	1147	259
Gm23010	protein_coding	1572	335	1151	1455	58	709
LOC131392529	protein_coding	1381	4467	818	2244	3184	2377
LOC128927707	protein_coding	353	879	735	827	1410	278
Grhl1	protein_coding	7	21	136	27	164	5
LOC128926568	protein_coding	555	289	780	655	659	343
LOC131389891	protein_coding	1700	1532	1862	2192	1350	1842
LOC131392141	protein_coding	29	122	56	34	57	70
LOC132443513	protein_coding	217	362	965	754	642	256
D10Bwg0812e	protein_coding	825	1466	1242	4213	3546	2637
Gm46949	protein_coding	212	201	365	234	239	467
LOC128924489	protein_coding	2028	3264	629	67	329	3368
LOC131295354	lncRNA	510	775	820	1156	891	1261
Palm3	protein_coding	654	1630	460	979	544	956
Dnd1-ps	protein_coding	519	525	345	251	286	430
Idd11	pseudogene	2101	1310	2790	1533	1806	1097
