"gene_name","Control_1","Control_2","Control_3","Treatment_1","Treatment_2","Treatment_3"
1,3.49023065076089,4.5024395641909,8.10815893569189,14.5734917411285,14.9936023542576,13.9626028837025
2,15.2613834131156,5.37581942822197,3.49023065076089,14.6074319610929,3.49023065076089,7.84917485338318
3,11.0515619541932,10.8902998942457,14.8670479063887,13.7791430349116,13.5090375314144,9.59596229515508
4,12.8703421919904,12.728446075664,11.7042370329415,14.47435555765,8.89094771533673,12.6092889406777
5,11.2774119311962,12.0222977138132,10.7521906622509,13.3686464998954,13.8872399038403,13.3171701051046
6,9.84033466668422,11.9759280742893,12.1006182486296,12.5209226429222,13.8810451641448,13.0167662135728
7,12.0216290345139,12.026289182615,12.8812346410943,12.8788017058808,12.8102280664996,12.9186619937552
8,11.0469540066915,10.793694766678,10.9801778708767,14.2226094326443,10.7993472975091,13.1359739198331
9,12.4612663890475,12.3719796712709,11.8345666929681,12.6231236663281,12.9797170153253,12.4946705867568
10,11.2598843304795,10.2929570833159,10.9629018389874,13.1461746113538,13.5133479571606,12.817843036158
11,8.52845166931061,10.9972011191466,12.9777959861931,12.0113617005353,14.2076693041198,5.38066918739587
12,12.0910565612485,11.8621792013116,12.5379683197963,12.172291859529,12.1441134351,13.3075797225689
13,9.83881196742527,9.18051285822395,12.192121182507,13.8022291984148,12.646546103359,12.5795426330371
14,12.4216431780588,10.4567078569071,11.186560401544,12.9903325336503,13.4899657556419,11.9877574040278
15,12.728943746907,13.2320527597688,5.97228315961306,13.5079675376158,6.04672688352537,11.7668052601546
16,14.5156004222224,6.76432013129232,12.4713575897274,9.50701028715506,6.21069885610149,10.3734214862657
17,11.4593293282524,11.6883562292155,12.6325596433029,13.2529875612683,11.1075507716953,12.6931231007751
18,12.6738652078552,10.9503533676868,10.8872623131682,12.1416327292368,13.109709474362,12.8176500006533
19,13.4925615153199,9.17332867174132,11.8227406176376,12.6270736441473,12.6031678394021,11.2211326395808
20,7.97227258004244,13.4727533992392,12.6312479683509,10.8352469686362,13.0749755483929,11.0795453929043
21,12.5774246647256,12.3580591373325,12.4514285780984,12.2334504323576,12.1075173585682,11.8043087707674
22,13.0326252920683,12.2193766914232,11.5737560765061,11.8566069907966,12.5903039822301,11.8461713312679
23,12.8356504206061,11.3702344182116,12.0346816857307,10.8184556751444,11.1725876996956,13.4819083698266
24,11.7812415074027,12.5495703964374,13.0369419167643,11.7157469331789,10.4976789737592,12.7565283267704
25,12.6128192011844,12.0617239950863,12.221473231919,12.7146480014256,11.9051609074168,11.8816918767636
26,10.1013428778394,10.7700854595319,9.57350861826527,13.1061719485996,13.6892757730683,11.7287114377845
27,9.68798374197373,12.9252865975156,12.8434081894441,12.2472032191743,11.1822456157885,12.3005833396035
28,13.461611500703,13.650277243297,9.18730921521341,10.5173402520273,9.80324502864094,9.6227315076036
29,10.3168205836819,9.59674099442167,10.436924167393,13.1133859411385,13.1934260709595,12.4614487939073
30,12.0551223449837,11.7822178762378,11.1182905318801,12.8450969297241,11.5220986453507,12.6659305952244
31,11.969710483588,12.1161076614779,11.4884333866401,12.6490390277149,11.9883695100873,12.1173089326785
32,12.1097985504668,11.6912920987227,11.1522197066721,12.2854722224633,11.5670240807413,12.9926874838833
33,11.0737364080147,12.6605185149581,12.784249611648,11.3546833941111,12.1606958363771,11.5110462084785
34,12.4114369455866,8.95329863438652,11.8893620402328,10.8099861627409,13.4257369424421,11.6618941772166
35,5.22790408072017,8.30795445990652,14.2485299596904,8.31740369739676,12.4124841308838,4.58305784536937
36,12.2215032975435,11.348613112096,11.7042370329415,12.0631414522581,12.6214748325939,11.9952871429812
37,11.8172503742028,12.2507043263729,12.5770973105866,11.897878941566,10.7128668460565,12.3577276290932
38,12.1044232408553,12.2228591178684,12.2817921000386,10.9163911741025,10.6697485609686,12.8753599745015
39,13.6421150466819,11.1036670380398,11.1307209380092,12.4276299191358,10.2956099535518,9.90887052702905
40,12.4723551927217,12.1325555537609,12.1216326633302,11.5642157652932,12.2315919336828,11.2437235733432
41,10.8357390352768,11.9568849970312,12.0911086720092,12.5232794705291,12.3096687772327,11.785086630694
42,8.2078927505892,10.1587833398562,10.6574288828216,12.4954606030554,12.5348457706657,13.222067851648
43,11.2334767630381,11.356560986129,12.1826009833443,12.1818712799141,11.5656411326898,12.7535041151893
44,11.050246898971,12.2668197332945,10.6964182689237,12.1761911736565,11.7635737937213,12.8270784966501
45,12.0259839073399,11.62132839948,12.2717254078586,11.6012759948658,11.6782734242499,12.3754095031071
46,11.4478897721204,8.10117211031758,13.1841932610259,10.9206886358041,11.772792018114,12.5621335690133
47,11.3965528234459,9.54573491475434,12.034020097016,12.0654073839649,11.8444911321418,12.9792881148984
48,11.441383583486,11.2255578186038,11.7166588258234,12.6364661552838,11.0539817726931,12.6880633937954
49,12.6373294990865,11.4236678881311,12.335400410043,11.7206844178223,11.6667099230246,11.3717829252903
50,10.7629470612399,10.6090832103586,10.9255777685647,11.3365714824632,12.6722603699066,13.1647912671188
51,11.1382852392399,10.4177329585413,12.8657024200323,12.7195892009205,12.0169850049428,10.3596971866378
52,11.3314612579838,13.0053185918785,11.3775478203835,6.65791381701553,12.9633565203282,10.6892241906
53,12.6889427377061,11.1080678358056,10.412696582864,9.6690694178076,12.149662107071,12.9018246631772
54,11.346539148379,10.5099420920614,12.1380418471113,12.1638573688896,12.4702886493607,12.0544784420947
55,4.42031633038884,12.5626841016511,8.51368359559896,5.44629202559523,14.0155115675989,4.08423288932377
56,9.92887427011893,3.49023065076089,8.99394445247094,10.3069104584933,13.1632656746323,13.3945311139641
57,11.8164770540856,12.3456011289195,11.7199533194621,12.171390519145,9.40163275343318,12.2883763475232
58,10.2936670691179,11.0859283566312,11.1313396556158,12.5282163114508,12.4491949630392,12.3683100203242
59,12.2115378484181,8.5268222698544,9.42393307432706,13.4074401223323,11.3132763407235,11.5827724987936
60,12.3029883908021,11.2039880335252,10.4278864413466,12.6158538317536,12.4779055310591,10.2252725744649
61,12.3704012727179,11.701312819153,11.960721195747,11.9475110254394,10.2799524691588,12.0095538751266
62,12.0904169531152,11.7715570140636,11.324428667428,9.22825871766552,10.3725001616408,13.2258551286876
63,9.73948834385038,11.575756182266,12.2770471364222,12.4147392423066,11.4589424933122,12.2102377977218
64,10.3298861933851,10.403481071799,11.0969098800749,11.5932219851756,13.1112901352231,12.3290321568422
65,12.1685510151795,9.35574304344968,10.5569232082511,11.4744993015651,11.1207948353698,13.295016148021
66,12.0958446047934,10.9931281475333,12.2473889868679,12.211987981576,11.5019951069107,11.4942351698147
67,12.0623159172868,12.0464101386807,10.7529949677309,12.6640686942323,11.6301301623724,10.8669020833876
68,12.1338978303276,12.178712672509,11.4338049391986,12.4436451764429,11.5794113159206,10.0731445812945
69,11.8962255881152,11.7853615800168,11.2072487449517,12.1641594513508,12.0230437434675,11.6222126752741
70,5.58126789361101,3.49023065076089,10.78716261652,10.5892955768739,8.10795534154231,14.133630805614
71,9.56995490637873,12.3914518045381,12.891862502534,10.1177271185582,11.8475290868957,11.3665140830588
72,9.27794202725138,10.5493106055135,9.91567274860905,12.092959348504,13.0258713220938,12.4032058708783
73,6.08736943513696,13.9342206290598,9.62010738786172,10.4215295740767,3.49023065076089,11.6182281615599
74,10.1828160415152,12.2830351480602,11.0564352445165,11.7374277840985,11.3824593242019,12.7148457314067
75,13.280985166628,12.6079984668651,9.51969237742419,11.158197620977,5.09999042797577,10.8244918367922
76,10.6204645191272,9.16127488972615,11.1182905318801,9.2420655519861,12.6825041676147,13.2188554487982
77,11.4438894373836,9.47349391551127,10.5411780835526,11.5043928151728,12.1664853490843,13.0593489956715
78,10.1013428778394,9.17332867174132,10.6340431987074,12.9562000476329,12.3647778683197,12.1229442148765
79,11.1779619634812,11.7342212760028,11.7170710491975,11.2234279708717,11.266375087795,12.7589431399021
80,12.1015693596894,9.09184526252788,11.8379819899356,10.3908805027486,12.4219408627523,12.4075732267294
81,11.9144087255673,11.8385391937635,11.1972371710871,11.6512663880825,9.43231593751766,12.7585409516359
82,12.8206885662408,11.6422859957565,10.3555905582843,12.6475274133356,8.80911441280877,10.9117229486947
83,11.3736039589044,12.6051103474452,10.8996633855699,12.033355821029,11.6437380585206,11.165183075983
84,11.0303758479529,11.170715838131,13.0075877867551,11.8305799569871,10.71036584082,11.2454467723718
85,10.7954917091816,11.6208885290472,12.006293123252,11.9659947465609,11.5545295618008,12.073681227077
86,7.39827135492043,13.6118362430007,11.287712200921,9.93150955757902,10.6270707096081,11.3187537227285
87,12.101251913013,10.8038066800105,8.44758827303224,12.5450155064145,11.3055645904179,12.3635575478932
88,12.4520846427867,11.3670904939625,11.8273299602822,12.0501245493063,10.5638251187131,11.2989766364533
89,12.919424353036,12.6941504687019,11.1207851964399,8.83151307566108,11.5182909363552,5.45082077556921
90,11.969710483588,10.6775179412704,11.2860461187867,12.837730301119,11.2838619066833,10.9051969699899
91,11.0646469915174,12.2132621444497,11.3249696580918,12.8925402718902,10.8764803619609,9.82683350765263
92,12.231110257632,10.9419258468533,11.6718560804981,11.6260491763863,12.1655727586953,11.0277490797487
93,10.4293461423902,11.8168116165559,11.2420385070267,12.4589922395974,11.9517830170314,11.4723290737423
94,12.5755976591867,11.8573327226138,11.5424647422584,11.5388139351225,10.577613125981,11.3143821855929
95,11.6083988309055,10.835241590661,11.7318331851984,11.6878643639674,11.607459867992,12.3096712757249
96,9.5772791643312,9.94347555643856,11.6938032061192,11.7280591040772,12.2466287574552,12.6714957087697
97,12.5980456220579,11.1470823200448,11.6862438487594,11.6615735201248,11.3970474034027,11.0450021113384
98,10.9599903922303,12.1609713559543,11.7597118970326,11.71285891067,11.698183995908,11.5800437213585
99,10.5402978901843,12.1947614558381,11.9951193681816,11.2257452938248,12.1840162369455,11.2269589973343
100,10.7828785669002,11.7974791360991,11.965933498808,12.0999238120436,11.9047963719577,11.0666071716559
101,10.9904790845783,8.65275460909588,9.54777899234557,10.335089337598,12.9814466247546,12.8054363964269
102,13.1581809473144,6.36469857333794,8.82973369344752,12.420061124596,11.9619809499775,8.9444835026035
103,10.4907442150395,12.1652009451879,11.0687619165805,12.9126362257607,10.8024818070517,10.8861765943169
104,10.9945871528719,12.1579426107928,12.9786557737116,9.85572284115716,11.8284360591291,8.30262056199314
105,9.0201950839989,5.99345060688355,10.3534707664861,13.6796451831562,12.1313945560338,4.95202584824868
106,11.3991376993944,9.72017094335131,12.2545059512057,11.2112005768125,11.9113439586157,12.2576838183976
107,11.7246606490834,12.347995047532,10.955933077566,11.7691515338281,10.8110667545064,11.8347701547738
108,11.3566815559608,12.4007058911022,11.6348097994503,11.6564291590393,11.6239423343747,10.8780534007802
109,9.84185576001536,10.0361325340851,11.1313396556158,12.1071690722118,10.7724253410363,13.1476928870623
110,11.9735311096898,12.395314890429,11.8081106282814,11.1515093840273,10.6437694652181,11.3017397205894
111,12.5139705674142,10.4576934965048,11.6234198742009,10.4396112299723,11.7739900643617,12.0068472574525
112,4.50573000684162,7.85358048669399,8.60211386078609,12.2374752224766,13.7057961563145,9.22868981405791
113,11.146923682421,11.68246650537,11.8073365036962,12.3335361250167,11.0546391652925,11.5072209198366
114,11.867020798228,11.5436267772534,11.6335001573678,11.2222679120156,11.6744292131031,11.8366766189124
115,9.77495531250631,12.1331725722395,12.2978643461738,11.4514180146312,8.93161812662734,12.4085989213181
116,11.1057389515581,11.7719532688859,12.1965622413567,11.3969377381026,11.4328849875003,11.6623242310861
117,3.49023065076089,5.09349036126024,3.49023065076089,10.2815156813786,3.49023065076089,14.1171767729773
118,11.1658695549443,11.3406212085477,11.0321241230207,11.8773905498863,11.6190617816598,12.3395574768245
119,11.1438444588053,11.9216037828529,11.0479401061631,11.9007822457621,11.78631196545,11.7225384815004
120,11.1063718164687,11.314745471639,10.8872623131682,11.3236483011154,12.1160453775534,12.382996158855
121,11.7764777354167,9.69865229852985,10.7122200324983,12.4446402514725,12.3258247203707,11.1351341487506
122,11.8013138612993,10.6432732409246,12.0860111502683,12.0734710676082,11.8482875770588,10.4748419572112
123,11.0672498167128,10.807677081647,10.979490787347,12.0992920664512,12.171039661943,11.9572391851376
124,10.5644506604474,10.8946733278685,10.2524311392701,12.0036176122187,12.5010002349983,12.0859151558407
125,10.1401842835113,11.3443562737777,10.5906092698985,12.7383752215872,12.2888668851976,10.7632623013607
126,11.3709728831612,12.7010335069881,11.849684286511,9.5353166708321,11.7380180120496,10.6790589928239
127,12.0990278282952,12.1257508762622,12.5442542544877,9.5353166708321,11.1876499141349,9.74310398515849
128,11.8804026736466,10.8983077549317,11.7083895258768,11.7394564278914,11.915692565368,11.2425736294108
129,12.959730128191,10.439848114132,11.2692786065256,11.0400523293084,9.3186593806332,11.9956284718327
130,11.3134861786826,12.4423770491774,10.6173563484411,12.4055700913635,10.5339627059599,10.8616684878758
131,11.9115147802939,11.514559169525,11.1176661911071,11.580150754805,11.5948602641908,11.70009454552
132,11.0756767115726,11.2570365531194,10.1523382822137,11.8651793595936,11.4703194860172,12.5897524741854
133,9.98364107904657,8.24074689275773,11.9526922420882,11.2679577052815,12.906227894703,11.5612576436686
134,9.95300305443816,11.1537874780248,11.4956594590119,12.4283846192019,11.6498417370653,11.7743843632003
135,10.6415764840451,10.8807783900549,12.4158128443721,11.9787595276993,12.0397412796865,10.1779297211118
136,12.1075876126917,11.313657178369,11.7870620655878,7.9806629481248,12.7138470505494,9.81913892326325
137,12.3806393487187,11.0293774209976,10.7204677429484,10.5435852332166,12.2169841311051,11.5520041641714
138,12.7132423750372,10.1380277657811,11.3195506004829,11.1107154152623,10.3154944544563,12.1251297826001
139,11.6128596365734,11.0569547519401,9.57896288644056,11.23325098869,11.9418678598026,12.527616690842
140,11.1389039892723,11.7495936640143,8.85093705422156,13.1082143449744,10.4693614378605,10.7815889026713
141,12.1533203199427,10.9391056970263,11.4462903787667,10.8184556751444,11.6301301623724,11.9278510422781
142,10.2335239227327,10.6766716572773,12.3294814504567,11.5642157652932,11.8433502477788,11.7619978613803
143,11.5027600476835,10.5786006753448,12.0303759259378,9.25574141482087,10.3275125179283,12.9025529080088
144,10.62929875071,11.6582355425635,12.1490822080509,11.9600917639138,11.6748568538785,10.5622421828158
145,9.99325462283449,9.78286499179414,10.6004742096844,12.0197323054312,10.5358473276675,13.1419994904025
146,11.772894554945,11.552418607621,12.5368012462264,10.2013562770026,11.6332141519734,10.3565114106559
147,10.4819921070344,10.8711936235608,11.6021531104956,11.3268899657064,12.6899280139292,11.3094483200931
148,9.83881196742527,11.79631090761,11.7933307559016,11.7227367261127,11.0480517195824,12.1563013317858
149,8.41848143859603,8.7685568181357,12.6430103306381,8.46216458848582,11.6998658922255,12.816491244908
150,10.0014441092084,13.3077920517947,4.3227677601237,7.95849623707776,11.8195676889842,11.5431580391142
151,12.2026872726947,8.82161342973762,11.483111168089,9.53344676759248,12.726691060717,11.2962082500245
152,10.9331305229461,12.6817619892801,11.7191304011,9.38994606098416,10.4624420702989,11.9684115571412
153,12.1703679402143,10.7991484491217,11.3894934402152,11.8252413204323,11.5287380486286,11.1898538500653
154,11.369919107805,11.5389778872504,12.022726419631,11.5678735973592,11.5447362328437,11.0711487601608
155,11.8863105618342,12.0388564680211,11.3255104459597,11.2361274281603,10.9204224266411,11.5547864454819
156,10.5440401245449,12.7041513377843,10.0315802587752,12.0392964770288,11.3539016446619,10.8616684878758
157,9.00397690571298,6.6983876594387,10.2761258027815,12.5282163114508,13.2238458379314,9.23332997629694
158,9.87343365202619,12.9931344091861,11.3581209548007,9.75982697466884,11.5135171236435,11.2041019039392
159,10.7923487475311,10.5566890666336,12.4996664580283,12.4978593608473,11.4006714899247,8.10895067325652
160,12.1724847980276,11.3597279158251,11.1026003738597,11.0248294432656,12.1719488017808,10.7201234114873
161,10.7435501969299,10.6783637290781,11.3373567775525,11.9597437763154,11.5545295618008,12.2491204693577
162,10.7047921125303,11.4945301009639,11.6883476465599,11.6132733250979,11.212016494568,12.1119664336094
163,12.3416645274898,12.4746250608676,9.78963016877274,10.3340156525698,11.1301809882301,11.2460207149447
164,12.395990924317,9.28641002577127,9.46182271113712,12.2017245165827,12.2899839238793,10.3155371807085
165,12.8961903225572,10.3127024030384,12.3532781750622,6.67174625890897,9.85850935427056,11.2984233840017
166,4.42031633038884,9.44395076697046,12.9765914221841,8.22763782156977,10.550836312946,12.7870185003682
167,11.611968578209,11.8036937613411,11.8119750325948,12.2840831019313,11.0903420536771,7.3115680572793
168,10.5999380948013,11.02605901133,12.2168168498911,11.149679925016,12.4112014265005,10.5805612801453
169,12.1600416439592,11.8952925053604,12.357779305054,9.52969967116043,10.3491102698439,10.916778377942
170,11.4338397997206,11.0653848441698,10.509162690288,12.0920070386775,12.2069656599787,11.0756760958721
171,10.9487418676916,10.8084499174325,9.42191103419901,12.2291256606456,12.6038417175874,11.0600942851796
172,12.2835342497146,11.019399204011,11.2362981635379,10.9278227448663,11.6367306576979,11.5547864454819
173,11.3352455301707,10.3859837433575,11.9403878851458,10.8976194699509,10.5812677786249,12.6208408287409
174,12.3539743004954,11.6031828213737,8.65129704332757,11.8807030140236,11.212016494568,11.3686239296658
175,11.0007274037167,11.9631449898281,12.2062847135653,11.2763657520903,10.9411906675153,11.1645760474893
176,8.67227602171267,11.0788994725301,10.219056568821,12.7490875760986,12.4091467243612,10.4855750224443
177,9.31346568903824,11.3005332169921,10.3577072395259,12.8804572583554,12.1052981369944,10.0834585836668
178,12.3238171734427,10.7093142917841,12.2981398897014,11.1411116391267,11.3094256185441,9.78320529752022
179,11.689615384402,11.00193843086,11.99681793428,11.8810705965495,11.106917058999,11.0163556515059
180,11.6450122544635,11.575756182266,3.91080833730622,11.4239305607462,13.0172974983487,7.5982405566409
181,12.1385460054595,11.2473799004729,11.2090083034967,11.261760509352,11.9714112099395,10.733282944781
182,11.3325434919208,11.6031828213737,11.9558393302173,10.8778637369855,12.0003616858289,10.8214142845659
183,8.87614881431549,9.93500680719563,9.12900152485273,12.3810901436852,12.2480663805486,12.3430489214383
184,11.0685494703806,12.5729534792805,11.4085051410346,11.7243764732362,9.73924953353653,11.0528959848031
185,12.2770844867908,9.9754861153353,11.0107627477053,11.2769245500008,11.9759298141493,11.4654454410127
186,11.4652619758907,12.0335783164769,12.3050114293871,11.4474522424474,9.40369873757786,10.7839622555355
187,11.3550848561258,11.7830044446431,11.0459725649813,11.5587115687213,11.1320509126795,11.8791042121255
188,11.7009730427373,11.5734848044841,11.9183306193162,10.6535345889975,7.84100960546189,12.3409013402846
189,11.6034759608542,12.3709337383026,10.8591506467195,10.0408435003046,11.5263703393339,11.5510755433746
190,12.2657983657172,11.2028128607171,8.94125948276282,10.0142771392685,11.2989215483944,12.5302107368743
191,11.787568832391,10.6681813984769,12.4112347290298,11.4219108937876,11.3182122140668,10.3012481553206
192,8.77144093141644,3.91050356568282,5.37702885777875,5.47989895985316,13.5724942578266,12.1353888096038
193,11.9423245728323,11.9068853306087,10.9454164061554,11.3767474816067,11.0173559112901,11.373359832881
194,9.51380408011411,10.7060001202808,11.8765030491368,13.1011321584757,10.5610516318555,9.31439618585213
195,11.6870792712806,10.8495799247002,11.5591152506167,12.0894644682671,10.9949255768148,11.3121914394221
196,11.6571570894851,10.6775179412704,11.4408100931602,12.3955706375837,11.3923744459774,10.4189272977755
197,9.92457402907398,12.1104786528762,11.3780692571661,11.3917876258378,11.8513175561891,11.3702042921455
198,10.5818484857386,11.8989252802952,12.3591004986025,10.6142745346455,12.0300802618599,9.48362100282399
199,11.86664730179,10.8652634957078,11.7174831548175,10.7684666814824,11.3415643969528,11.8634799905877
200,12.5168296550689,12.0639909377509,10.7392604100559,11.5162735685838,10.5424241811017,9.54088535963356
201,11.5863392556908,12.0717363801061,10.2524311392701,11.5842200321174,11.4947468344314,11.2356546496834
202,11.5671588055223,12.0928243925381,11.0040219257518,12.0728276289405,10.6910460398786,10.5650049220956
203,11.0020883619553,12.0306008480855,11.2230080417023,11.2035789712841,12.0109007144333,10.8275628374645
204,11.5439873770299,11.7145664177878,10.9587246230992,11.8129640238014,10.9567488197158,11.5496814904487
205,11.3427844238966,11.3336588981882,11.9179720788425,11.3783106499896,11.553134578505,11.1082389797926
206,13.042083213379,9.74783478777128,10.6591461675103,9.97486538593378,11.6692876117586,10.7792116386912
207,9.10880278609554,9.59136155413827,10.1400926338394,11.8748089203665,11.5998232400857,12.8914070323011
208,12.2062340212435,8.5268222698544,11.0905606710305,10.7628925439048,12.3442234356662,11.4050553567123
209,11.4892368877839,11.5830006523543,9.30828228837933,11.3678573909095,12.617253598902,10.4590862695655
210,11.1579547827537,11.6327182074796,11.602599380787,10.5657070330073,11.489894341561,11.9346314781808
211,9.5845664103811,11.9428758785516,11.4348077604609,11.163042390963,12.1288996956597,11.3441723766947
212,11.1561221137106,11.9449859382891,11.2206841662386,11.3751826176239,11.6580842110994,11.1916425714595
213,10.687978144238,12.013276326123,11.1226533679243,11.506300322997,12.4663415647862,7.84310363642582
214,11.5556196122211,11.7133290524649,10.5015252581618,11.2875007911783,11.953546432221,11.2950994062477
215,10.8064384614025,12.8092358013762,10.5550797357522,9.91867434620925,11.4125155059543,11.3500573006753
216,11.3184107265085,11.5693872907581,10.2906012351293,12.0263939956671,11.4252800960206,11.5538596144577
217,11.1707186884675,10.5713337241556,12.033027144731,11.131256589507,12.0400732670684,11.1694251385338
218,11.8591569948394,12.0991543145856,11.6172493859321,9.56673956339424,10.6910460398786,11.5945379184249
219,11.4418851025964,11.0326882149112,11.5368715920852,11.1840490206055,11.9318840860671,11.3812186189834
220,10.9459159783832,10.9041038597174,10.6812868036363,11.7931785306775,12.2592309438185,11.4345596657848
221,11.4048081760595,11.0960914385094,11.8104305128153,11.7802300252042,10.3176870177129,11.7405714396828
222,11.8368312668761,10.2389420347059,11.4942171372017,11.6916412639019,11.4414556777472,11.4830802839126
223,11.5008359114349,10.7517196471102,10.6897127604235,11.8087194562827,11.6585167237637,11.8113061343859
224,9.44340309834861,9.68524867384373,10.5476821965622,10.6151586898555,12.070943835601,12.9317420944248
225,9.81732363401826,11.1963322425468,11.839497308313,10.2680865978078,11.5614843164276,12.4264315298475
226,12.0778875788143,12.0899668413176,10.4734955783875,9.11026129418709,11.2307524115256,11.8194270595967
227,11.923415068948,12.4353898385975,11.6714307309611,11.0661502252076,8.51617110701635,10.4981574459711
228,10.8087734257084,12.1988932717385,12.1297057748458,11.2176183256784,10.3587247477288,10.9232522916697
229,11.4613095894798,10.528823054986,11.6646080272671,11.6641388379053,11.9887135306786,10.7981209544396
230,11.3524197563127,12.245577622352,10.6004742096844,11.0700245054584,11.0961011319772,11.6649018656158
231,10.8719194249423,11.1162052987221,8.95251223365836,11.4434755384851,12.1360608222433,12.2120014083373
232,11.2455923899498,11.1904154015471,12.117891319948,11.240717835124,10.6902001505077,11.6802716992854
233,10.4140907259824,10.91777698825,11.1375122806612,12.0452127708343,12.1235837486098,11.1694251385338
234,13.1941985216004,8.91647616132386,10.8289553961348,9.25574141482087,10.7078604920074,11.3425632222892
235,11.4989092054424,11.2722419578106,11.7995723252301,11.1792744020279,11.1395064664027,11.5524682505123
236,11.238104245701,11.685835005569,11.3560049975912,11.8592213689973,11.2652395938712,10.9495661833114
237,10.2903288758132,9.11952133312766,12.8451064032089,10.5519207140336,11.2754270071958,11.7059469550491
238,11.8314825299549,10.941221326084,11.5577350247108,11.2257452938248,11.4889218812899,11.3279994875413
239,11.6007836617182,10.2389420347059,10.8960270644381,11.0955905050462,12.1475068253258,11.7779606144762
240,9.80957097359367,12.2118024722115,7.67664779245834,11.4198883953846,12.8858708678172,8.10388531964996
241,11.1239802460843,10.6851122384409,11.0367550570472,12.515487283175,11.5670240807413,10.4580958016847
242,12.1276768753482,10.6732815477848,10.4198050932705,12.0660541398718,10.8772238063514,11.3654580015171
243,10.9144602655074,10.7708786934413,11.3858682765203,11.1368083364539,11.275990870752,12.3422439530956
244,11.3604003307633,10.9992333007858,11.5227931046048,10.9128001507202,10.6952680625031,12.3008595743778
245,11.046294525316,11.7276993645141,11.0026699733934,12.3973705224287,9.92185898577699,11.1682143929685
246,9.65721142827472,12.4017304682784,11.976301947492,10.4712071957496,9.60564643211388,11.8776234600499
247,11.8375937558935,12.4748684774731,11.1226533679243,8.48558231664466,10.1370382664284,11.6124532545734
248,11.4892368877839,11.8464623157067,10.4106591291379,11.8714828796726,11.7711930739146,9.93331149588076
249,11.0821256068993,11.5593218766997,11.8860663737541,11.2251663119638,10.8705189735099,11.495201096015
250,10.9459159783832,11.558862685033,11.3817140469779,11.4474522424474,10.7360028146336,11.9438586285867
251,9.01480927588376,11.6543721216427,10.4577945625113,8.16129351524167,12.8444643486254,11.6878956438642
252,11.1567332621137,12.3100261383099,12.0260572768318,9.42466216620804,11.2237549268069,10.4904274130277
253,11.0075193918404,12.3292701263971,11.0777778011005,11.8202662629788,9.92473883127523,11.005549597149
254,11.7981836660062,10.8682316067902,9.89978060099787,10.33616222404,11.168341944501,12.5665055693524
255,10.7605366684085,11.7576190778467,10.9642915606929,11.1768811537321,11.7647795164486,11.5492165066262
256,11.0789047627748,11.672313554999,11.561412696735,11.1935511104739,11.7707930608124,10.7283621768526
257,11.8640301157399,11.5324441702289,12.0904724659247,11.1594103396577,8.26183626825553,11.1657898491584
258,9.66066317959509,10.4821181191842,10.0733958793623,11.5153267006132,12.3148913150674,12.1781184872842
259,9.50230669126957,10.237794930084,10.1596360782246,11.4938561988165,12.4122276812282,12.1535508418755
260,11.6875022665284,11.5012374017294,11.5805681487629,9.4002437318481,10.6620038391947,12.0996348367705
261,11.2224266337943,11.3961707109651,11.162547485939,11.1256833948131,11.7538915621251,11.4816189192289
262,11.1785639313345,10.2526366039859,10.5233747922329,12.0019285999415,11.6384857014465,11.8058666761206
263,11.6631913810716,11.2075078190367,11.4333032670387,11.7103788528968,10.5526990323941,11.3601659660747
264,9.2438244030363,11.2895046368995,10.3650912595012,11.3720477881162,9.33607323616171,12.9853160497377
265,11.8110521753154,11.8183470811113,11.1522197066721,10.5528439123779,11.2266746713582,11.2631336655089
266,12.1484123406347,11.5933512543333,12.2708833375255,10.6697955243672,8.82153504024594,10.1815348389817
267,11.6007836617182,11.4216489365826,11.6234198742009,10.6009467624489,11.5596329909786,11.1382291998674
268,12.1437958962297,11.9333422309629,10.064351736628,11.8777589772677,11.0024411724356,8.82964594241211
269,9.5421527794671,13.0453689298923,11.6185738570207,10.3627282714054,6.19124239789009,10.9565964181222
270,11.7536324865659,10.8807783900549,10.6955817829596,10.9850286443013,11.3356264687577,12.0149519241883
271,10.9959539134275,10.5127900391816,11.4353089098056,11.3387141356463,11.6662798601022,11.8205834690349
272,9.77336195908298,10.9234955483005,9.69569059931204,12.8901682743235,12.0654095678245,7.4461098918333
273,10.7947066104983,9.36628137596822,10.6058267863459,12.2239187630611,10.3944785475766,12.4462956480702
274,9.17789379060411,8.95329863438652,11.110780549773,11.4244350360011,12.6432720383393,11.6832413560129
275,11.4642748939722,10.9105967620361,10.8894584984043,11.1702791752659,11.6774200399137,11.7511222817628
276,11.3486803257936,10.6484620580294,11.2148580470914,12.3020381696762,11.2509699917579,10.6218327355794
277,12.372244234231,11.7822178762378,10.8784439842967,11.0544645620199,9.80480909115859,10.9037427345822
278,11.2461667943361,11.2057489997448,11.4267656038254,11.1144719947729,11.7807602643651,11.1910465773879
279,10.7238889628979,10.5335049328872,11.8926501951747,12.3688236744046,11.0877750649549,10.1487597329573
280,10.373654671658,11.0718361737498,10.9965704595861,11.3445900756131,12.1989599555335,11.410697565561
281,11.4201607773231,11.3966847101568,10.9390694051556,11.1600163169179,10.9475756598765,11.9022277825951
282,11.9042544172256,9.64080601606869,8.06209530505972,11.8005813482316,10.9962949642618,12.2743782219331
283,11.2334767630381,11.5249406505624,12.299516818484,9.37957431679847,11.1481561917993,11.0357376648662
284,11.0176477899287,11.0127085090619,11.6811821815368,12.0015905600666,11.3077721573722,10.4056311663554
285,10.384131441008,10.6293444501693,12.357779305054,10.4954188414353,11.4835616007826,11.5100908368047
286,11.4533721828377,8.58936540464613,11.5773931841535,12.3286933615692,10.2120337390463,11.4565465175764
287,11.229996383934,12.1067137415696,11.370227846564,10.7059334946554,11.4884354052258,10.4321019916818
288,11.8257296486485,11.0653848441698,10.6040447999695,11.2707658359874,11.700286060108,11.145630342295
289,9.88380782233525,9.00547831944944,10.5421090399435,12.7850829856152,11.1283086368421,11.6084416570507
290,11.6597463056705,10.5456071738957,12.0514504961215,11.0835031311612,11.5656411326898,10.2112321564513
291,11.8310997174201,10.7882203882804,12.4706243665783,10.2881836287481,10.8433836025403,10.1767260100509
292,12.0811106270968,11.6637978371385,11.5401368977279,11.2679577052815,10.6323649135485,9.49332438006408
293,10.7709527400068,12.6122091913374,11.3432436630948,9.0721199276938,10.999029845664,11.0548627224194
294,9.1213858311962,10.9475496608151,11.6777978435115,11.6781671222906,12.5607604165462,7.66864770982384
295,9.02556084209478,10.0479617159434,10.5411780835526,11.7515687478386,12.1852174473191,12.0152886325622
296,9.96701015903336,10.6090832103586,10.6410119005094,11.993113717662,11.7803628955804,11.7839014030035
297,11.2570372469691,10.866748314605,11.3238874738164,10.9242601003857,11.9496640696384,11.2794854331723
298,11.4652619758907,11.9032725696597,11.309744702623,10.9986438278513,10.7244812118149,11.1407004686717
299,8.93436519790899,9.49861733294301,12.0802548262048,11.1287822718021,11.1792344567211,12.3110432552881
300,11.6186381393958,11.3358047285171,11.2540193889714,11.2389981437592,11.0690265252347,11.2546025649372
301,10.4819921070344,12.7118133008079,10.9119587618059,11.2053413806191,10.8188271643769,9.84210060650723
302,12.1652140311706,11.3634139017865,10.1584223400816,10.6909159835947,8.77119689680662,12.2007952890555
303,10.7613405802707,9.23902836245004,12.1188275658012,11.4715732349354,11.3539016446619,11.5053044651513
304,11.5194876625855,12.052946552371,11.78823952173,9.32872424007617,11.1894468573047,10.4913959354994
305,12.0243105115919,9.68019002249644,11.7712701242973,10.0565515736817,11.7293978177656,11.1132808457411
306,11.5232840367802,11.9244582500295,11.332522302753,10.0912814905998,11.378264062672,10.9339780015861
307,10.6528844206093,10.5194134644953,11.8303814312881,11.0154840720449,11.9976293923843,11.1326533179879
308,12.0740103920327,10.5353734375708,10.4157473777269,11.5918752678935,9.68422800367057,11.9836336487649
309,10.8463857085512,11.5249406505624,12.3878647840663,10.2992288320461,11.2883404351624,10.2112321564513
310,11.7977919136228,9.77181103778391,10.2581081307417,12.3527462367116,11.8234302023949,9.1862422624425
311,9.23690291155162,12.1139212116417,11.2636458463273,9.49553029774405,12.5973143387401,9.41175984590692
312,9.95300305443816,11.7423324210736,10.3449603099789,11.0886049012125,11.2266746713582,12.2237040360156
313,11.4282825123319,11.278391096291,11.0739207480807,11.4705965590558,11.5925987095579,10.7752408055883
314,12.9498909907891,7.18484474078956,10.2883836787337,11.305139994722,9.35113972018928,11.3430998065476
315,8.71940355365062,12.055552848149,12.4568686849891,10.381557340479,11.5197200052206,8.90721193888566
316,10.1051477677775,10.6179274332331,11.7100471821644,11.0590202412294,11.7683906502217,11.7303531082956
317,10.4089695227771,12.1104786528762,10.6392728785657,11.7675619244819,10.5405481378713,11.3749350186859
318,10.9466229698413,10.257172719606,10.3661430406628,11.6768974455434,11.7086638215297,11.9235521840121
319,11.1857680210651,11.6979803067923,10.8916513452794,11.0492403941788,11.5614843164276,11.1578818213851
320,11.4458909913229,10.321392083774,10.6401426515903,11.3365714824632,11.988025407441,11.3822632299721
321,11.828033554772,11.1011462557915,11.9533921885303,10.5793628424415,11.0845598923744,10.5058462766984
322,12.036315860667,10.699348847337,10.9972494582924,10.9938931165064,11.8288204065386,10.4219783092053
323,10.8079955241282,11.2450983220302,10.4861280036369,11.8442178458124,11.6476648151366,11.2123487434589
324,9.12388931315637,10.3300297298178,9.82372064590728,11.3290470357491,11.6998658922255,12.6141875711779
325,11.349215123961,11.7112644155948,11.8162139555282,9.46053155818757,11.0017595521155,11.3317894109841
326,11.2863757941069,11.705882490409,11.463590427161,11.0726015905948,11.64592090937,9.76569793513777
327,9.78447864231757,11.6912920987227,11.4975803143969,11.4710849796469,11.723208847707,10.6236006367909
328,10.7230639007725,11.2911643083063,11.1960547579961,11.6326132452982,11.4619190651722,11.1922383194094
329,11.2615898874557,11.4196271555966,11.2322662891375,11.0661502252076,11.4584458003673,11.1487029801417
330,11.3970701692869,11.6769758618964,10.8843288555775,11.0400523293084,11.3318350221008,11.1443994523808
331,11.7867794327228,9.49093356718515,9.8895754754586,12.1602274369891,11.689321726334,10.7584429102376
332,11.2136426633073,10.0674639542654,10.8658583498589,8.8705624260873,12.7579059489198,11.0535518619739
333,11.480964120986,11.9061635018277,10.9801778708767,9.95125114189951,11.5249478462635,11.061399216865
334,11.5486515321235,11.3005332169921,10.9531361197059,11.720273605582,10.9949255768148,10.8526521979181
335,9.8157764322474,10.3407545564031,11.0816245692028,12.525397328458,9.64983036223817,11.847306508947
336,12.1694597637289,12.1142337645697,10.3598208193277,10.1871559980964,10.9804679774934,10.254091723612
337,10.877862242912,11.1880418534801,11.5936476397183,11.5696990413682,11.2307524115256,10.9579983631613
338,10.55706201796,11.3796252898593,11.3633973096069,10.8910642404781,11.4364202639355,11.6738874899012
339,12.0904169531152,11.5964867538934,10.5439691522469,11.4846940493434,9.36605039406978,11.1183051520476
340,11.3406344713029,10.6389349236961,10.7303031509505,11.4914507426859,11.3751095908374,11.6747403519262
341,11.9104280524228,10.8123078980518,11.3956868912468,11.3062353165556,10.8063903904847,10.9740235610065
342,10.6151378944075,12.3037367176796,10.3385443539935,10.6027309293609,11.328577260912,11.3516581223162
343,10.9043060603107,10.854826749969,10.9047388852655,11.2974493676857,11.3318350221008,11.925703214357
344,12.3251770024607,11.137888406598,10.0617572454993,11.1551613566616,9.95604333381254,11.5191414243611
345,11.3804223830324,10.3672228677843,9.91135586372334,12.1872318821514,11.3329193097329,11.267097646498
346,11.1327045140502,9.64427373177649,11.1793984021219,11.2941407926013,11.726925414882,11.7225384815004
347,11.11394461892,12.3617493335486,11.4869838186436,10.126435666163,11.2469490791123,9.49332438006408
348,11.3151295631418,10.9965230886117,10.5504607212507,11.0047289868123,11.8704855001074,11.4244537824653
349,10.2450652858573,10.4655544619027,10.2097122517669,11.0898775296021,11.8257427563583,12.2880977119419
350,10.7621440443817,11.9446344759149,10.0329055140652,11.7865226036459,10.5311311487115,11.4791800169981
351,10.0949790049872,7.66794316501464,8.84491072091732,7.00168517766975,11.6463570834817,13.220170478281
352,11.4368620485581,10.7589341411639,11.1990089755808,10.9405759030662,11.0664212916046,11.8201981022076
353,10.3694425647361,10.4936966494487,9.53847743803068,12.3883485585129,10.7523042391632,11.9530271381313
354,12.3835139234164,11.4659159009897,7.27037962827338,10.8261123185457,8.22019481939496,12.0065085729227
355,11.9118768410815,11.8606897104403,11.183580554978,10.6604036528334,8.60149613212473,11.3606960440471
356,9.96142363009542,10.8329645586282,11.3581209548007,9.81320275622258,11.5661022626906,12.3371353635118
357,10.6862859181966,11.6820448892861,8.15766746238747,12.0734710676082,10.9672612582953,11.5370740215578
358,10.5514955941355,10.3630204394558,11.3946564941226,10.9483143591661,11.4554620461721,12.0439554640484
359,10.1139870053008,10.7175665614513,10.6102721453259,11.9454035279936,11.3861201968502,11.7807360271062
360,11.6819936307143,10.941221326084,9.93706546498041,10.6327289374297,11.6137186437247,11.7945335603421
361,12.0299921555056,10.8337239687262,10.4409228303122,11.9348196114852,10.4967117046964,10.7446998780628
362,5.45159311455756,12.8848245959951,4.3227677601237,9.77414921308141,10.98599273268,11.9228344605955
363,11.1401406937489,11.0550023302487,11.778002832668,12.0160552213935,9.40987898809299,10.7308246589788
364,10.6820466478461,11.3438232847223,10.4890275354178,10.5463690819716,12.2388407402362,11.2414227681098
365,11.186965212839,11.8168116165559,10.5024821514704,11.331738845617,11.5101660306994,10.577828202326
366,13.1949425074156,8.2680077579437,10.1363985745277,10.53426674448,9.00695375152026,10.6610956923614
367,11.0095507682738,10.4606463809192,9.27730055312565,11.7475425964732,11.0387784662977,12.2199110846286
368,11.1719284293241,11.8445798011388,10.4656664325368,11.4036055150183,11.6212822617445,10.1364292882058
369,11.9900855322586,11.4649359119678,11.3806736177574,11.4359895432087,10.5396092005238,9.12263468737719
370,11.8493610912377,10.0518833157458,11.5891508529391,10.4326063821484,9.96025996775602,12.0213359838135
371,10.9252610372711,9.9222097118383,10.1991270264052,11.5425366597958,12.0931910029644,11.5177161536386
372,10.6760906616868,11.9432277695626,11.1381280930363,11.4071831323477,10.6481319349488,11.0974661471282
373,12.0289911370089,9.42592990318527,9.82678019229941,11.725605061647,10.5320756188287,11.8582340865668
374,10.6433219465728,10.793694766678,9.84952222008398,11.5715221784959,11.2049273134204,12.1808225786137
375,10.915905049207,12.5633710057277,10.6548491165651,9.19551905989845,11.0500311136614,10.9802461502523
376,8.53599442924926,10.188773740051,7.62116840602101,9.9456382077575,11.7811575237285,12.9808405624604
377,9.97118590140995,10.8359998033376,11.371799542117,11.5873771090943,10.3587247477288,12.1097608176336
378,5.05186572477798,12.0588041105224,11.4272695541807,7.95290071136868,7.33293480444103,12.7346111677387
379,10.2936670691179,10.1911462497884,10.412696582864,11.858101501277,11.6454846033454,11.8085889688815
380,11.0541884737665,11.90904865251,11.059039100771,10.4944581379944,11.023413228287,11.3585745625378
381,11.3809455448062,11.1193229104115,11.0777778011005,9.84370161885675,9.54329765865468,12.436020566846
382,11.3793754899808,12.0345694419361,11.8046237917655,8.90569227293216,11.0845598923744,10.1694825724888
383,10.8748938941364,12.5502635712856,11.371799542117,9.78204498123824,10.0618580936685,10.764865193752
384,11.392926198525,11.4600259563462,10.2318069578083,10.7273531236297,11.772792018114,11.1856715216107
385,10.8072172028439,10.6613530285635,10.3577072395259,11.222848058048,11.5907869097734,11.9722321639846
386,10.9445009551682,11.7920192913694,11.3053650391663,8.72408010533536,10.6602771286874,12.0065085729227
387,11.4125048993429,11.2778331655135,11.3951717846788,10.9476125759767,11.1634743026584,10.9885014024938
388,10.9966368084238,11.9551412786535,10.0656472342127,10.3047198791133,11.7351503331861,11.2523190586549
389,11.9564335579549,10.4318454132674,8.96367780508598,10.8238195895265,11.7767816425902,11.5612576436686
390,8.68250537816283,12.2810877587242,4.71896091471165,4.99903108883573,11.2709081470987,12.610403727259
391,11.7934756017153,11.2977839660091,11.5526628686771,9.75662484700714,11.3160205772162,10.6765064615517
392,11.7250727691367,10.3619679166084,10.4498794993936,10.331865881992,10.5610516318555,12.3510739979223
393,11.6593150922192,10.390119897028,9.43199299810175,11.448940684854,11.9595259720232,11.0210579657477
394,11.3145819763029,11.1791061046784,9.41379439823412,12.5256324542061,10.2342569097064,10.4913959354994
395,10.4069159398189,12.0743089808682,9.66011049199996,11.089241355741,11.601623733875,11.1790746952088
396,9.14376217354841,10.747695949395,10.8120745983834,11.7095512186386,12.4891344039505,9.79580575034846
397,11.7369733245906,10.7983706128008,10.3555905582843,11.9080150466037,11.4227361973462,9.86170925488919
398,10.5999380948013,8.90784337429257,11.1057520870484,11.7378337411322,12.0297459666434,11.1012775160221
399,11.2627258062481,11.3879217198296,10.2603726861185,11.2858360045231,11.5679453101511,11.0423611920969
400,11.8149291691591,10.2111565648828,11.5326624528205,10.3036233406512,10.7716258624615,11.6627541567958
401,11.6248353662846,11.6422859957565,11.3405707836198,11.0087715459679,9.61459218007122,11.0930067858066
402,7.02008501743342,12.9254647109199,7.2244707421488,8.3602705599885,9.88684471963272,12.1769150400905
403,11.3819912995379,12.0001450250349,11.3292902955002,10.8261123185457,10.2481182136588,10.6324077886608
404,6.69265485668046,6.47973773543646,12.2402367393019,10.0115933911369,9.24912123935465,12.8261192233449
405,10.0509436643016,11.1832830095648,9.90991402605596,10.1752146991215,12.3528011282221,11.6419718229229
406,11.4130165571439,11.019399204011,11.7100471821644,11.0719577507787,11.4459725718289,9.65594107443371
407,10.256515036349,10.1994194373276,10.6427488285556,11.5564119409943,11.4564573167436,11.9969929802452
408,11.8685138177756,9.82013368903081,9.64632186957593,11.7920061844751,11.2061112654707,11.3149293527177
409,10.2042599203747,8.0444722871328,8.92421388137467,12.7059599694969,10.3044813671516,11.9645808053713
410,10.9939032866992,11.4236678881311,11.3260510311839,10.7991343639189,10.871265495682,11.482593326813
411,11.595834692503,10.5539265645187,11.3602338130307,11.6815474740666,10.3661586209432,10.9912426886623
412,10.3924584124601,10.930612017096,11.8889962266357,10.3112816623865,10.5985020456198,11.9491552621023
413,9.826572150205,9.66319853764567,11.7363138732538,11.2182003441548,11.0755190997912,12.0343522594856
414,10.63982890698,10.9992333007858,11.6684497675735,11.3062353165556,11.772792018114,9.82989988366347
415,11.0646469915174,10.9149091849065,11.1752040900153,11.4208999990128,10.5619767200941,11.632784554997
416,11.2018468805372,11.7580191790025,11.1901281116935,10.9242601003857,10.5405481378713,11.1139098418103
417,8.66885002995428,10.9334488038954,8.43560277591073,11.1618327229431,12.3597331449526,11.798451596267
418,10.9295588048475,11.3941128809131,11.5138051408163,11.6662731236571,10.5812677786249,10.4913959354994
419,11.2717811006687,10.5758798568547,10.9890803046217,11.4764467207229,11.3187596034393,11.2070526185691
420,11.0129300520408,11.9827909775842,10.7981145815633,11.5896279416331,9.78434276838108,10.9037427345822
421,11.4863225016571,12.2555295423627,11.1151661224659,9.54648545541807,11.3225855244777,8.87490363002875
422,10.6142482082499,11.4251802497329,10.8136174050797,11.8229472717589,10.4889501137166,11.3138348108586
423,11.0904663023186,10.2239580451265,9.62010738786172,11.1132208881903,12.5789246794204,10.2968229026115
424,9.60262502821228,7.71499992136036,11.0886504464278,12.1431659353968,12.0565759784558,10.8028098070073
425,12.2106552302034,8.64930522643303,12.8441631979178,7.63405052206476,9.6411012104431,7.69587017245151
426,11.1195982469722,12.0759145298656,9.29508583816916,11.5285266306992,10.7652140329713,10.8313924175732
427,11.2124674157912,10.3203087321569,10.7005934384929,11.5619249016314,10.0031249113319,12.0791671285667
428,11.7176365354201,11.0438884160527,11.5832839966582,5.77508374117995,11.9588237817505,10.1239925269347
429,9.60441851432967,10.7233151896799,11.4811709374193,11.7595874983078,11.9672275916088,9.74635344442945
430,11.186965212839,11.3223406233436,10.4086187935437,11.4414830682203,9.53011957316109,11.9224754649436
431,9.54028010639209,9.99734260102956,11.8189049814888,10.8473372163839,11.140745321236,12.0276919173851
432,10.0041636373856,10.5576087263024,11.0518671563549,12.3722269751524,11.7289860447526,8.1635228350041
433,11.1947228358982,11.0718361737498,11.2043113698187,11.7798358262397,10.5821799968963,10.739817966585
434,11.7337002057595,10.8123078980518,11.6508650513185,10.5638764519431,5.80929157946183,11.8217389522637
435,11.2941737436832,11.4829588184035,11.9122232795529,10.5838862019136,9.28543044004354,11.1113922103687
436,10.2125138640893,12.6363484468759,10.8365636676981,9.14986290264627,11.8187939437975,4.08423288932377
437,11.6489271124473,11.1434117828607,11.2454717812129,8.84061884422373,10.402763963149,11.9224754649436
438,10.1876089739957,11.3347322123249,11.1589108240402,11.1056913773482,11.1251826408541,11.5981388280945
439,9.67950153237529,10.4821181191842,10.2490141888465,11.9910718424914,11.7559140593666,11.3274572562222
440,10.8882036268613,9.71027914287304,10.214391977012,11.9255836530809,11.5325183192942,11.4435948260017
441,10.168340940076,12.1718224901658,10.2939211906604,11.3673327343986,10.3597890780439,11.3214792218047
442,12.4262125312475,11.1501339830757,11.2528826298337,9.85122661635922,10.2155655032306,10.2495191777134
443,11.0323753153732,11.3464862630314,11.5246781932198,10.5182858414304,10.8464239729882,11.3350300110888
444,9.5936239866663,10.2706961004027,10.955234346326,11.7463325567615,11.4884354052258,11.6593111583561
445,11.9391309451751,11.4292054800509,11.5586553220212,9.32224000716159,11.0341193899275,10.0692577365565
446,11.5261247756713,10.8800433570066,10.8304802639479,11.3111539994554,11.5619467768151,10.3296860471644
447,12.5595118891331,11.4362227209169,8.07761440799732,9.06695729862934,11.4786712750041,9.97407221454103
448,11.1634388621384,11.0556534311222,10.4379248727649,10.0772330574065,11.2225853723772,12.0220063496404
449,11.4508827604536,11.0267233042061,10.5393143664148,11.5439302086266,11.2423399853615,10.6765064615517
450,10.9079407725571,10.3289528484262,11.4591616193125,11.8784955498849,10.9218643578289,10.7143281506
451,10.9409573128122,10.6249639767314,10.3470926359795,10.9005233711859,11.4639000399532,11.8967556938437
452,10.7321137338714,11.3925675797593,9.60057597749538,11.3594399036383,11.4703194860172,11.4295155731937
453,11.2649949641096,9.89335853985759,10.7465479324537,10.3563968983894,11.8912433938013,11.6200004153156
454,9.82041306706519,10.5004081209202,12.0089889290845,10.1498114966054,12.4569237304425,7.06164856593993
455,12.5638957909441,9.32581923421287,9.64805267445896,5.69332217308941,10.9015449741299,11.9342754065011
456,10.3799498599334,10.8428058439054,10.8486540505694,11.5101077888261,11.1100828423772,11.6471955407157
457,10.0627315359929,11.1099497900759,10.5924079204415,11.7631814458819,11.0903420536771,11.4782033004553
458,10.5882056848098,12.2292218155005,10.9965704595861,9.84068059208876,11.1364046668861,10.7688646500124
459,9.93030483936982,10.3267966707962,10.4617358671733,11.5819607397019,12.0493380316397,11.1868677103553
460,10.8711748483677,11.1452482188428,10.8628809983204,11.5257082239165,10.0735826073544,11.6713258745131
461,10.8326826404258,10.6108563981533,10.5439691522469,10.6808167464181,11.9062539614525,11.5172407503152
462,11.5317895271682,10.6232080560445,10.4177776622791,10.0849127961984,12.4591598326717,9.39736114964826
463,11.0936614653167,11.4312138913755,11.2090083034967,11.149679925016,11.4668664111129,9.73494816054862
464,11.519012412601,10.919924105642,12.1989252279434,10.0276214835438,10.2956099535518,10.4401500912797
465,10.6142482082499,10.208816767367,10.5606031007256,11.3662828486124,11.5522038396954,11.7155103841901
466,12.4006421195214,10.0828780870265,10.9454164061554,11.3472530661466,10.3426648308068,9.79580575034846
467,10.1377097037909,10.6493250492207,10.5797700145541,12.2695563992999,11.078754462276,10.8654087068329
468,11.0756767115726,10.9503533676868,10.4715422719594,8.74039035497397,10.8380474864994,12.4070601058437
469,8.53599442924926,11.7029761930152,11.1799965953276,10.6045128923062,12.2708756282504,9.46401613580894
470,12.7626559268686,10.902657015287,9.79744906589925,10.2647097007259,10.0394483475186,10.2334001453755
471,12.1749002668264,11.5825489372044,11.6650353928541,9.99402624228144,9.68592653618437,8.76700252030058
472,11.4383708020106,11.019399204011,10.3661430406628,11.7990260139646,10.5159349171237,10.9781749347122
473,11.757666681119,10.2762936363427,10.7270321268147,10.8932526283413,11.6498417370653,10.7406327666694
474,11.0568102200134,11.1421861921675,10.7570097822516,11.5977019849118,10.2342569097064,11.4375776775938
475,10.4682712842408,11.994723056839,12.2350650765008,10.6875574210629,9.51872742013655,8.85094320137967
476,9.60082930881336,8.34255501650295,12.4414846106544,11.4832420601838,11.2838619066833,10.1450716546149
477,10.8079955241282,10.4675130279581,11.6448110853338,11.5842200321174,10.5053938652524,11.1050788418913
478,11.4323262977036,10.0161990563547,11.9240551814467,10.6000538508003,9.7827563401575,11.5547864454819
479,11.2346350260181,11.4491648695156,10.1289819523014,11.2668329206996,11.1351620772879,11.0230685606057
480,10.6554814042592,9.53269643179126,12.5203623020476,11.8275317270289,5.00483969936878,10.2077005933354
481,10.5032931333909,10.9475496608151,9.69233958644918,11.5950156548679,11.7351503331861,11.1934290777564
482,11.8636558441324,11.7935813566218,10.2950261466356,11.2234279708717,10.4840778262064,9.49138892123069
483,10.9952706950123,10.9426300237247,9.80056479425381,11.2470058894504,12.189713099521,10.0679597905867
484,10.8425923390038,10.1970605074896,10.9677600190631,11.5860249220007,11.5545295618008,10.9282675484712
485,11.5998851109827,11.6422859957565,11.2362981635379,9.51081673001183,9.45241456289788,11.4980950002562
486,9.23921376952246,10.306150615666,10.4157473777269,10.7508749379372,11.8923470395616,12.0652504662313
487,11.1289720006114,9.74622210926309,11.5586553220212,10.6595468064799,11.7036430050431,10.943917223277
488,11.6345203965393,10.6302189508964,10.6102721453259,11.6308657451226,11.113872634862,10.3479814490678
489,10.9202307387022,11.4033500878404,7.57079741935073,9.48395818012654,12.4964107758248,10.733282944781
490,11.2507538145031,10.2951644026163,11.112661713672,10.0500273199611,10.3851002138967,12.2022747610352
491,12.1721825798709,11.4312138913755,10.6634304565069,9.23517866296836,10.8727573820784,10.5869183961834
492,10.7805012757763,11.2638143042375,11.5018929106542,10.8344879531514,10.8585217788249,11.101911766335
493,8.01612360888359,12.1552112929361,9.40563181432244,10.265836211712,12.3239173460208,10.1622025767163
494,10.825781983376,12.4738945645314,11.7415913524093,9.11026129418709,10.3458911503451,7.4620713487816
495,10.5644506604474,12.0867851319354,10.9248641751164,10.126435666163,10.2629858206216,11.457042344932
496,11.5776939587664,10.4908107180006,12.1642772170943,10.4963789054835,8.99877497013973,10.8986413350207
497,11.3851240230837,10.5446798284775,11.1528292741072,11.2930362458762,11.2178976498483,10.6507296169895
498,10.0561946154074,11.7751193953572,10.1943974319768,11.0060777656207,12.0075094325019,9.99880455990851
499,10.796276380821,10.524125932061,11.3660282679114,10.5258283248618,11.3253121264123,11.5529321876097
500,10.9986835559586,10.390119897028,11.4069729511004,11.1678709452002,11.583972322917,10.5058462766984
501,10.8607102218732,10.5603641926676,10.135165116068,11.3819514694806,11.5862474303707,11.3916308462869
502,8.81237970645805,11.5721202592775,10.4478939290056,10.8623089125208,11.5885189555684,11.5850425438176
503,11.2118794328046,10.8570695607039,10.4208177411857,10.5305224285778,12.3399153882572,9.35966187455264
504,10.4191938120438,11.1850694161655,10.5262004870319,11.7451215012727,11.2788068874173,10.8035898028786
505,11.3200485139031,9.96304471410952,9.38294348355263,11.7707393935813,11.7945996636054,10.6645345633781
506,10.9072145623696,11.1856643937908,8.84792703791405,10.6045128923062,11.7930247207274,11.5873090224972
507,11.8733554877983,11.7211478351889,11.2715255669355,10.9005233711859,10.1990094464026,7.4856846174974
508,11.8954934740321,11.6195681124699,10.9162734068807,9.52594281256228,10.1954368610487,11.0177007346298
509,9.80645820300808,11.4186152015839,10.3016381664982,11.8160431569847,10.7294303137899,11.3738850859398
510,12.2150629313868,7.61220228250213,11.1770031457687,11.3783106499896,10.4485029605706,10.5814711565907
511,11.2790969035474,9.74944566498746,11.0771356746448,11.5545695958832,11.1388866398069,11.0210579657477
512,12.2484152257246,10.1244367676333,8.89826138931286,10.7787618527902,11.3671931018899,10.9684697471972
513,9.96701015903336,11.5675624312012,10.8621356992979,10.9221182828437,11.6234993294096,10.8481228323186
514,11.2564671553886,11.406926422416,10.7270321268147,11.0360966022713,10.7360028146336,11.0834043397063
515,11.0561552300023,11.0113666382954,10.4498794993936,10.7240784263701,11.9400901028196,10.6696775476605
516,10.3352954613682,11.958626610368,11.3009720391176,10.2258752661187,10.2515628265009,11.3436361913
517,7.76935102806014,11.4776241363772,9.89832713935247,11.5559515752418,9.61637468973356,12.2850291634927
518,10.821163138205,11.0059866386216,10.7105648166287,11.3290470357491,11.150618046017,11.2437235733432
519,11.6016816531449,11.1773122938192,9.6549551958443,11.5522633509735,11.1695562930076,10.3188146434198
520,10.0679398254272,10.0764755383234,11.298219605428,11.3084234685091,10.2527092052395,12.0964558365873
521,11.4984271266169,10.9475496608151,11.545253206594,11.2492856763101,9.67056724167696,10.7258954840504
522,11.6025790859587,10.6622083445171,10.795774721373,11.1404976669597,10.8303900600573,11.1082389797926
523,10.8666993004294,11.0353313901455,10.6375317576695,9.84370161885675,10.7740229701945,12.154773929271
524,11.5505129801071,11.703391736989,9.66866190935687,11.1515093840273,10.8637828325722,10.5286698906733
525,10.4333871520756,10.766908154903,10.3650912595012,11.472061325033,11.634094082313,11.1718435855133
526,11.1463083632718,11.1761151795554,10.7039248953819,10.9863959596739,11.2692099186191,10.980935895128
527,10.8592090590985,11.6706144279971,11.7395638368007,10.0008081822801,10.7136995518306,10.5455537012526
528,9.56074695945747,12.0335783164769,10.8082103474398,11.560548635266,10.0903515165272,10.8616684878758
529,10.7828785669002,11.2767166562119,10.7497750516651,10.4682742991866,11.6437380585206,11.0730907869148
530,9.75086817842107,11.1791061046784,10.4558198645706,11.6356662863975,11.1948242960458,11.3489890985369
531,10.1114670313958,9.4578129270982,8.5695854970678,12.8630715123143,10.4703472150768,10.681607015506
532,10.4212300023296,11.7334076476454,9.992608402557,11.531807827897,10.8607788659566,11.028416487402
533,11.2276714577133,10.9746561167771,10.9298519324229,11.2752475065069,10.3533912845117,11.3225679813098
534,3.49023065076089,8.99192892758826,9.99124558187954,6.85237859160897,10.3544595559257,13.2516626691019
535,11.3357853310471,10.805356086988,10.4880616722572,10.9754209770905,11.4757291025881,10.9871288035278
536,11.5152047660006,11.2057489997448,10.9698370983009,11.2176183256784,10.9679593712643,9.98236354069011
537,10.6328173504647,10.1044365932884,11.8853329798846,10.8053453840333,11.3751095908374,10.7847525062427
538,9.12888327140514,12.139328286239,10.2637628671024,10.5407960017013,11.3367079115486,11.165183075983
539,11.5708319390888,10.1911462497884,10.176522038785,11.0648564828373,11.9268661699329,10.331850530322
540,10.9430845426178,12.6374361470252,10.3212942980668,9.48589332703439,10.0657768637585,10.2834651008093
541,10.5745486437944,11.7071262563677,10.6719610503332,11.6092852904639,10.4222531685986,10.6984797790397
542,9.5772791643312,11.5793829646769,11.5887004023879,7.88399715747824,10.9976630530579,11.7636021082654
543,11.4682191758487,10.0879797419634,10.436924167393,11.6391475830539,10.7883225661074,11.2281214504873
544,11.611968578209,11.3480816937162,11.4105455328848,10.6222124902797,10.4232716584214,10.2722383223155
545,11.519012412601,11.2795063109338,10.5651898044949,10.4445939482749,10.9714448775636,11.1754636710623
546,11.0795495071353,10.6152798552046,10.8120745983834,10.4164664050269,11.6274814853071,11.3344904163297
547,10.2690056707361,9.48900621123535,9.83440078263536,12.0872360373698,12.3533355444151,7.4380618907418
548,10.7271845006211,12.2701896329109,10.7270321268147,9.35860428895613,10.884637253469,10.7438873725954
549,11.1145738950777,10.5831239997586,10.9663736362618,9.5957013743521,11.4937776407242,11.6419718229229
550,11.3134861786826,11.2671912759277,10.8243710977117,10.2804013539302,11.7783744082239,9.99334501686326
551,11.0891862529895,9.29305348786628,11.5204332746556,10.8314478913426,11.2635346754545,11.3269148210231
552,10.2992136143645,10.9538503559187,11.2443282641033,11.0367566438221,10.9447413738265,11.468891363048
553,10.1971473237356,11.1519618871246,10.7721649800642,11.2735685112046,10.9247439036009,11.5162894734252
554,10.8889394681383,10.1612056526356,10.6261629577378,11.8404424572479,10.6208694805163,11.3885150612262
555,10.9252610372711,10.8902998942457,10.3973450677498,11.1349601270308,11.12204985648,11.4864843890268
556,11.2507538145031,10.8866452106799,10.9326943558435,10.9299561159988,11.4217173805229,10.5860119501609
557,11.525178484096,10.6647712537938,11.4918100584555,9.65365887314977,11.4835616007826,10.4401500912797
558,11.4627930036081,11.9411151348648,9.93848042715192,10.6621158202071,10.9376312002014,10.1887181555095
559,10.3352954613682,11.1910081788803,10.8395957763681,12.2923978324424,10.4624420702989,9.14743238699516
560,11.13332566181,11.0160577353876,11.3791115656592,10.6816610552683,11.2096573028154,10.5258366094129
561,11.4902070429535,10.7265898639395,10.9076311733911,11.4813037985669,10.2084933062075,10.9117229486947
562,11.5495825563421,11.999806748359,10.1523382822137,9.25800816592547,11.3960102757235,9.85118389019245
563,10.7923487475311,9.64254091622571,12.1472480051748,9.79146319496899,12.0992572705314,6.28258802680719
564,12.154238710121,11.7556169059437,8.00371402456667,9.43471571842761,10.8883297392348,10.6156279631243
565,10.7741426129271,11.5915564758541,10.2939211906604,11.0027034511759,11.2190710092919,10.8795337513807
566,10.0601203217623,11.5102905736195,11.4028791377422,10.5002127847367,11.2190710092919,10.8780534007802
567,10.1240231045938,9.70862389304106,10.9829229372262,11.9886859964617,10.1894628181252,11.6402263719572
568,11.2649949641096,9.11202585783449,11.2316893861162,10.7034414077629,7.00086916501957,12.3422439530956
569,10.8296197562632,11.4605177045722,10.9112383980081,10.5454417291885,11.415589323633,10.6550578712272
570,11.159175269965,11.1832830095648,10.964985919826,10.5775495196855,10.9901224581801,11.1170507149996
571,10.8349755434333,10.9608190037006,9.78334438664042,10.5611262173176,11.6795525549877,11.5024250011528
572,10.0243982810748,11.0948249618856,11.785097500606,11.2024028344381,11.5456718003579,7.89096948653513
573,10.4404317931993,11.4491648695156,10.7179983773474,9.58310209155525,11.6977632152746,11.2222997951259
574,11.5099527883745,11.2255578186038,11.1601240635725,10.7042725818387,10.6056974286672,10.5557751395747
575,10.2947780856796,9.26629396620246,11.6154815308524,11.6404509065249,10.0826362374761,11.5667813749538
576,10.5598371956851,11.3180054342038,12.0660863556974,10.4103670497922,10.2956099535518,10.3859752094391
577,9.23458834361398,11.9748958171456,11.3037192313898,10.8138421064692,9.99903192341493,11.1730512903262
578,10.0757171660412,10.3094302291797,11.3827537263857,11.2458646435695,10.5159349171237,11.7208878891477
579,8.7027487201989,10.818459286418,8.84792703791405,11.7743057009829,11.5268441921692,11.6151214690468
580,10.8918790855855,11.1592504301953,10.2828248267333,11.2117851897235,11.1126104765838,11.1283015720465
581,11.0196649641818,10.719211365569,10.091315794441,11.7912240907401,10.5111530766178,11.2135230243643
582,10.8904100256302,11.6887760051143,10.3859825383751,10.381557340479,10.4017308850366,11.5524682505123
583,11.184569834954,11.5593218766997,11.0472845572213,10.9490158011246,9.80167926810502,10.8773126554285
584,10.2323646911261,10.9033806188904,11.0080701974519,11.7418870409532,11.0294452177859,10.5695977617998
585,11.0176477899287,10.3870188941691,10.9781156377762,11.6542802493416,10.4584731928978,11.0711487601608
586,9.02823624897118,11.5929027689994,11.0577377601244,11.7463325567615,11.2492481155966,9.15478927174614
587,11.1555107062932,12.0212981187133,12.0465386936957,8.56466928289708,8.94018587104066,9.28787737051484
588,10.918069515299,10.8488288179908,11.1338118758713,11.1502900025029,9.60564643211388,11.5967895400262
589,11.3486803257936,11.6089610456882,11.0472845572213,10.3090977162312,10.81184467682,10.2957144649305
590,10.7304725268665,10.3224746223636,10.2805952737852,11.7329547009853,10.999029845664,11.2834047981377
591,11.2409889027809,11.6530820120921,11.4079945918454,9.92581911590872,10.9347772893123,9.76569793513777
592,10.6930429442624,10.5612815130583,11.183580554978,11.1275435196906,10.0003975436579,11.7315831363804
593,10.7836701274824,10.3159671709238,9.85402790778811,11.6426204991747,10.1283207626317,11.9138326600181
594,10.7172752151755,10.1935148636234,11.0892874690478,10.3648325685996,11.8315079751395,11.0692041155573
595,11.3363249300187,11.4317155576275,10.3492218145516,11.2549694311317,10.9846135261962,9.96851806535351
596,8.88503261607018,10.9746561167771,11.513330535374,10.6301070044175,10.9051944896515,11.6450212898127
597,10.7820865717402,11.0679688390464,11.0420294138445,10.9455051756992,10.5339627059599,11.3654580015171
598,10.4273213844432,10.6884746909828,10.9856627900388,11.0771004415364,10.7145317772114,11.6502339973734
599,11.5137743036014,11.3277413539463,10.6453503055802,10.9120808721101,10.5536294909069,10.6191768146724
600,10.2981060102029,10.6284694189818,11.9229835548794,10.6492247546898,10.6559512882973,11.0692041155573
601,10.6088985374794,9.78286499179414,9.76910040296101,10.5583707292745,12.2440374202493,11.2494595835049
602,10.4494389291982,12.349057737613,11.2230080417023,8.98173675335612,10.6217570041709,9.92759782915439
603,11.0891862529895,10.1331003888229,11.1984186158377,10.3825962280822,11.0500311136614,11.5290790863599
604,10.2393061474253,11.3185480458186,11.1362798667343,10.6483612405223,11.1024732584154,11.1226871115282
605,11.3422472360534,9.3301322753688,10.052639597671,11.8332418850728,9.65677583935735,11.6836650941149
606,10.6683966531132,10.6968466922645,10.4157473777269,10.7460397225852,10.1208064519131,12.1541625151884
607,11.0581193085554,10.7396147272939,11.5175963739072,10.385708409156,11.1438378118751,10.702667313264
608,10.4434404252283,10.8711936235608,11.6308773011282,10.9041450467983,10.911014578355,10.7712590122016
609,9.70479994577815,10.6951761744922,11.1226533679243,12.2540307594916,10.1320632889052,10.3056598735819
610,10.4761277277864,10.1732565713337,11.110780549773,10.9809189052206,11.3650746807243,11.3252862906115
611,9.72637190746177,10.60375053165,9.60770895263969,11.6176915831205,11.3426413993168,11.5877618912573
612,10.7669554541308,11.1850694161655,10.0874945103874,11.0294795239102,11.6782734242499,10.5068045053466
613,8.66197350453303,10.9842637273006,10.3598208193277,11.2018144062423,11.4303544754018,11.6030754488626
614,11.3222293421398,11.7552161379063,11.6735562256669,9.09258750436309,10.0261016463041,10.0821733594765
615,11.4272697924319,11.4815058604009,11.2037231764057,11.392303465197,9.40369873757786,9.22403466888142
616,11.6150848776181,10.8510809659089,8.16736788432309,10.7676716935897,10.4693614378605,11.77954721829
617,11.2644280091706,11.6005081227858,10.7713712950192,11.0905134230435,10.8464239729882,9.2028984747421
618,5.51807356835317,8.75257271984592,6.96971158842134,8.25969679613662,10.722827730802,13.1899156435306
619,11.2450177567654,11.8225612015168,11.5687400339338,9.83613715373323,9.25371021298314,10.3372475712475
620,10.7097983235928,11.2116034108904,10.9277164334414,11.1864304170389,11.2737340929816,10.1051339820276
621,10.998001629384,11.4693406296197,11.1195384033997,11.0148142232099,10.1798525848204,10.6085039602441
622,9.55519383673024,11.0846529223632,10.2839383122386,10.7740193633681,11.9807802275973,10.9203785828501
623,10.7923487475311,11.0300401879211,10.9870307675504,11.3095163011461,10.6825647423523,10.8237230640351
624,11.689615384402,9.71523352398508,11.1095250763343,11.4051398661,9.22828815791679,11.1145385637509
625,11.0277055732082,10.5548479864916,11.4927733719559,10.2200751025755,10.6261864501809,11.3649296706918
626,10.8418324666366,9.79383486666706,10.5513857081212,11.3845464407578,11.5665632453431,10.9346902214626
627,10.5718016512192,11.3801452168782,11.6123825620663,10.5546885384586,10.4947752186128,10.6472576389096
628,10.3609812718778,9.29526118990411,11.0440023366586,11.2018144062423,10.2743190647214,12.0439554640484
629,11.2980569687461,10.577694305931,11.4971003402698,9.48589332703439,10.2458172266799,11.5468893368104
630,11.7828259421828,9.95049506003442,11.7862765605979,10.991171383565,9.14675107073679,10.2322418638647
631,9.91304364103144,10.8859131615935,10.2738858632671,11.745525299405,11.0341193899275,11.1113922103687
632,10.2610696094327,10.3235563491451,10.6913920619464,11.4025817069431,11.266375087795,11.2895423669815
633,12.3483676482178,11.2057489997448,10.835804643693,10.5239463980083,9.61459218007122,7.35498839312037
634,11.5075591905338,10.891759179138,9.84500241234623,10.1114743785264,11.5748358433983,10.9044700355321
635,11.349215123961,10.8283996836503,11.6478412439259,11.1460140321822,9.48595215045141,10.1755212936466
636,11.199476105757,10.8138482059942,10.6871901370154,10.8837455449883,10.871265495682,11.1145385637509
637,11.0587734076252,10.8778360080921,10.5679348427514,10.637088263417,11.0341193899275,11.3138348108586
638,10.1959584736917,10.7388041096067,11.4393118496293,11.6954083016958,9.34254958836487,11.0502694901344
639,9.31127091909837,11.3352685700899,11.8620381367476,11.2240076506741,9.88979526148489,10.5077620978923
640,10.8992020286368,12.7931234344857,6.60223887997844,6.71244672128913,11.0314502891531,8.73135120274147
641,11.3384813098747,10.9419258468533,11.4262614773669,11.1648549932501,10.7684235100541,8.58648365725928
642,10.4946170608678,11.2671912759277,10.9212909034772,10.7199745733628,11.1942277917508,10.8594196929261
643,10.45242885301,12.3075683250345,10.964985919826,10.6518122001147,10.371445172344,8.28035154662049
644,9.83117426298919,8.53432283515907,11.6229799992216,11.4691303043456,10.8326915588993,11.3628144103866
645,11.7324708691295,10.7549305441294,11.173402787913,10.8615640065588,9.61637468973356,10.6773578072485
646,10.5496353360237,10.4576934965048,8.92991817886112,11.4627592567097,10.8365192494855,11.8476847030988
647,11.7756822418393,10.3859837433575,11.3480424018829,10.8360055849756,10.2272759850499,10.2823463468605
648,10.7181035937823,11.1874478557758,10.5290206575385,10.7452322753594,10.6411456368156,11.5072209198366
649,10.7613405802707,12.1959431826583,10.1753224325296,10.3521604913856,10.7211723523824,10.1401395019491
650,4.6552705660359,11.7990353039887,3.49023065076089,12.5719037444022,9.50724455028642,10.2923840321426
651,11.3200485139031,11.057604972414,10.7055877431367,11.1006497816619,10.9333482138507,10.234557497533
652,10.6735305490849,9.58776407980288,8.3990356886984,11.2919308528133,12.5230186871486,9.22868981405791
653,10.3862176946287,10.3545786743565,10.4167628772001,11.1822603899717,11.3661342801514,11.4168276393634
654,11.0027683599037,11.5924541441994,10.4597665609216,9.86615984146375,11.1283086368421,10.9460381763548
655,11.0000464428209,11.6828879982731,10.7055877431367,11.3641807820875,10.493805999847,9.20053076554
656,11.3395582922917,10.5344394877626,10.7521906622509,10.0021607520041,9.4800901483823,12.0149519241883
657,11.7907221186947,9.30405834736044,11.287157053975,10.4770551599189,10.5748660474145,11.0048715235852
658,10.8696845413124,9.60744004574757,10.1413218875711,11.2187821279148,11.6722891057055,11.1363729661381
659,11.1707186884675,10.7290410005361,10.7294860900019,10.2013562770026,11.8238158855748,10.1982406003813
660,11.6283647228744,8.64584756377596,11.5737560765061,11.0700245054584,10.9168112805051,9.91465871561208
661,10.0095873590302,11.5017153034799,9.74504327600326,11.1050621405914,10.9211435723931,11.4081356603985
662,10.4712224671736,10.4879190013265,10.5679348427514,11.3456558617769,10.177439988578,11.7775636907316
663,11.7386071034393,9.70530768303218,10.4389248844015,11.5332117739444,6.7487317015519,11.5139085332845
664,10.4633391891014,11.0916538974633,11.3691790974483,10.749264999558,11.0703273798654,10.5603974126946
665,11.0743834658758,10.7076581577861,11.478741973804,10.7596976252805,10.6101763853833,10.675654613125
666,11.3646386540887,9.17092596479544,9.9026831375143,9.87060982414171,11.5475411171926,11.7878483811163
667,9.75248656369056,11.5739393662227,10.3963158010571,10.2511224969304,10.9887471961613,11.5976892056085
668,12.3926223773636,11.4722696543391,5.60695963090725,10.5286466196926,10.5168893859984,8.64688616477507
669,11.4063508092722,11.0247295071932,9.91854351040165,10.5454417291885,11.5633332691588,10.3723703943795
670,9.90142033077329,11.3754591141808,11.6761026925912,10.2293442021638,10.0044866636399,11.248887007706
671,10.4593813352992,11.1495241666792,10.5734092979946,10.7395674546316,10.6437694652181,11.5654024236435
672,11.6288052859667,11.0941913063891,8.90696425306774,11.2724480944196,10.0407762501082,11.0885335971439
673,10.430357456597,10.8405407296779,10.5724983303246,11.8442178458124,10.0072063173394,11.0136617169528
674,8.406184879553,9.89626976673383,9.25248193092606,10.5711848792749,12.4496948446043,11.2934345409132
675,9.2507128237701,9.75105474493247,11.9848857592838,9.83461948807396,11.1604236649435,11.4410907301006
676,11.6593150922192,10.1816327067107,11.8238893227172,10.3188995393879,9.69944325612194,10.420962022243
677,10.6709658849652,9.80781748689162,11.5023712931895,11.0334534120141,10.6385170272881,11.2099973102071
678,10.9028496073209,11.2485193379688,10.1801148831524,10.5407960017013,10.8720116317384,11.354322217266
679,11.2496084260767,10.6664773338151,10.6855059339935,10.1740151139971,10.8102884124664,11.4669232727281
680,10.1876089739957,9.49861733294301,12.3186570932543,10.7158590122896,9.4702668753098,11.021728475438
681,10.2078031097761,10.0014040745326,11.9400347854364,11.2572366777745,10.7277824989861,10.2159274973685
682,11.6057157117467,10.4965768187755,10.048714321558,10.123952870189,11.4554620461721,10.9268363962312
683,11.3887702899825,12.0162897278029,8.85992956117552,10.0142771392685,11.2423399853615,9.50104034163812
684,11.0891862529895,11.0556534311222,11.3086510326366,10.6107324847204,11.2922477749976,9.11007401400767
685,11.0904663023186,10.905549254496,10.9461199078173,11.3626022197156,10.9728367255039,9.54275555442585
686,10.5477726758666,12.0414883199429,10.1979460808686,10.6283563978045,10.884637253469,10.0962482304773
687,11.1899538528601,9.97410902524202,10.4228409068462,11.3397842700435,11.8805310631768,8.56085648182466
688,11.4423864474203,10.1720560000378,10.6453503055802,10.806119884654,11.4206978436888,10.435125293469
689,10.8681926930634,11.4950102294194,9.87782336608277,10.7092495943425,10.7070244078872,11.2287023259939
690,9.33306970887603,9.68524867384373,10.2283407415085,11.857728018777,11.8908753241811,10.307860683121
691,11.6679149668179,10.9917679308956,9.74342510899583,11.3231073147954,10.8079508634533,9.87215836420186
692,9.76055136032794,10.3556366006907,9.90702601938022,11.7153347123321,11.7675889568382,10.5048874111017
693,9.47707666919585,11.1489140923962,11.8594264485196,10.7572967841673,9.87795670406698,10.9912426886623
694,10.5393608127245,9.58776407980288,10.5129662960492,11.9593957047586,10.5424241811017,11.1176780698737
695,11.0750302336418,10.8585628330194,10.3807880155193,11.6585748725957,10.4928361294322,10.4250228811081
696,9.88085138014044,9.13932079339057,9.66524742484445,11.2170360722964,12.0647570795405,11.2483142045636
697,10.7524728131933,10.6926667650459,11.2166083547104,11.1828568466191,10.9225847833085,10.4046032926723
698,10.185214498515,9.54758796866684,11.2171913189892,12.1587122656211,11.19839815153,7.30272334432679
699,11.8091097642724,11.1939684174503,10.7457400233787,10.7476532624487,9.95181433640226,9.99607737155582
700,11.7159788207529,11.0386285634345,10.8320035216191,10.5820785598313,10.3913592062282,10.2426330654887
701,11.4017179521441,9.38919810248778,11.2154417189523,11.2819440148817,11.5039218448523,7.86723598631271
702,10.5356064036776,10.7363695199135,8.58774743249677,10.9795463863032,12.2606560697598,9.79423670101159
703,6.12891430381513,9.6953130531408,11.6435104950727,7.93598217998994,11.7607565156764,11.795318019247
704,11.4458909913229,10.8704536893413,10.4607515501077,10.9077576528612,10.7539242956721,10.6765064615517
705,9.41302369095175,9.78600776518654,10.834285396538,10.2703334785265,12.1450396970227,11.1113922103687
706,11.0730890597979,9.40359408841251,11.2037231764057,11.3187721054103,11.0794006649683,10.4748419572112
707,11.346539148379,10.6293444501693,10.6812868036363,9.82547980303476,11.9200281036036,9.51253741873338
708,10.9173483873808,11.4110028352705,11.021482973419,9.14251999643944,9.99766500897157,11.5506110087264
709,7.94417021001051,11.299983785778,11.2224274236892,9.70273669070649,11.1774247398001,11.5566383231178
710,10.7476127743911,10.4994512489475,11.2437561654613,10.5173402520273,11.2526898151989,10.8344487787586
711,8.35165148995037,9.56232729584313,8.5212637595198,12.8369726182594,8.78711730249881,11.0264133374217
712,10.9064879864202,10.1648315115419,11.3581209548007,8.35604087325188,11.4574519011601,11.2806063387023
713,10.7986278381164,11.2767166562119,11.1829838463429,10.5230045130914,10.96376561692,10.2688531788393
714,10.3934959121876,10.5353734375708,9.68054934067496,12.3017636235733,9.35327928034081,10.9066497409051
715,11.4746057226118,11.8225612015168,10.2839383122386,5.82691562641513,11.7639758132736,5.14249772010095
716,10.6266541572191,10.3192245662897,11.7187187658247,10.7834888022943,10.415103533303,10.9059235383247
717,10.7805012757763,10.0135203230468,10.4528527398399,11.2240076506741,11.6859312517285,10.4580958016847
718,11.011579288294,5.4113159110333,10.5968947595258,12.2650570565414,11.1840492989845,8.48111946726656
719,11.3151295631418,10.2874239620927,10.1127805711827,11.0949568460946,11.023413228287,11.0297503771168
720,10.5772904152757,10.9635970644703,11.320636041698,10.962278802761,10.5130677154049,10.718469996957
721,10.136470820097,11.4954901981367,11.314655983112,11.2452936818919,9.38917429578289,10.599549195307
722,11.1320830987285,10.7468898613237,9.3953631718035,11.0485860409899,11.0832718142658,11.1718435855133
723,11.2323175693626,10.3159671709238,10.652264728565,9.96796006311579,10.9131910721687,11.5533959755596
724,11.7151492485629,9.48900621123535,9.76750901910675,11.3504421796737,9.76518947558153,11.4420928901036
725,11.1170882583715,11.2598644869096,9.83440078263536,10.33616222404,11.086489855676,11.0756760958721
726,10.3631012526422,11.3336588981882,11.0367550570472,10.1400151751765,11.387164456425,10.4471555318252
727,10.2690056707361,10.3428899861174,10.3288665930589,9.99945434298577,11.8338076271371,11.4076227329698
728,9.99735517839082,11.5830006523543,9.17775357360698,11.0274884673062,11.4459725718289,10.6807581745832
729,10.8149815831436,11.3618353465746,10.7570097822516,10.7612959690795,11.1339184164743,10.0190957463045
730,11.0020883619553,10.9510534438213,10.8799174542633,11.1269237445215,9.7906710881818,11.0646563912021
731,11.4006864047696,9.96996984856127,11.0453161211407,10.3595660586147,11.1918393050554,10.7438873725954
732,10.9137373306801,11.0353313901455,10.8243710977117,10.5126029849566,11.0327854568319,10.7957708006361
733,11.4171032998139,9.85496793388271,11.4307922860945,9.57948198501425,11.8000984631032,8.7573665956908
734,10.6520177194048,10.8630333978915,9.89103777886687,11.3604947793953,10.9839234281666,11.0270813631839
735,9.83423420007167,11.9572334879391,10.0617572454993,11.8125786696556,9.57847132936905,9.67823063596274
736,11.3918883432407,8.44958604011208,11.5764847665287,11.3699541109757,9.3339079714076,10.7768304506824
737,9.69304922382776,9.8504717662627,12.2100968605035,9.15959562230505,11.9780105599362,5.45082077556921
738,10.5468404430809,10.6001844290364,11.2926989335239,10.9511180829299,10.9790834763887,10.6209479718214
739,10.2393061474253,10.4438328769568,10.4558198645706,11.0327918570498,9.63055600080144,12.0456047473899
740,9.57178946130885,11.8498446640004,9.87487031516595,10.8344879531514,10.902275616219,10.9530855832685
741,9.35667375205916,8.11124517192211,11.7637079616014,9.18840562943014,11.440450000051,11.7130216820363
742,11.172532919546,7.10606660586382,10.4754462434235,11.198278787898,11.8945518014323,10.1089254677931
743,9.54961924707135,12.4416300360666,9.95535257665639,11.0492403941788,10.367217482329,8.41317135252611
744,10.741921957028,10.4497894579267,10.4024804137274,10.1835839769746,11.2720391898203,11.5543231043999
745,10.2078031097761,10.0175365597176,11.8123609043087,10.656973209493,11.6243852033457,8.98907121515643
746,10.6494144870675,11.6875163108093,10.3692937905569,6.69901009797832,11.1401260268029,11.2822860657012
747,9.94311650952606,11.689615190659,10.9788033764176,10.5856915816809,10.9362049504969,10.2957144649305
748,9.46528146498746,10.0000515203684,9.87634759641486,11.8818054807479,10.6065943332378,11.5759408529746
749,10.6389543238936,10.3170537869025,11.2253281797501,10.8844790876435,10.7571589607558,11.0840464951187
750,10.8539426534923,10.2995689337919,11.2420385070267,10.0810780379844,11.2102474625474,11.0190445647727
751,11.9613392840489,9.07395246450051,10.4538424596976,10.5856915816809,11.4589424933122,9.61564149696832
752,11.4518790449537,10.8084499174325,11.0642327560189,10.2601948384198,10.9714448775636,10.0679597905867
753,10.305841438484,11.8843389699771,10.3114997131065,8.45822433426271,9.9588557923633,11.714266569763
754,10.7492346072851,9.48514375379112,10.145003375653,11.2395716020176,11.5535997228294,10.9926113808145
755,11.1959126224244,10.4258141165588,11.3037192313898,11.0531602925874,10.1530894506217,10.5455537012526
756,10.4663004693218,8.18938614769551,11.1151661224659,10.957406608878,10.3725001616408,11.8816918767636
757,10.3503343794628,10.9876795688207,10.1486754913308,10.7803392242488,11.6546194337822,10.5914421022118
758,11.226507588034,11.7608167844589,10.3807880155193,8.88236778482258,9.74251765650045,11.2637006157995
759,10.7386599534126,9.93075371226239,11.0816245692028,11.8975156173777,8.97395641480507,10.8198730428722
760,9.92600886779912,9.36837983110265,11.3260510311839,11.1588041077488,11.1912415649796,11.0692041155573
761,11.0449746574426,10.8607998472319,11.0648806501898,11.4148197095503,9.87647002846334,10.1922964432605
762,11.2404124326282,10.5786006753448,11.5368715920852,10.1847756338127,10.1457034004497,10.7664663070932
763,8.1695908337906,11.3863697691332,9.04477129939805,10.1026747538368,10.9880590731913,12.0791671285667
764,11.252470193842,10.4438328769568,10.3703425130369,11.2452936818919,11.1176524975698,10.1573287531222
765,11.6549958538667,10.6825852456557,10.4198050932705,10.4366133165599,10.0381192212796,11.1493167231635
766,10.0561946154074,12.0610756423702,10.952436032103,10.7133840279251,10.3198762533203,9.31439618585213
767,9.65028304101893,11.3390175012705,10.2794792036787,11.8517391116009,11.0552962584576,8.82350274461487
768,11.326037876709,9.6092155290892,10.8835945581887,11.3078767415913,9.53200954603438,11.2281214504873
769,10.9877338588314,11.0039639547362,10.9897628370861,11.5072531319354,10.433417199866,8.92740093761677
770,10.5185895819826,10.5278848531767,11.2095943464208,11.2566702000771,9.48984695445326,11.2419983135228
771,11.4292945218141,9.43996554889226,11.059039100771,7.81779317118057,12.1499697417845,9.15723324692575
772,10.5598371956851,10.2503631856168,10.7777085820305,11.1738839993231,10.9225847833085,11.0840464951187
773,10.8380270893186,10.8873768884739,10.6939073544865,11.0642091763048,10.3426648308068,11.0223986736276
774,12.1493338594917,10.653632278006,10.0315802587752,9.09512563731167,11.1182815129431,9.88695555386063
775,10.55335345639,11.159856149862,10.2085399443305,11.289717522479,10.3756605079049,11.0257450021754
776,9.35027451293666,11.6517907478187,11.333060267362,11.3165996055829,9.98530413241103,9.73167287246194
777,10.5782031822872,9.70031902626464,9.39947940848474,12.3514204345915,10.6663115946402,9.93615986367657
778,10.6450652996745,11.3691872045546,10.8020059343772,10.5856915816809,10.9797758930331,10.307860683121
779,7.51006913326126,10.4994512489475,10.3828680699057,9.08239004373179,12.6329649202298,9.98511675802588
780,10.9374049443207,11.2950294657416,11.7092185921068,10.7897674037447,9.92617660058027,8.06791920687352
781,6.71968698573006,11.5207027066666,8.11318719733615,12.586402525865,10.2400486492659,7.05110257536922
782,9.72966221706336,10.4358523133453,11.0745643068159,10.0513345337237,11.9560115978973,10.4728818817432
783,11.118971159117,10.8222906264629,10.1240162662168,11.6190144262315,9.92761293806976,10.6049287220294
784,11.2936181429796,11.1886356067084,9.83135737667449,10.4982971188027,10.8180529993261,10.8344487787586
785,11.1524497762925,11.5385121732403,8.67187209574815,11.4573463068045,10.7660170719144,9.2425657358578
786,11.1982892557412,8.77490113349239,10.8784439842967,11.3365714824632,10.4554893522323,11.0808328557941
787,8.43471515160037,3.49023065076089,4.84027309694023,8.11195822615287,13.3110235600406,3.49023065076089
788,11.346539148379,9.66319853764567,11.715008753438,9.87504611914427,8.92011465433301,11.3484547007154
789,11.4706788870377,10.6179274332331,9.82830753502604,10.898345993456,11.6419893966913,8.61877671076235
790,11.1233550605463,10.156356952337,12.0123516178939,10.5182858414304,9.50724455028642,10.1026007766636
791,10.8918790855855,11.1731180406146,10.1801148831524,11.0067516824252,10.5442977876656,10.8750881344779
792,9.69136270600586,10.393214247795,10.1326950302959,10.3888138901397,12.1292117892539,10.7283621768526
793,11.1057389515581,10.9876795688207,10.8004506526531,10.0129358893997,10.3608526236266,11.2425736294108
794,9.99188517626375,9.87724089841049,11.413600719953,11.4612850107018,10.981159730088,10.2934950310098
795,11.3303782115714,8.7461290946232,9.68729842222465,11.2418631582226,11.0768141156303,11.2187954918159
796,11.5731229074875,11.3607820160201,10.5513857081212,9.28493478625433,9.68592653618437,11.0756760958721
797,11.2270896402453,10.4665340773347,10.7705771730593,10.7905503109998,10.4634325857694,10.9960274407342
798,10.0430312200637,10.4879190013265,10.2705194186096,11.2702046469645,9.89126827198459,11.8259678237875
799,8.59856125631979,9.39332592863312,9.65323266031522,10.8284014094651,11.6880512319394,11.8949270421225
800,10.6777948827683,10.4675130279581,10.6955817829596,12.149282517644,8.19652902778163,10.2368694197463
801,11.4042935982038,10.5250665810155,11.0228174175967,10.0262925910644,10.3110993044174,11.1000081782347
802,8.45076785062191,11.7062971982167,9.80367380606992,11.8528639270872,10.9679593712643,8.8539601333715
803,9.29136617892886,10.6441393409234,10.1535571485078,11.8137344234319,10.1653161039207,11.3654580015171
804,11.0879050668513,10.1575706562959,8.50987849742096,11.9323388181984,11.4333905577106,8.6080926079034
805,9.76055136032794,11.5501101577094,11.0254826084884,9.83157935728781,11.1948242960458,10.5832891895861
806,9.62400103778587,9.68861127699255,11.8254195080976,10.7999122054339,9.91897337860619,11.4178467906767
807,10.6955686914491,11.1311087678847,10.1065004919754,10.8053453840333,10.9525223005379,10.937535589898
808,11.5671588055223,9.67511356440884,11.1201619346132,11.1337266706451,9.80480909115859,10.5650049220956
809,11.0665995505429,11.2428131294691,10.3692937905569,9.46249837907583,11.4514740833589,10.3807577622346
810,9.32438970207958,8.49642310830684,7.54119839924577,7.88399715747824,12.5213551310541,11.7515265464417
811,9.32438970207958,10.2480861784975,11.9800851183798,11.1750836084048,10.42936754204,10.1177337014507
812,10.6537506014035,10.6232080560445,11.2241685771517,10.3679832697858,11.0722764650334,10.6934386393952
813,11.2490353906622,10.1575706562959,10.6049360683203,11.1361925297003,10.7859491218685,10.6031377745636
814,10.7402918772433,9.76067170538545,11.3255104459597,10.2442805972819,11.3777387961294,10.724248675797
815,11.7109942170756,10.8555747410504,8.23810794375188,10.6706463065744,10.879451843465,10.7217749331072
816,9.67438815605597,9.90785626549576,10.2660185692239,11.5941190987827,10.7053507845038,11.5162894734252
817,9.83117426298919,10.593922457607,10.4899927523008,10.8652846958681,9.86602016857679,11.9635342871066
818,11.2235937991869,11.0359914279492,10.7808668160526,11.23325098869,9.87944184881447,10.0731445812945
819,11.1658695549443,12.0659312003054,10.5252592036442,10.0849127961984,9.73924953353653,9.36389969007293
820,9.80645820300808,11.3581453199938,11.2420385070267,11.149679925016,10.3944785475766,10.0962482304773
821,8.88503261607018,9.08420410058259,8.4396090385771,9.70273669070649,12.644364219136,11.0304168597485
822,11.0068416302126,10.835241590661,10.9262910092026,10.9084790897215,10.3220621713657,10.6602346921674
823,10.2958882471712,10.2929570833159,10.5186529657336,11.1231994914893,10.9560452592099,11.2619990960614
824,10.7411071473809,11.2983342355077,11.2827081709739,10.2926118642388,10.8342238540952,9.71849682587714
825,10.0377320396935,10.5566890666336,10.993851264367,11.2600657344843,10.7756188319622,10.8466098780244
826,11.0724414209649,10.7533259889766,10.9573295255639,11.094322908691,10.44349188293,10.2088787420182
827,9.81422756889905,10.0726203229079,10.6340431987074,10.7889840713643,11.3581682490875,11.3843501854922
828,10.3934959121876,12.3007190137359,10.145003375653,10.0797975163001,9.68082492538066,10.2100559292007
829,9.84943725585059,11.2145217312179,11.7363138732538,10.2200751025755,8.55016372585641,11.188660135811
830,11.3688645621583,10.8939453423874,10.1825051505697,10.1014132707501,9.8188098462849,11.5105686017264
831,11.0203367292914,10.6851122384409,9.47553484073357,10.1064525969983,10.4644224215593,11.845414049608
832,9.95581537885433,10.6698834525357,10.6049360683203,11.8956976226656,8.14305173695282,11.1856715216107
833,10.2768983084444,10.4227889851475,11.0726327686847,11.1594103396577,11.1475400712497,10.3307686947282
834,10.4027999824076,9.48320863843386,11.0512133899104,10.2084043342433,11.8268976447151,10.6463883371206
835,10.9815379335315,11.3282803166567,11.3560049975912,7.67545366048913,11.0877750649549,9.9559424733573
836,10.8303860871841,10.9767202838481,10.7351958220999,10.7009450082395,11.1942277917508,10.0150602814873
837,11.0659489911302,10.2515003426879,11.3998011359497,10.6791266447856,10.2167408389203,10.7151574717718
838,11.7612878360494,10.2796417611494,7.87931466663728,11.5733430145657,11.1774247398001,8.06270694795902
839,10.49268193767,11.2850694891128,6.61664028386888,10.5454417291885,8.53892177344408,12.1895014434971
840,11.5776939587664,11.8550903831528,8.65129704332757,9.77731270948926,10.8441442960972,9.41175984590692
841,11.0987590519403,11.4120201412551,10.6418806259545,10.2915060791793,10.3351085699689,10.5427534202946
842,10.9676731867942,11.2039880335252,10.7973350497845,9.49553029774405,10.6969534177099,10.9857548973293
843,9.45139732867321,10.6901529827474,10.1777206482042,11.0622655121886,11.6901681014261,10.6411614966637
844,10.3277167936678,11.4717818963402,9.83743778002046,10.4867493896917,11.4201878049494,10.376570174354
845,11.3741295987197,10.991087341325,8.53255971038489,10.9192575705466,11.0287762408897,10.5125405485648
846,11.4538695522422,11.1951508141554,10.6296706026351,10.7224382858708,9.2352660215122,10.5585502803884
847,10.1586095363371,9.15642501419052,8.69215740392224,11.8666650205494,10.2799524691588,11.7356756722758
848,11.1195982469722,9.74944566498746,11.6646080272671,9.87946881044093,9.63759470133402,11.2523190586549
849,10.1302603900184,11.1068118343052,10.9883974490817,10.658689450876,10.7244812118149,10.8405421432105
850,10.6896683875045,11.1898223805411,11.251744974252,9.37122286772186,11.0546391652925,10.3275183112444
851,11.1126852425282,11.2342112727091,8.22887451837083,9.8941139283273,10.7327203073363,11.5148613809304
852,9.32438970207958,7.87148225148677,6.93583007198554,11.740672246312,12.3668966962676,9.65421213808927
853,9.72801800060513,10.162415285271,10.8020059343772,11.3440568871199,10.890540702547,11.1076075057661
854,10.146352222856,10.110716489586,11.2904847357396,10.0733777998074,10.82346345032,11.4767369846476
855,11.2874923708758,11.1916007127408,9.4852499965347,11.2315223680405,10.1195502520613,10.451143418571
856,5.69909863723584,12.6517174579809,10.3598208193277,11.3241890846429,4.21631622607199,5.30633312590158
857,10.0821664019001,10.7306727808526,9.54220526255006,11.1780782741653,10.5377294903857,11.6102259665907
858,11.050246898971,10.4772661672159,10.0395135869923,11.5499534133692,10.9182568238814,9.84361846531503
859,10.7230639007725,9.85496793388271,10.8894584984043,10.7858464813399,10.9059232861459,11.1394653634416
860,9.86298432048353,10.0414019288643,9.96510428128414,12.1274502508594,10.2720595282496,10.7672661978534
861,10.4293461423902,10.4487984009648,10.4754462434235,11.2326750119211,11.1671265729403,10.5896343217658
862,11.146923682421,10.562198250488,9.67885712359805,10.1534680318043,11.3247672181338,11.0672568460367
863,10.606216243948,11.5366478123356,9.89249860118311,10.9084790897215,10.8920127977799,10.137667086817
864,10.3352954613682,10.4328481822186,10.1559917955486,11.2065151251596,11.0447466821201,11.0653069445026
865,10.9932190961868,10.5767873666733,11.6154815308524,11.0367566438221,9.79697176140654,9.50296289812791
866,8.43874513784764,10.2017745157065,9.42595228287437,11.3408536112157,11.4569546946621,11.4595189287459
867,11.3683370001239,8.55659294184124,11.9523421414776,10.2419927332607,10.3405099351584,9.86918062113079
868,10.6494144870675,11.3038254172259,9.77386404570098,11.3403190397092,11.4268042848235,6.02165975820494
869,11.7459362979593,10.3993831067995,10.1729202228672,9.32007209962626,11.2526898151989,10.4669856244969
870,11.8467123281739,11.3368764479506,8.28340660476729,9.6977364325246,11.1345403808985,9.57418329192837
871,10.877862242912,10.1069518337239,10.0938577044675,10.0526405638379,11.9959190774567,10.2357139218277
872,10.4058880509698,8.28589889138576,10.2097122517669,9.40434229586763,11.8330414837,11.6683315631228
873,9.07556335360763,12.0395148812558,10.0669415692671,11.3306627243098,9.60025222488635,10.2357139218277
874,10.2981060102029,10.7379930361562,10.2294970726757,10.9228325754098,10.9189790527466,11.2011451416275
875,10.1719733564739,11.8423175363228,10.7171743152472,10.0355692292678,9.7906710881818,10.8957181294959
876,10.0176848915815,9.8414371617936,10.5129662960492,10.3595660586147,11.0794006649683,11.759588141223
877,10.8494132385954,10.6328392767384,10.1052411882977,10.8830116291449,10.9447413738265,10.9346902214626
878,10.9897932677419,10.1732565713337,11.3432436630948,10.4255673524998,11.0327854568319,10.0847426636895
879,11.0109034318373,9.70364671408488,10.7376359489018,10.6561143224993,11.2498223026996,10.7250723149193
880,11.0476131867271,10.4994512489475,10.3385443539935,11.2251663119638,11.0579216422233,9.89283218234474
881,10.5954369148028,9.70862389304106,11.1076398151626,10.4944581379944,11.6675696644499,10.0298021115887
882,11.175551577076,9.59495007640603,9.54592347509314,10.6900770757445,11.3437175982455,11.1345143409017
883,8.58408230997068,10.2123250418948,10.9277164334414,11.7865226036459,11.4237542951748,8.98907121515643
884,11.3783278366714,9.3578568808423,11.0321241230207,10.0669293828035,11.6398005845372,9.31876895197695
885,11.1622219781975,10.0943315400675,10.3071251247434,11.3969377381026,10.6065943332378,10.4421551197058
886,10.6980900240955,10.1527097008577,11.4033915001711,10.6098456116308,11.0153311404502,10.1767260100509
887,10.2936670691179,10.9398112515074,9.40153312865118,9.17647135172762,11.5063266542605,11.5105686017264
888,11.4303058218745,11.2592993434558,10.0836630757948,10.4245589669944,10.6119640814336,10.041752536832
889,11.0808381320389,10.0917941763812,10.534644511791,11.280272799679,8.95435322015182,11.3225679813098
890,7.76292602503923,10.4438328769568,10.3288665930589,11.9216582620424,11.2013696161339,10.1634184637833
891,10.9072145623696,11.2542030649626,11.4115646476513,9.9651886505263,10.3975911580142,9.69850425842825
892,11.199476105757,10.8585628330194,10.3093140772812,10.378436180843,10.4801681125266,10.9932952402368
893,11.957135398121,7.56892623326378,10.038194392134,4.50270031620481,10.9404794763151,11.5891196451933
894,9.50230669126957,10.7952550666427,10.2883836787337,11.404117146721,10.0085642235666,11.4345596657848
895,10.2323646911261,10.0361325340851,9.89249860118311,11.7675619244819,11.117023207812,10.3994529090519
896,9.88675821672251,10.8873768884739,10.176522038785,5.41176625921135,12.2739838864282,10.3286025864107
897,11.2734726587176,10.4927353136731,10.4890275354178,10.9070358550326,10.257285631084,10.7839622555355
898,11.5505129801071,8.43362886080234,9.78963016877274,10.7092495943425,8.86418300700552,11.9242695505414
899,9.93316172813105,11.0140491328217,11.4889162524821,10.1871559980964,11.1677343867102,9.74635344442945
900,10.9487418676916,11.5417690185669,9.45985314760494,10.1546848199104,11.0044841031646,10.4431565897945
901,11.5223358794062,9.65806180726505,7.80662661053213,10.8660276835584,11.1395064664027,11.0750302028585
902,10.7022824768909,10.5446798284775,10.8243710977117,11.055767653326,10.3777635652914,10.815239413209
903,11.5926764860464,9.01890152278188,9.21560188920114,11.3483168875009,11.0347858942198,10.3859752094391
904,7.69704214422843,3.49023065076089,7.66982914004528,13.2054942047962,4.421285932026,8.1635228350041
905,10.2768983084444,10.3545786743565,11.1424314349261,10.7468467181133,10.3275125179283,11.2333409291906
906,11.2455923899498,10.5070885111689,10.5243173056456,10.5546885384586,11.3334611480958,9.61386353439508
907,6.73301116509571,8.47709248131454,11.713769959426,9.81166075103099,11.1024732584154,11.6891623934112
908,10.608004993688,10.3083378529734,11.4090155096054,10.5277077997448,9.53954476391409,11.2551728771887
909,10.1911932507242,11.705467663355,8.61633840210039,11.2257452938248,10.8016988179487,10.1152225471312
910,10.1983351947372,10.5465339235441,11.3501700616801,10.2316522001452,11.583972322917,9.33828392432937
911,11.13332566181,10.5804117075023,10.8020059343772,10.6850333577155,10.0207281921951,10.9182195382623
912,11.689615384402,9.67511356440884,10.400428468661,11.7112060126257,10.2595684106856,6.97500510684151
913,10.6997684676154,10.5051829830089,10.364038710879,11.5531862913993,10.0735826073544,10.6866895986191
914,10.8410721938011,9.92933322237094,11.5438596481438,10.9671345968554,10.6332453949311,9.6013560380133
915,12.4622555190994,9.63906902628179,11.2408922641753,8.16613522357144,6.95617486878963,9.80050268219627
916,9.86448172517283,10.6099700767078,11.9006564971623,10.7652840978701,10.2342569097064,9.78478638769835
917,11.5027600476835,9.59495007640603,11.5769390468431,10.3711271041574,10.1444687066417,9.90887052702905
918,9.22994803002132,10.2896397581622,10.587907082076,12.1265204457074,9.2071496077249,10.7009937579817
919,10.6769430238957,10.9510534438213,10.9054625011163,11.0751740802434,9.62170903712713,10.6833032003776
920,10.7605366684085,9.12201118886775,11.1245191232859,9.52969967116043,11.9149687072371,9.99880455990851
921,10.253089643994,9.68524867384373,10.1908400312042,10.478027519847,11.3866424211237,11.4649524938333
922,9.03623280204178,11.7125035522545,10.007515053807,11.0208316949603,10.4564846517328,10.7536073643697
923,11.816090238524,7.99635816903275,10.4548315009645,11.4524077566218,10.8288536850677,7.9315822056559
924,10.6450652996745,10.6310929218061,11.0822647011451,10.2579320968839,10.685114371471,10.891322184651
925,9.92744228053666,9.22519972203023,11.0892874690478,10.5258283248618,12.1561087001465,8.39256064482042
926,10.7459891160747,11.0113666382954,8.12816733913292,11.3751826176239,11.1543029680087,10.1177337014507
927,10.008233339452,9.14422845710643,11.8816604076818,11.7210951131132,8.88799828909602,9.76729832469704
928,9.52331570400222,11.4471813112521,9.49490013577731,8.34327671830986,9.87349207203737,12.1651285181946
929,10.1013428778394,10.8533296032861,11.1503894574394,11.386619062243,9.51681994719419,10.5115861239048
930,9.64332120716337,10.4645741807583,8.61279541524902,11.472061325033,10.4850536011394,11.6515342366215
931,10.1227724043891,10.6135120997533,10.8082103474398,11.0603192258019,10.2001983445535,11.1694251385338
932,10.5999380948013,9.46371329935936,10.6488116598299,11.1349601270308,11.4104626496153,10.2923840321426
933,9.34169777304874,10.5767873666733,11.7183070130639,9.97624249215004,9.30103262932556,11.4966487737683
934,12.4721096985672,10.6817419300717,10.289492883074,9.20494936156592,8.29341087632621,9.21702364535376
935,10.3157264220139,9.81552742967459,9.12652010068147,12.0046300712406,11.4293410264144,8.8539601333715
936,9.94736190106295,11.2174341599447,10.0656472342127,10.9391644402976,10.6697485609686,10.9850674532392
937,10.9801574398871,10.7150958335562,10.6997593707454,10.0460985552748,10.7482461201936,10.9059235383247
938,10.8918790855855,10.6415394793603,9.72714278910827,9.71928010673829,11.1043794207731,11.3843501854922
939,11.5317895271682,10.4258141165588,10.7113926619651,10.3058155846391,10.5748660474145,10.2912721769139
940,6.69265485668046,8.78436553189028,11.6824492642384,11.1720827132574,11.7293978177656,8.99454892667256
941,8.89679312972101,8.40935647470976,9.75149784889261,9.44867396029944,11.6782734242499,12.1050231122271
942,11.32875211589,11.5547233695892,10.8584034174556,9.77097876231537,10.2978329272615,8.82350274461487
943,11.8122163678506,10.3017661662037,10.9587246230992,10.1227098677546,9.47813084005232,10.3932480761942
944,9.25528688722896,10.789786617387,10.7777085820305,7.33973478195975,11.2771179371256,11.6597419827926
945,10.9746222167021,10.9489521953788,10.5706746673282,10.3404458076497,10.2365763968915,10.955894934359
946,11.5137743036014,9.84294686484464,9.71893217099079,10.5811738886486,11.1062830678037,10.6297712843514
947,11.7357467751056,10.8099943480151,10.7529949677309,10.1655899677503,10.0539884675706,9.73331144629723
948,9.26892264588601,10.805356086988,10.1474524912035,10.8578336961265,11.596215497188,10.544620878134
949,10.9028496073209,10.8674901513404,11.1145404277451,10.2959241423627,10.5311311487115,10.2756155401663
950,9.90724369471665,11.1286355238458,11.4542247229418,9.87799608638009,11.2149600691608,9.33828392432937
951,12.0916958859382,6.91103749435116,9.58620330148504,11.2147047059136,11.1804396746667,4.72150856436262
952,10.3862176946287,10.8337239687262,8.72862112067329,9.12523967784591,10.4191933773306,12.123569000728
953,11.3965528234459,10.128156121829,10.3245444360202,10.553766520268,11.1012010828204,10.2017953722538
954,10.5699674123933,10.9120356691714,10.5915088755035,10.8245842374801,10.7811904862304,10.4501474799748
955,10.5505657649479,7.31302939647798,11.0956422718137,11.198278787898,10.5320756188287,11.1572717122281
956,11.3008243152433,10.6519109294651,7.55607435967671,10.3950048668149,12.0169850049428,7.34640924347289
957,10.097527924427,11.307110121533,10.5906092698985,11.3149680810189,10.9225847833085,8.15864641945665
958,9.47707666919585,10.3343292338768,9.94975042811329,11.5954637240563,10.4683749865284,11.2534612636085
959,10.4283341186711,11.2911643083063,10.436924167393,10.502125910043,10.8250055736586,10.4590862695655
960,11.4053225704356,9.63732994182314,10.6557095513609,9.27377641242457,9.9825428254298,11.6432795266782
961,11.4984271266169,10.4879190013265,10.3577072395259,10.2926118642388,11.0301138846037,9.8884269572927
962,10.8531887379165,8.96166416511476,11.2351473487906,10.9384581907013,9.05507515639838,11.3838287295779
963,10.8149815831436,10.5649449724094,11.4874671698292,8.81003979805099,11.3866424211237,9.26086163147427
964,9.83270504303747,11.5937996002879,9.94975042811329,10.6646802669716,9.72114126585153,11.2614314765535
965,10.4858884899782,10.9608190037006,10.055250526357,10.4285882864138,10.7061878389069,11.2141098065684
966,10.3069431211232,11.3293576383925,11.8315240709549,10.0115933911369,7.25228176916393,10.2575116458161
967,10.6718212797284,9.23443353811317,11.0393946459007,6.81556849981532,8.45767030815412,12.3154248425309
968,11.3222293421398,10.731487979354,11.3031702112907,9.20024192159299,11.0631581194473,8.55715794440356
969,11.3129379675852,10.5306976300034,9.80832479346181,11.3525643454821,9.63583824431734,10.6004471773946
970,10.2253896689276,10.5713337241556,10.8120745983834,11.0809454643047,10.8600268958952,10.3870164381344
971,9.91448999064395,10.5502349797186,10.5252592036442,10.2281888168413,11.5244733700438,10.8175580884632
972,11.1164600782709,10.4733728210914,10.18369880056,10.9705930415204,11.0220693541179,9.95453839296665
973,10.963487644601,10.6275938566901,10.5679348427514,10.7596976252805,9.69270073183175,11.1126515753041
974,9.85848275590313,11.249088719408,11.0013167528532,10.7133840279251,10.3934395164431,10.4797305253782
975,9.46330618302248,11.2933742375743,10.0329055140652,5.8520946399696,12.2586604990283,9.3723381366192
976,10.8999322825742,10.845067407082,10.3027372291521,10.9313766127056,9.668850511843,11.0257450021754
977,10.7653534332712,10.6935037199822,10.9076311733911,9.9229654537925,11.0085613058486,10.5529946496654
978,11.5070799940316,10.4850214761825,10.507257119819,9.83613715373323,11.4419582538187,8.48501828167882
979,10.3331341877281,10.7093142917841,9.64111695629962,10.8689958135594,11.496199405238,10.3744718128147
980,9.92313776152045,10.7485015872876,10.88799474647,10.963667841117,10.741729290737,10.5914421022118
981,10.0337448386859,11.5249406505624,7.97084098469456,11.8905950156495,8.60509366292263,10.4421551197058
982,11.2455923899498,10.0726203229079,10.8695714187221,10.1387859436224,9.39956380485312,11.37808023995
983,10.7271845006211,11.6569488848232,10.8159285257902,9.00081407431023,10.1018476038395,10.544620878134
984,10.7765303972354,8.91072671968635,11.7220085640564,10.0874636493775,10.4212339591548,10.7815889026713
985,10.4181746380515,10.2896397581622,10.7513859080808,10.7740193633681,11.283301111791,10.2823463468605
986,8.95700885466612,11.1628809391775,11.404415679448,10.0102496421535,10.2538546736238,11.0129874465389
987,11.2294155035489,11.0233987766609,10.7303031509505,10.4682742991866,10.3480380280313,9.84967397664884
988,9.83728765884292,11.1832830095648,10.0963951427897,10.1954564740369,7.34162145790367,12.0183154768207
989,10.7484239187593,11.1434117828607,9.77227791240082,10.6984442811317,10.4554893522323,10.8905882230666
990,10.4089695227771,10.7167434555847,10.8576558009429,10.4316029070159,10.3851002138967,11.1031794310256
991,9.88970258800189,11.2330604734876,11.1120349315573,9.99809923173501,10.3099984212379,10.9289825925194
992,10.8948127250652,10.5316340047944,10.3745297950854,10.348975001133,10.8365192494855,10.9467444683274
993,10.9543770935653,10.6935037199822,10.6642857895359,11.1107154152623,10.3767124198637,9.9712978134408
994,10.6468065484433,11.1808976878231,12.1566997176692,7.96407005614918,9.84944444056338,6.9861289167993
995,11.2012545519979,10.4879190013265,10.2805952737852,11.2355525989059,9.81726090175247,10.49912079403
996,11.2340560107716,9.96581875916253,10.1065004919754,10.7921148519785,10.5101948034043,10.999435430613
997,8.70943377661069,10.747695949395,8.87183293761766,12.4855837832688,8.71903617062951,9.95031793201681
998,12.6216998083103,3.49023065076089,9.08110814264259,10.7668762673461,9.26056640164857,9.11259491978623
999,10.9780842192759,10.9270581709655,10.8591506467195,10.7411882460248,10.0761751628226,10.1573287531222
1000,10.6035289536207,10.3364741897067,9.43199299810175,10.3606208999768,11.4874619606874,10.9973916029543
1001,10.4653140512165,10.6976812262748,10.4783673039673,9.74374476244148,11.3110771867926,10.8654087068329
1002,11.1164600782709,9.80317165974383,10.6905526555466,10.5892955768739,11.4293410264144,9.45013238874436
1003,11.3417098481062,9.80317165974383,10.2108836072099,11.0047289868123,9.21187392149552,11.2460207149447
1004,10.8644563087517,8.68343289851251,12.1312531303741,10.1631737165933,9.4800901483823,10.1264884726062
1005,11.9465717753944,9.08930270650701,11.1325762953235,11.0713136234886,8.28894241578867,9.08204912090017
1006,10.7345720486866,10.8261118178487,9.92854641673666,9.03029169208023,11.0146555848195,11.37808023995
1007,10.0522581952966,9.85197204672778,12.118203469414,9.07726413234406,8.54642615098556,11.2123487434589
1008,10.5818484857386,10.4408453372627,10.4812824613848,11.2841692945029,10.3661586209432,10.6004471773946
1009,10.6709658849652,10.3640721948799,10.902565857337,10.8682543533872,10.8133992640775,10.2135817374112
1010,10.8048797162315,9.38505842527208,10.7965550965398,9.28937406689443,12.1956855928936,7.4856846174974
1011,11.1107941141478,9.95608616915202,10.9348225040634,10.3553389624904,10.1283207626317,11.0476382048159
1012,9.76055136032794,10.1502730662479,10.7489689484153,11.089241355741,11.092264302111,10.6576486039184
1013,11.2375266214668,10.6639174565324,11.0551315518235,9.48395818012654,10.0916333936473,10.7544144151368
1014,11.8083320669881,9.89917512922114,9.82983326201242,11.3959091854346,8.96278725953458,10.0377800530317
1015,11.0936614653167,8.47319501695068,10.8613900150253,11.289717522479,10.7796007796516,10.0150602814873
1016,11.4418851025964,11.3038254172259,10.8945699656165,9.64848521178136,9.66196308326032,9.74310398515849
1017,10.3233681816666,10.2446639140689,10.7784987889902,11.2668329206996,10.999712756663,9.84664939907184
1018,10.7860422065256,10.7010145428343,10.8388383464652,10.2293442021638,10.6783053208498,10.6271299525594
1019,10.4273213844432,10.9391056970263,10.0342295528172,11.0898775296021,10.1954368610487,10.9174991380677
1020,10.687978144238,10.6135120997533,11.2154417189523,9.956842317439,10.6961109862329,10.4807062541164
1021,10.6709658849652,10.0955985500311,11.0154626518025,10.7117316761485,10.8607788659566,10.3870164381344
1022,11.0129300520408,11.7301485377648,10.0061662518947,10.0382087755759,8.85212612646935,10.6909114479084
1023,9.76536867960977,10.1804390897931,11.5090520455881,10.5955809832199,10.8993508249127,10.2789848694236
1024,10.5653715854852,9.62860292170442,10.7188219689732,11.1882138881531,11.5484748680824,8.35895709371809
1025,10.146352222856,11.0801800013827,10.6897127604235,10.9511180829299,11.0367835614878,9.2425657358578
1026,10.4800399617472,10.5695112519,10.6719610503332,10.2892919627384,11.1978031234434,10.514447505529
1027,10.7014449605111,10.5344394877626,10.7408830439811,10.769261231507,10.5849131956554,10.5455537012526
1028,11.0936614653167,10.8176917958207,11.0943735487439,9.35860428895613,10.1056593614678,10.7291834713706
1029,9.30907280307382,10.1019169591259,9.97064722402878,10.8006896277616,10.6969534177099,11.7511222817628
1030,9.0335722106454,10.1720560000378,11.6181325017514,10.9462079845762,10.5187964312182,10.4025453454104
1031,10.6097915281332,9.99734260102956,11.396201813958,9.18602666453552,10.9644654231597,10.7847525062427
1032,10.9035780176212,11.0346710502168,10.5262004870319,10.8161507351554,10.5101948034043,9.73331144629723
1033,8.52086919275052,10.645004921233,8.04113907319881,12.7718631819897,7.4499920227725,7.42996835938218
1034,8.19364878170633,10.8734111517776,11.501414369435,11.3694302165788,10.1056593614678,9.59054830267098
1035,9.52521052319969,10.8007028646697,9.17775357360698,11.0006750675291,8.63002787826625,11.984321760398
1036,9.75248656369056,10.8682316067902,11.2334194035372,9.48202043275657,10.1738135110984,11.3344904163297
1037,10.136470820097,9.04537862355206,11.6251780341395,10.8623089125208,9.66713173597781,11.0370648054165
1038,9.9345880532473,10.9489521953788,10.1014566670737,11.2869460757265,11.5254221664835,6.48629422183819
1039,11.5027600476835,8.10621746179987,8.85992956117552,11.2338267355897,9.80480909115859,11.3744101478284
1040,11.5080382279173,10.7068293772454,9.90991402605596,9.51081673001183,10.4017308850366,10.9425015201943
1041,10.622235698843,10.9227819667647,10.2917087362087,9.93292866695931,10.8149521778501,10.9871288035278
1042,11.8800326261018,9.31062116832973,11.143658607069,9.54462998818676,9.8448905283155,10.2879314598302
1043,11.1719284293241,10.3807968173241,8.90696425306774,9.63459734756716,10.9735321462189,11.3770325945824
1044,9.87045584578497,10.5813163716734,11.0121071406132,10.962278802761,10.2237728122264,10.8405421432105
1045,11.2991645444434,9.82472528372737,10.5606031007256,11.1361925297003,10.4140792578929,9.98236354069011
1046,11.283580565395,9.43596928597872,10.48419173949,11.1624376837441,10.653349543756,10.0137126136324
1047,10.4384225466838,11.0267233042061,10.5005677296789,11.081585306261,9.86151837523231,10.5695977617998
1048,4.89949412114092,11.6509292624355,11.9735443058733,5.30206151732519,11.078754462276,5.344059271782
1049,10.9842949639633,10.930612017096,9.97064722402878,9.25800816592547,11.4840497228424,10.0808869890773
1050,10.4424382449564,10.332181083757,10.4035052927162,8.05565981837144,8.91142638775966,12.2146427884586
1051,10.6169156222798,9.90785626549576,10.6829759368564,9.01964218051415,11.1463070401842,11.3290833391523
1052,8.30825005584499,11.6535121768095,10.8732749550888,9.86615984146375,10.2833219815944,10.9008298584568
1053,10.6160270321923,10.4055256968592,11.1350463990722,10.6178079086692,10.367217482329,10.4942976073601
1054,10.7230639007725,10.3524604911681,10.6279178463171,10.9843445003251,10.5245024864923,10.4728818817432
1055,11.0814820130962,9.42391361141986,10.8857963300068,10.1014132707501,9.89861084288693,11.4009380274753
1056,10.750854618857,10.4096062731847,11.2776867232623,10.5454417291885,8.94870298170054,10.916778377942
1057,11.0310426450595,10.3354021104841,10.9890803046217,10.378436180843,9.67228193034694,10.9102752803551
1058,10.1240231045938,9.83386485068202,10.0169215145305,11.2193636771479,11.0948233221911,10.848878714849
1059,11.8659000187022,10.372458744734,6.29600054327814,10.6195713554808,9.88536718210445,10.8352118583418
1060,9.99051442822348,10.9184930491841,10.6930694108494,10.5472958389755,10.3830078334573,10.9878152662594
1061,10.2599323136856,11.3475500795085,10.3921913743732,8.4971498870754,10.9686571465621,10.916778377942
1062,10.9536738929831,11.6244037429294,9.29287463877861,6.41576144603002,8.41320666617395,11.6777214047748
1063,10.3966039416002,10.3203087321569,10.074683282824,11.4553729149757,10.4344278404175,10.6147393843962
1064,9.56074695945747,9.62685116230661,9.23876223546936,12.3461050085004,9.8956782986347,10.1585487537938
1065,11.3347055272384,10.5013643585889,10.3932235871365,10.679971943117,9.44841718702529,10.7704613329594
1066,6.91912372327847,10.9127545848867,11.692546060721,9.60106755085816,11.2225853723772,9.86470244741985
1067,10.5496353360237,10.8138482059942,6.34905589060948,11.2344022528035,10.7843646534966,10.8971804726887
1068,9.87045584578497,10.930612017096,11.0347721910559,10.963667841117,10.2686635731778,10.2677230299924
1069,11.2936181429796,11.1434117828607,10.4812824613848,9.70273669070649,11.124556627993,7.5317738047801
1070,10.9945871528719,12.2065353897817,7.40809324942823,10.9426905112231,5.48713086362719,8.90139132094775
1071,12.3060217593235,10.8192263689082,5.94925531288213,7.27823373515967,11.1924367975655,4.65477015264871
1072,8.82782077235566,11.406926422416,8.94408091812535,11.6321765686601,10.0903515165272,10.5455537012526
1073,9.44340309834861,11.0750510519,9.55148287954746,10.6474972091447,11.4479755497438,10.4787541362031
1074,10.5542814909981,10.5649449724094,11.3501700616801,9.30041283330574,9.46434062858155,11.2585900241364
1075,10.5616843525206,10.6587840336985,10.3428248272292,10.7921148519785,10.5821799968963,10.7151574717718
1076,7.41478736115221,10.7452763326303,7.59979727073429,11.163042390963,10.5684357797631,11.7779606144762
1077,9.52521052319969,9.47738766205585,11.7009064113801,8.81003979805099,11.2330773841927,10.7926312945715
1078,10.7781200605346,9.6953130531408,9.60948669728684,11.6308657451226,10.8250055736586,10.0244588628449
1079,8.10508906801861,12.3831758185601,5.94925531288213,7.83615364268337,10.7036752171731,10.8175580884632
1080,10.5032931333909,11.0432319823022,10.4478939290056,9.92581911590872,11.12204985648,10.2654600724446
1081,9.93601296924406,9.55497646366155,11.9229835548794,10.5919926766059,8.97395641480507,10.7430744092393
1082,10.096254027747,11.4266910275496,11.371799542117,9.03029169208023,8.74208919665311,10.9088261577981
1083,10.4191938120438,9.37047523662644,11.9283337452897,9.73888491921736,9.16391929567537,10.9795560754351
1084,11.4906918759939,10.4626116177085,10.0115539080987,11.0886049012125,10.1494011531772,9.52015152521451
1085,11.7201195413401,8.39294449551152,9.77069003277114,10.815381602698,10.7211723523824,10.3479814490678
1086,10.733753075801,10.1575706562959,9.50448612331419,10.5059445656698,11.4349062061592,10.6280109339684
1087,6.88380768123249,10.350339193002,11.2534511213697,9.98036593937383,11.7314549217156,10.0936993574819
1088,9.60082930881336,11.8202641165179,9.43800851236774,10.9546150921855,10.6074906805031,9.48362100282399
1089,9.47315564510678,10.7692917892042,10.4399242032641,9.6570976980035,11.8875584649917,9.84816248071569
1090,11.0403455870362,9.9754861153353,11.3869049674535,10.6178079086692,9.87200078486539,10.0324663314418
1091,10.7994108062167,10.4694689383844,9.51400880684747,11.2941407926013,10.8898040912221,9.97545741639314
1092,9.25984648469596,10.5813163716734,12.2677915343876,9.97348696363375,10.0166849234738,7.72918737348703
1093,10.1252727212618,11.1791061046784,9.96787841537559,10.4164664050269,10.2900374849907,11.1584916726264
1094,9.2935914357018,9.78757658743849,9.61480681986279,11.6234151633405,10.9204224266411,10.9268363962312
1095,10.6683966531132,11.2197598769328,10.5365142681393,10.4954188414353,10.089068499166,10.3426244943473
1096,10.3439083182471,10.5631144056972,10.2817104810257,10.9285342191804,10.7883225661074,10.6004471773946
1097,9.69809697584387,10.7835114721684,9.84046839577058,11.4563599483141,11.1438378118751,9.52961296772969
1098,9.93885858499982,11.2045752611362,10.6930694108494,10.6449020055454,11.0657692474052,9.17422603309331
1099,11.4423864474203,10.0674639542654,10.5532339043906,10.1039351346245,10.3819605039858,10.5823804594967
1100,11.5989860002412,10.0993929158561,10.7089076993636,10.5802686497563,10.2922690563602,9.37653891224548
1101,9.48293828619936,9.87871360406023,10.222545140096,11.7243764732362,11.1822456157885,9.55763043244903
1102,9.85094878432416,11.8171956359311,10.7005934384929,10.4857828931562,9.7890916095655,9.61030101956942
1103,10.4771067814449,10.8488288179908,11.3086510326366,10.2385541188426,10.3903179249831,9.88548264778953
1104,10.4048594291494,10.6587840336985,10.8598974891356,10.8903340395142,10.5591996737152,10.05360476243
1105,8.88798175452254,9.06879917484371,6.88935782509231,8.25516044691646,5.55196632130904,12.9351271433723
1106,11.4348479196531,10.5649449724094,10.7245739820587,10.6757404895301,10.1208064519131,9.17181072124684
1107,9.59542869511181,10.8518309012207,11.6500017528784,9.67756020659183,10.4110020605754,10.3220846762348
1108,8.53599442924926,11.2191787990949,10.5779555270884,11.7567860027213,8.3330146531491,10.2472274576603
1109,10.0055214810269,10.9808397784594,10.8887268080897,10.5919926766059,10.3892758915332,10.5173032225717
1110,10.9173483873808,7.85957257305444,10.8598974891356,10.0368896062222,9.01508638406206,11.8567317465124
1111,10.4712224671736,9.61629568347169,9.69233958644918,11.2187821279148,11.1530757062102,10.6463883371206
1112,10.8126566538585,10.6732815477848,10.8151585635446,10.4255673524998,10.5414864644659,10.2170989483515
1113,11.3422472360534,9.03484607534494,10.9305630635033,10.679971943117,10.5025056140287,10.141374122103
1114,10.9072145623696,9.93642172306026,9.97202963769941,10.6655340704834,10.5665932833668,11.1345143409017
1115,10.8273183179238,10.8138482059942,10.721289926369,9.1474194207438,11.1419831131139,10.1719010955414
1116,10.1524938995498,11.4266910275496,9.29949808915253,8.84061884422373,11.9365280033094,8.6080926079034
1117,10.4800399617472,11.226714615939,9.3808630949817,10.6257264980855,10.7539242956721,10.5305556579671
1118,10.9952706950123,10.2639502580965,11.5161758288057,9.88680995777211,10.2319336867178,9.84513472838566
1119,9.67096913825964,9.96026532342764,10.6795956902447,11.4464590936633,7.95831799960982,11.4355663714026
1120,11.3609308026329,10.2515003426879,10.3932235871365,10.6706463065744,10.9728367255039,8.77657442767583
1121,10.147582652038,11.0536992462463,8.88363879368603,10.3145513942957,10.5414864644659,11.4365723750128
1122,10.5308996094225,10.3094302291797,10.5624395326761,10.1139787281222,11.5807811327343,9.71352460698531
1123,11.4593293282524,9.64773312906364,10.0395135869923,10.9850286443013,8.40083802539797,11.116423087188
1124,9.72966221706336,10.3072446488875,8.38663728826559,11.2583689662909,9.93620105386976,11.7192354061414
1125,10.4917134017203,10.733930814476,10.78716261652,9.85122661635922,10.4821242939485,10.9565964181222
1126,10.9683695980286,11.0484751077517,8.90696425306774,11.4394878423082,9.8824075583327,9.84361846531503
1127,11.0620394617105,10.0700444427756,10.9746720179323,9.83765322405624,10.4733005112301,10.7209494086401
1128,11.0776144089487,6.92260453993047,6.68651479056568,11.5587115687213,9.24912123935465,11.6593111583561
1129,12.063619994533,7.41442901747166,9.22722857018562,9.9665750224732,9.5966448444218,11.2431487159566
1130,10.5718016512192,10.1367974986718,10.4637024886078,10.6638259578213,10.3512523653333,11.1276788210541
1131,10.6760906616868,9.83992587678902,9.94412643530013,11.7747014137104,8.90851861983824,10.724248675797
1132,10.796276380821,9.59495007640603,11.4860166301695,10.8284014094651,8.62294775291348,10.6253663740203
1133,11.1743448719333,8.99736397887291,10.9836083884243,9.88973598609387,10.8592745336544,10.6138502579848
1134,9.63457138557228,10.437851597305,8.82667901065268,10.0289491527995,9.89273977963481,12.1617866298474
1135,10.4354034196726,9.84896992354557,9.17295189522324,10.5865934249648,11.6371696188385,10.6489946725059
1136,10.9202307387022,12.2187954688791,7.10785550202492,4.58028850433541,10.5121107136699,9.75121394674905
1137,9.91304364103144,11.6155995960173,10.7705771730593,8.91721446122269,10.9525223005379,9.7800379076671
1138,10.6726761675681,10.8968550826967,10.3734841135461,10.2748167674032,10.3565937282629,10.7981209544396
1139,9.81886917777392,10.9698282098342,10.6719610503332,10.6782808508433,10.5254513051673,10.5832891895861
1140,10.3003203686995,10.5557688202797,9.97341072765588,10.0539454124457,10.7954195585228,11.3344904163297
1141,11.5570091985922,10.5146855516919,10.5177067428797,10.6142745346455,7.90086108290607,10.4884884150699
1142,11.1646547204782,8.80930414242841,11.1942793192451,10.326477396667,9.7441489449974,10.9346902214626
1143,9.04682632696348,8.72006247281132,11.0674693210255,11.8237123600402,10.4860287164666,9.9919768960139
1144,9.50806684450516,8.75257271984592,10.6972542701232,11.5313395420998,10.6065943332378,10.8466098780244
1145,4.50573000684162,9.64945972075717,10.4228409068462,8.95123839957274,12.6069823271989,8.01492610747947
1146,10.8142070229693,10.3766338056298,10.9573295255639,10.2397012346937,10.2686635731778,10.654193258679
1147,9.94736190106295,10.1380277657811,10.3005382657937,11.8152739895852,10.3143969217949,9.82989988366347
1148,10.6502827532614,10.9876795688207,8.96645573407607,9.80857178581472,9.76036114234875,11.6734608697433
1149,9.59723114786562,10.5767873666733,9.95953995454654,11.307329807398,8.92299914218389,11.4718384734669
1150,9.92600886779912,11.157431743746,9.99668915549245,10.7967983197232,10.3756605079049,10.7910589756092
1151,8.11015476677543,7.42256310719486,10.564273629714,8.3602705599885,12.4769249643801,10.2194390000545
1152,11.446390946204,10.1031773263824,9.16813416997539,10.8734365893932,10.5330194709754,10.3880569157854
1153,9.20651974627723,11.5107654862431,10.7546022346197,8.61507965790828,10.864532847854,10.6968013558005
1154,10.7717508697513,10.4567078569071,10.1668971373854,10.3307897940547,10.3110993044174,11.1639687634625
1155,11.0014080433272,10.2984690612118,10.9594216662591,11.0248294432656,10.4564846517328,8.4772100669625
1156,9.75410313490824,10.9835795873486,11.143658607069,11.7382395839641,8.29786550408316,7.92009526453794
1157,10.8064384614025,9.55497646366155,10.5797700145541,9.9229654537925,10.6270707096081,11.3017397205894
1158,10.7532812301714,11.2051622498112,10.1979460808686,10.3112816623865,10.5582728022871,10.0949743569992
1159,5.83292838239737,11.7293326085829,11.3655024599584,8.86462328029231,8.76155952336645,11.0522398093054
1160,11.4084050909366,10.1019169591259,10.6855059339935,10.1461456684792,9.43635813681607,10.8473665535157
1161,11.1923403150172,10.4308419467479,11.3811939261618,10.2177484909467,9.72445063498681,9.45411283301006
1162,9.60799880890055,9.80627054006953,10.7816552953769,11.2470058894504,10.3000524804314,10.9572975609459
1163,10.7031195073117,11.2744810419363,8.30553214818929,10.6009467624489,11.3730027711183,8.80802917830795
1164,10.185214498515,11.5064856339259,10.7513859080808,10.7289876888281,9.16878718150723,10.000166222807
1165,10.5954369148028,11.4422104508384,10.091315794441,10.4672953403626,10.7796007796516,8.98357260573209
1166,10.1414199831801,10.4014335445297,10.8909207666235,11.0387349584654,10.0967495401421,10.5668438131059
1167,10.4593813352992,9.67171930428932,9.92854641673666,11.9471599895939,10.7236547082123,7.9821663082058
1168,9.82349589640093,10.3017661662037,10.145003375653,11.3657576190592,10.0592396528337,11.0197160107053
1169,9.70980680709923,9.98372115890582,9.60057597749538,11.6815474740666,10.4899225995149,10.7544144151368
1170,10.4946170608678,10.6117421753642,10.3828680699057,9.69606581973831,10.7563509742044,11.0891734739192
1171,9.34599252031419,10.8283996836503,10.0874945103874,10.9469104512242,10.5921765087875,10.9628944693637
1172,10.9952706950123,11.3288190780887,7.36646588516747,11.8087194562827,7.4009931801432,9.01894422216493
1173,10.8948127250652,11.3523275696654,10.4389248844015,9.2328757031175,9.84032219165026,10.6782086508086
1174,10.5754631467624,10.6724327741059,10.601367686154,10.1692067722298,10.3693328761684,10.8758300226689
1175,11.4227037346493,10.2774105416577,10.5915088755035,9.09004489440833,11.5000657922666,6.70518340375094
1176,11.4428876180788,10.6647712537938,10.2306524776147,10.2177484909467,11.0394428220077,7.24847266934486
1177,10.0403840634917,10.6135120997533,11.1631527059657,10.6992783386033,10.2096744162982,10.3286025864107
1178,11.4150613755992,11.1634851367264,9.82065459529028,10.733066017137,8.7289612423454,9.94890836284916
1179,10.9993651603361,9.30624927525787,10.1801148831524,10.7322512733505,10.3735543799161,11.0936446819995
1180,10.1911932507242,10.3300297298178,10.1277421325264,10.2477056037107,11.5063266542605,10.4035746860393
1181,10.0535715293614,10.2064731682595,10.9319842748687,10.470230225981,10.0193816949226,11.2228830189832
1182,10.0430312200637,9.53269643179126,11.2596897872932,9.43070270517016,11.9127949511205,8.03635835041661
1183,11.6195250890737,10.0635845446246,10.2761258027815,10.9650555432975,9.17363868508215,9.97822383548091
1184,10.0783003217397,10.1636239043406,10.6972542701232,10.8261123185457,10.7788052689386,10.6236006367909
1185,10.2958882471712,10.4811490334884,10.9999622617496,10.4741341412924,10.0085642235666,10.8511439889525
1186,10.8607102218732,10.4606463809192,12.0307075948564,9.83310022371638,9.04980698668568,7.029773020439
1187,10.236996038258,11.7182721587764,9.17054504516305,11.166665320932,7.78492347542121,10.3932480761942
1188,9.8599848390929,9.3578568808423,11.4927733719559,10.5946847430195,6.58147166991009,11.5091348320332
1189,11.2672605583583,10.7420438508914,10.4449104394751,10.6062926567237,10.0513556883337,9.70853518597685
1190,10.1352308714112,11.6392485768752,10.2705194186096,10.6697955243672,8.77439508226396,10.4481535375545
1191,10.5999380948013,10.9004840241742,8.60211386078609,10.6925923371358,11.1512328536965,10.2845829877391
1192,10.4888038859824,10.5640299794251,10.9870307675504,11.0261595679256,9.91897337860619,9.93758194092713
1193,11.0756767115726,9.90785626549576,8.30991672535133,11.230945700561,11.3000308485312,9.38072748478906
1194,9.72142232494266,10.3418226664186,10.9842935140865,10.381557340479,9.4403890362319,11.4614971392417
1195,10.9822276852737,9.76545624405597,9.77227791240082,10.9843445003251,10.854752101476,10.4300829311595
1196,9.61513284149944,10.8420512009413,10.8327645477135,9.05657623554688,9.85398401922364,11.600384840965
1197,11.13332566181,9.61098882917733,7.72349165518506,6.68544413498866,11.5780401972155,11.3569814015574
1198,8.60574650909157,10.1804390897931,10.1825051505697,8.91146488243183,12.0447130865572,10.6411614966637
1199,10.6718212797284,9.5586565635798,10.3438929637818,10.7051032772859,11.1731932173907,10.3901356222838
1200,10.7164463606077,10.3672228677843,10.7360096563987,9.76142537631786,9.53011957316109,11.3890348262794
1201,10.2947780856796,11.0634438060715,10.2928153876181,10.1655899677503,11.1475400712497,9.85720778653061
1202,11.0189928861127,10.0790399692182,10.7769179419783,10.1811977057711,10.44349188293,10.577828202326
1203,10.2404598161041,10.8697133753998,10.6392728785657,9.75662484700714,10.1308168587828,11.1838753767203
1204,9.52710285587228,11.2376581725945,10.3223784912678,11.386619062243,10.6902001505077,7.72918737348703
1205,10.3179139160213,10.8837147828061,10.0874945103874,10.7532864816571,10.854752101476,10.1646333267808
1206,9.77336195908298,9.13439636475595,11.7492700288354,11.2880552934157,9.85398401922364,9.37023315037624
1207,9.94027929029859,9.29966647821804,10.5532339043906,10.8660276835584,11.4252800960206,10.2868161659112
1208,11.7180506666292,9.131927827695,10.2398625501124,10.7676716935897,9.9376274479681,10.1239925269347
1209,10.7255376728388,10.5713337241556,10.3136820422568,10.4770551599189,10.6393937627757,10.5125405485648
1210,11.0416696949697,10.9545487374757,9.76910040296101,9.51461315153438,10.9044653247844,10.4046032926723
1211,10.2622060091903,10.4055256968592,11.5382719138702,10.6942667449028,9.99629679787189,9.4855669089538
1212,10.3331341877281,10.1478323085219,10.3797468624632,10.6883977950476,10.3000524804314,11.1639687634625
1213,10.2207208454881,10.5594462885739,11.0616382656467,10.357454058953,10.3044813671516,10.5869183961834
1214,10.8874674100532,10.6715835007307,10.6226467629978,9.9357627037422,10.6173139153333,10.3511860986259
1215,10.8387889682577,9.0765222169342,9.6549551958443,10.991171383565,11.3296639989196,10.2029783520988
1216,9.3986245765286,9.36207528124936,9.89249860118311,9.72092405860447,10.0017618721496,12.2312601530686
1217,11.2683920226225,10.0917941763812,11.5558926669891,9.87356886979699,9.62879094463535,9.34687317789883
1218,11.5142512820158,10.0570955846586,10.0048161874809,10.3101901026297,9.88388812937502,10.7487555550811
1219,10.6658228372279,10.0361325340851,8.72205963356621,8.75008860247926,9.95604333381254,12.1138542814385
1220,10.636327388699,11.2376581725945,11.6564639340057,7.12683163653454,9.30103262932556,9.85269222465725
1221,10.6546162624123,11.16046161531,10.1474524912035,10.2270325053218,11.0281069536275,9.26539955594464
1222,8.06912047216825,8.92505754342102,10.7918665006968,11.9223727643927,9.06555408189739,10.9488612718261
1223,10.6828954991418,9.86243053846815,9.15114419781374,10.331865881992,11.023413228287,11.2471679155261
1224,11.0904663023186,10.0068016432626,10.1077586971591,9.78519122454125,10.2049441620474,11.324743038357
1225,10.9437929227304,7.79224261151799,5.72200796090662,12.2213082500216,4.58465586762789,10.8706287752127
1226,9.52521052319969,9.83992587678902,11.1960547579961,10.2177484909467,11.1616446942595,10.5039279077092
1227,10.5327841704473,10.1756547202625,10.7745434185119,8.30429063957553,10.6437694652181,11.3612259273216
1228,11.5104310317465,10.6792090212821,6.55812659875566,9.52217614077538,9.45640088788952,11.4752691769537
1229,11.2570372469691,10.3471513850848,9.67546672084246,10.4475753386853,10.466400057824,10.6013446008369
1230,9.49845376636713,11.6625161328612,10.1215269977592,10.7133840279251,10.3491102698439,9.73331144629723
1231,9.96282229221303,11.5579438629899,10.6111595756207,9.16201856960502,10.0605494674299,10.7275404144823
1232,9.96561555406228,9.97273061909544,11.5114305506995,9.9114940071022,10.3469649885943,10.7527998618434
1233,11.1935320673034,10.3693194997102,10.7113926619651,9.50701028715506,10.4414825675054,10.5125405485648
1234,10.1888047227938,9.85197204672778,9.66524742484445,7.64103461137613,11.502477032693,11.5148613809304
1235,10.7230639007725,10.6741298223552,10.3911584224549,9.79302693501961,10.3809124135415,10.9830031532574
1236,10.4819921070344,10.1708544286374,10.615588556537,10.4093479784991,11.4444685112856,9.25402785046821
1237,8.95700885466612,11.2507955166186,11.1978280144058,9.29821183103223,10.7899026956067,10.2449320907943
1238,8.31264957480225,11.3785848733403,10.5933064054107,11.785344833962,4.58465586762789,9.61741727019834
1239,10.3113414568279,10.214659160096,10.3973450677498,11.1588041077488,10.4996115682767,10.3973875955517
1240,10.2018929495835,10.8397849005505,10.1932126062814,11.1732838205014,9.97144442762471,10.4411529538567
1241,8.74565717234622,9.45584075883045,11.2177740477884,11.0407105638787,11.5812374494568,7.6478862557902
1242,10.096254027747,10.0700444427756,11.2060745125047,10.6309815116998,10.7660170719144,9.98649139838931
1243,9.76857130955069,9.68693095546773,10.3417558991495,10.8771268219104,10.8949524892973,11.0337446620199
1244,10.6947272669878,9.96581875916253,9.02891350270091,12.0220673976927,8.67179300720734,10.1227429326013
1245,10.7828785669002,11.0640911089993,9.35989243070383,10.6774345607085,10.2214326280888,10.5211020723975
1246,11.5066006383049,10.1094626957324,10.5679348427514,9.09004489440833,10.4110020605754,10.4816813233107
1247,10.839550445035,10.8299229142022,10.0209341512113,10.0565515736817,10.4683749865284,10.7217749331072
1248,8.84916399890631,11.4059055168876,5.26394015144231,10.797577421517,10.089068499166,11.4345596657848
1249,10.9711518859308,11.0960914385094,8.7895085943591,9.23747794993615,11.4273119901144,9.75121394674905
1250,11.1622219781975,5.66440597891531,9.41988615453321,10.726535145962,10.6507430983131,11.3039463838749
1251,10.862959041129,9.90496835522907,10.3566492871539,10.8037951342205,9.88536718210445,10.9537884341122
1252,10.434395638155,10.9184930491841,10.2178918342758,10.2981281098317,10.6376397586254,10.533379694703
1253,11.1025704558084,11.2004596392917,9.57714708824008,10.6967747180932,10.2855639583663,9.26766317314085
1254,10.243915296225,10.5767873666733,10.9076311733911,10.8123009655644,10.6279544273307,9.63505576408741
1255,9.36938765184731,8.95329863438652,12.2556414144337,9.2420655519861,10.2629858206216,9.8913652684851
1256,11.5849776484028,11.2485193379688,9.85402790778811,7.24186309928311,10.6524812517693,9.32095037184479
1257,11.5247051054406,9.95748056646961,9.74342510899583,10.3243163537155,10.741729290737,10.0217797972814
1258,10.7701541684387,11.1904154015471,9.24334998933201,10.9228325754098,10.8273156720706,8.5422680698503
1259,10.2947780856796,10.5278848531767,10.6762075043359,10.4838479552357,9.57847132936905,11.1351341487506
1260,11.3129379675852,11.16046161531,9.85552668113335,10.4134199511642,10.2889204033317,8.76058573651534
1261,11.4790106738632,10.2181532707368,8.95810583221106,10.6791266447856,11.1157638041846,8.69815708515186
1262,9.37360082711304,10.5428233472637,10.9255777685647,10.854093714681,10.4947752186128,10.4561128233374
1263,9.39448399408385,9.15642501419052,7.27037962827338,10.5049908490424,11.6088033219362,11.4737998743347
1264,10.797060625881,11.445691850725,10.3169493578113,9.16926307271067,10.718685717574,9.42398816979356
1265,11.0711452704055,10.2918521557219,11.450758815607,9.90716858243763,9.66713173597781,9.66111548151073
1266,11.0136049599231,10.8337239687262,10.261503632,10.6344742489858,10.1005747761871,9.93758194092713
1267,10.5736335607058,9.82013368903081,10.0236030539698,10.6222124902797,11.0631581194473,10.654193258679
1268,10.5004069033818,9.63906902628179,10.2535683263865,11.3604947793953,9.73433342110343,10.8359745344948
1269,10.1377097037909,10.2995689337919,11.3660282679114,10.5201751627372,9.65850699460446,10.5173032225717
1270,9.92457402907398,11.1099497900759,10.2569745184551,10.2408474390171,9.82652971379082,11.1326533179879
1271,6.40600792745989,10.4197574962701,8.08275043738614,8.97348281942241,10.2629858206216,12.377768254809
1272,9.44540581480848,9.05843699303148,10.8613900150253,10.9149558372573,11.2102474625474,10.435125293469
1273,10.9252610372711,11.3464862630314,8.66504634665435,10.4103670497922,9.91028175528987,10.5371364974794
1274,11.2891656173022,10.1082078110784,10.7163497821347,10.2235579986985,9.50339651687673,10.6040335262335
1275,10.2599323136856,10.2829821325411,10.4055528687791,9.56124386807438,10.1930502121484,11.5561755765218
1276,10.2508015216769,10.3192245662897,10.1860831412797,11.1012809455104,10.8772238063514,9.99607737155582
1277,9.32221151081672,11.4969291469207,8.55119159406553,11.9749763761841,8.69897850880851,8.61166278868701
1278,10.3168205836819,10.5912304118919,10.1681037682004,10.4455884298988,10.6628664200023,10.7863317101331
1279,9.18030111745303,8.10117211031758,11.3217206668416,10.0591530344524,11.4668664111129,10.4884884150699
1280,9.7181131407851,9.99869769666269,9.68898076902692,12.3006649163945,8.32430752052254,9.3723381366192
1281,9.22295943450083,8.90205931880494,10.8365636676981,11.4715732349354,11.328577260912,8.7148497464935
1282,10.9057610443401,9.79695385194412,9.66524742484445,10.1607534110863,9.15658650685997,11.7336308555365
1283,9.88085138014044,10.6766716572773,10.8433769720154,10.6248487983103,10.8801937584626,9.73494816054862
1284,10.5374848296299,10.6587840336985,10.9155551949266,10.6292319666671,10.4037963019272,9.56501072600535
1285,11.0872640468474,9.57328376080211,9.97064722402878,10.5829826640162,11.1075507716953,10.050979338298
1286,11.1264782824026,7.91240514363607,12.0096620941787,9.81628182940528,8.7807702343146,9.61030101956942
1287,11.1561221137106,9.31280215361589,10.1825051505697,9.70273669070649,11.410976137625,10.1089254677931
1288,9.86448172517283,9.14422845710643,9.30828228837933,11.9794463088445,10.4394704493341,10.1779297211118
1289,10.7097983235928,10.3577501285303,11.175804024584,9.83916770239445,10.4068888928224,10.1646333267808
1290,9.45736404993121,10.3343292338768,10.4890275354178,10.7596976252805,10.7539242956721,10.8359745344948
1291,11.1695079323092,10.7109685266408,9.47358393024443,9.88387798123064,10.170177893094,10.914613934377
1292,10.3694425647361,10.1380277657811,10.7163497821347,10.2258752661187,10.8494579490827,10.5869183961834
1293,8.9793022429138,11.54594561648,8.98301179797672,11.1774798381229,10.7827784428959,9.26313237912925
1294,11.3898103900473,11.6522212976733,9.08366891400998,6.90001568787439,10.2675298091487,9.81913892326325
1295,9.57545158437821,7.39802072170113,9.11655146718581,11.1672682590109,10.0381192212796,11.9163588311256
1296,10.8334473464366,10.2158248043417,10.5587643279093,10.823054536053,10.7595802086303,9.2945529422836
1297,10.168340940076,11.0941913063891,10.400428468661,10.454508046255,10.5894570502686,10.047032219982
1298,11.0303758479529,8.42154382278083,10.3406861783686,10.5126029849566,7.59493617910663,11.6908496644371
1299,9.21828147871016,10.8495799247002,10.7335667748174,11.8884026471996,7.63782018168363,9.05609032226933
1300,9.82349589640093,9.22288199744859,9.94975042811329,11.2053413806191,10.3693328761684,11.2934345409132
1301,10.2947780856796,9.53643375777759,10.7327515607948,11.4193823274397,10.7120336593341,9.14250685559223
1302,11.0189928861127,11.6164824324648,9.41379439823412,10.3210687066941,9.67741379778567,9.40560657384215
1303,11.022350149775,8.7685568181357,10.1991270264052,9.59928104312126,11.3088746753592,10.7159863164466
1304,11.1652622655877,11.7301485377648,9.27506188651682,8.33470395565799,9.31427285447869,10.4451574465506
1305,10.3997052887816,9.99462858440296,10.6795956902447,10.2915060791793,11.326401325896,9.71684132360157
1306,7.18357660860687,11.7264732169096,9.40563181432244,10.0591530344524,11.0585772422997,10.2823463468605
1307,10.3439083182471,9.80936277623775,11.0544792634049,10.3479116058733,9.99081093754552,10.9774838681735
1308,8.67569388468545,10.4994512489475,11.0950080497524,10.6833481919291,10.104389894505,10.8639137827254
1309,9.93601296924406,10.5539265645187,9.12900152485273,11.317686264448,10.8838976207977,10.1934872359379
1310,10.0190300715818,11.0891120176465,11.1393589297318,9.8178189044156,10.306690721581,9.98098495870055
1311,9.98776901782047,8.50025828573978,11.9776787941244,7.64103461137613,11.5096866670619,6.9861289167993
1312,9.51189420338516,8.99736397887291,11.1151661224659,10.339376103707,9.9290478465934,11.5086565919735
1313,11.2536133133005,9.42391361141986,10.4754462434235,10.3721735281577,11.124556627993,9.06653000758925
1314,10.4293461423902,10.6398036315307,9.15358363061884,10.9863959596739,10.7019977013736,10.4381422720614
1315,7.62798546684061,9.36628137596822,11.7984040860424,10.6301070044175,10.577613125981,10.0731445812945
1316,10.0692389645455,9.6338454686317,10.4024804137274,10.6543950128621,10.2132119548603,11.3420264383762
1317,10.2701358378871,10.7026783172088,10.2637628671024,10.4205183610041,11.288899274919,9.25858730170613
1318,10.2018929495835,9.85197204672778,10.1572075797641,10.3178137312719,11.4514740833589,10.3436974780088
1319,10.1959584736917,10.451769531508,10.4278864413466,11.1702791752659,10.5867324553812,9.66111548151073
1320,11.4068646539939,9.67001917372881,10.9390694051556,11.4504275931532,7.56561687948794,6.8465148669387
1321,10.146352222856,9.50626037227427,11.17280185372,8.62213924044087,11.3787891380346,10.4381422720614
1322,9.80957097359367,11.6891956589052,11.0518671563549,8.8345547298754,8.63355493272312,10.4650148374736
1323,10.084738043757,10.5203571903941,10.7303031509505,10.8939813538631,10.3198762533203,10.1827345453956
1324,9.14376217354841,12.303188513532,10.2939211906604,8.57562103396934,10.1810573713879,7.37199372696085
1325,11.2218426967948,9.80936277623775,10.8843288555775,9.74858828422055,10.3209696264096,10.331850530322
1326,8.75860672944273,10.6851122384409,10.7481623944665,10.3286352068938,10.6977953575088,10.8541588317159
1327,10.2125138640893,10.2064731682595,11.7257006419971,9.5353166708321,9.16391929567537,10.5705145775877
1328,9.49845376636713,10.1231948485863,10.8486540505694,11.7087231093062,9.20003398152751,9.90305901587176
1329,10.6683966531132,11.0653848441698,10.8380805186649,9.2166511483216,9.98116018699693,10.4300829311595
1330,9.1511444287061,10.9753445006902,10.0434639477303,11.6017221241925,9.50724455028642,10.0847426636895
1331,9.45736404993121,10.4388502011312,10.3818284176392,9.47229244291353,11.1107151662408,11.1233120206064
1332,10.3374535015999,10.3598605641574,11.0924683695784,10.1930897794729,10.2013862635838,10.4787541362031
1333,11.692989948241,9.46174919002583,7.82514652746457,8.43835966616112,11.8956529201175,7.57642582370735
1334,9.96002361034345,9.77655882469879,10.6200039809829,10.2212370026178,11.4063481525772,10.2518072625251
1335,10.3503343794628,10.5381716644146,11.3173772649193,10.2397012346937,10.3661586209432,9.42804134064536
1336,10.1659142372594,10.1367974986718,10.6728113417442,10.408328186761,10.5053938652524,10.848878714849
1337,11.2880503353479,9.97410902524202,9.23876223546936,11.7651742215284,9.46631875160165,7.98767839763957
1338,10.3211889496188,10.796034584221,10.6821316174779,7.99706642804673,11.0852035004002,10.4875179378318
1339,9.70813978397425,9.98372115890582,10.5374482382809,11.5383479183629,10.257285631084,9.99060747621485
1340,9.77176684338731,10.7573340354526,10.3492218145516,10.0925518619937,10.3746078282961,11.1214364806984
1341,10.1013428778394,10.3267966707962,10.6762075043359,10.5684485563154,10.1005747761871,10.9059235383247
1342,10.5791153721104,9.40154629792804,10.782443343972,10.7379448401594,10.2810765147541,10.6739494057044
1343,10.1816153158028,10.577694305931,10.2705194186096,10.4535196970423,10.3735543799161,10.8861765943169
1344,10.9732350860202,9.01086261141079,10.6173563484411,10.5211188962614,10.7716258624615,10.2677230299924
1345,10.8933466510512,9.53643375777759,10.8516608795601,8.57925318851437,10.2143892090655,11.278363656039
1346,10.8048797162315,10.3952734667725,11.0413711728559,8.91146488243183,10.4324058507479,10.471900844354
1347,10.4771067814449,9.54202164795683,10.8531619471083,10.3297129027555,10.5197490092299,10.7688646500124
1348,9.38616698681189,9.71688120933665,10.8931113935577,11.022165509054,10.809509650247,10.2620589655741
1349,10.384131441008,10.66306315364,10.8945699656165,10.5766420028114,9.59302841746305,10.3870164381344
1350,9.26892264588601,10.9391056970263,9.69401606618221,10.3340156525698,10.9942403953263,10.7855423242841
1351,7.78211537669314,10.8222906264629,8.60568318801979,12.2391967011978,4.21631622607199,10.2299225068039
1352,10.2914424655077,10.1599950047327,10.835804643693,10.8053453840333,10.1798525848204,10.3649912276536
1353,10.7394761460944,10.3942442247361,10.2928153876181,9.95265096905404,11.0566095475753,10.05360476243
1354,9.7669708835631,10.2331973674212,11.180594540592,10.0342476424992,10.5939866371465,10.5436874514086
1355,11.7644990276275,10.2216389378187,9.180148428586,10.4633728478234,9.86302053483361,9.79893873724352
1356,9.33090460119685,11.8460860092589,10.2750062678142,9.77097876231537,10.3351085699689,9.52772563899958
1357,9.69641635415636,9.05322783287618,11.2084220224063,10.7125580886176,10.8993508249127,10.1827345453956
1358,10.3683876134017,10.5957143677701,10.6719610503332,9.64502576391057,10.8157280083048,10.4179088582457
1359,10.556135771017,10.6544921826299,10.1523382822137,11.5918752678935,8.4173060427382,9.58147956721459
1360,10.6794970928803,9.50435340693045,9.6990338438141,10.4963789054835,11.0768141156303,10.7035033633924
1361,9.86896463393561,10.4478066626418,10.7146993007169,10.4564827154675,9.87349207203737,11.0370648054165
1362,9.97950129230179,11.4693406296197,10.6200039809829,10.3908805027486,8.0667673502917,10.4660005675508
1363,10.0640353725351,11.3697109064046,10.18369880056,9.88094003222947,10.4654115786007,10.239177642385
1364,10.4273213844432,10.780363633567,9.88224163646384,11.1012809455104,10.4840778262064,9.52394355490715
1365,9.66925658489378,10.6501875244462,10.6651406157141,9.88973598609387,10.7086960918293,10.7981209544396
1366,9.81732363401826,10.7159198797986,10.3619313067664,10.3297129027555,10.4554893522323,10.8549115589545
1367,11.4140393286643,9.45386588952736,11.3352101219542,10.3595660586147,6.08959780894912,10.0217797972814
1368,9.74111954242154,10.3072446488875,10.6270406688843,10.2001782453305,10.6226439821149,10.9523823898216
1369,9.87492025276676,10.8770994739213,10.8621356992979,10.6689442400952,10.2989431307558,9.74472962997413
1370,10.0028045142508,10.2239580451265,10.8043357174993,10.5426560884902,10.4713323190982,10.5585502803884
1371,10.8001933495875,10.2785265828145,10.0759695382333,9.74536107777489,9.93191338809939,11.2834047981377
1372,10.1840157685326,10.3006679683638,11.0294711852339,10.4144361508293,10.2538546736238,10.3702659101277
1373,10.2633415143694,10.375591172741,8.76098765087988,10.5720958347022,11.4186566059117,10.2077005933354
1374,9.7181131407851,9.90207465090506,10.3661430406628,9.84219189646955,10.5545593496452,11.4966487737683
1375,10.5261774071857,11.137888406598,10.731935885824,10.7874161293793,9.20240976140222,9.29233118423265
1376,10.1899994811567,11.71703796913,11.2060745125047,8.78195256627495,9.43635813681607,8.56085648182466
1377,9.92457402907398,9.47349391551127,7.48009930499179,10.6552549238257,9.95322538040075,11.9505644196293
1378,9.20887978191485,10.6766716572773,10.2750062678142,10.5323958014004,11.0173559112901,10.4411529538567
1379,9.96142363009542,10.390119897028,10.7481623944665,10.7636901691752,10.5349053245889,10.1289801067344
1380,10.4212300023296,10.208816767367,11.0168026739462,9.63634066225323,10.7136995518306,10.3469116484766
1381,10.602632076558,9.1368606818495,10.7949939238276,10.7117316761485,9.78434276838108,10.9210975469082
1382,9.48877617235082,10.4126591479894,9.98441209606485,11.5158002122817,9.98943620607912,10.3870164381344
1383,10.9459159783832,10.0121790884812,9.92712167046907,10.8822773397335,9.7457783904099,10.6925967340626
1384,11.5166338114294,8.82467439101142,9.66695567763633,8.57925318851437,10.4713323190982,11.2257956067368
1385,10.9238255980639,10.5306976300034,9.29287463877861,9.73563590178848,11.3923744459774,9.64205119557581
1386,10.7868320335559,11.0602029275697,9.27506188651682,10.9271109194875,9.69101016371941,10.0692577365565
1387,11.7005539793728,10.3921835348987,10.2213832202175,9.52217614077538,7.61653856340897,10.6218327355794
1388,10.55706201796,9.68861127699255,9.83743778002046,10.6723463671609,10.7962059623161,10.747134652283
1389,9.84489314242295,10.5921283187844,10.7697826137033,10.5666214531468,10.4544933655235,10.2722383223155
1390,9.35667375205916,11.4155750735104,5.72200796090662,10.7281706377434,7.65879047911152,11.5598733998813
1391,11.3013771480955,9.3578568808423,8.92421388137467,10.8689958135594,9.26739013969792,11.1113922103687
1392,11.0541884737665,10.9753445006902,10.6997593707454,9.38165464271821,10.59579449697,8.41317135252611
1393,11.3341653220988,7.97444594218767,11.0393946459007,10.6283563978045,9.95745024860554,9.72180214018578
1394,10.3190064202887,9.72672798418628,10.3870192020069,10.6230917950591,10.0500374944026,11.1407004686717
1395,10.3298861933851,9.5345663055407,9.98441209606485,11.2673954226111,9.72940049340908,10.9649877243971
1396,10.7717508697513,9.91361479636982,9.8704293708795,9.9651886505263,10.4544933655235,11.1748609539619
1397,10.256515036349,11.3288190780887,10.3492218145516,10.4376133134647,9.62702372550447,10.0588413175564
1398,9.57178946130885,10.1207077979765,11.0094171007655,9.35649041402478,11.6052179941798,9.3511486927061
1399,12.2489884983138,9.23902836245004,9.32135904837167,8.82234939866586,9.43635813681607,10.1127070133746
1400,10.8607102218732,10.4576934965048,11.0499049675242,9.1474194207438,9.98668280602098,10.4290723401351
1401,9.55147983908866,11.5915564758541,9.43400095923058,9.68936394858617,11.1251826408541,9.56316919067698
1402,10.2914424655077,11.2688768020404,9.47358393024443,10.7952388526773,9.52063237324426,10.43613165427
1403,10.0627315359929,10.8061301668695,8.99937983826614,11.1138465771086,10.0314551561041,10.7209494086401
1404,8.91425588139731,10.6639174565324,10.9155551949266,10.5239463980083,9.89861084288693,10.855663893633
1405,10.0041636373856,10.5502349797186,10.7064184487776,10.8107581764655,9.64285127290517,10.5723464629452
1406,11.1542871135363,10.1231948485863,10.652264728565,10.0156171430635,9.98116018699693,10.3122522542556
1407,8.82782077235566,8.66647012801063,11.0544792634049,10.9483143591661,10.3198762533203,11.0163556515059
1408,10.3535367066371,10.5146855516919,11.2523139141867,10.6621158202071,7.38427994490824,10.3501186729694
1409,10.07312937588,10.2389420347059,10.0275971712654,11.5577921574633,9.83114187740578,10.0377800530317
1410,10.0666395151297,10.9897251981649,9.41785842733906,10.6604036528334,10.6314838944231,10.3639339726756
1411,10.3406845204303,10.2029506145257,9.98029641013458,10.3805177041253,9.86602016857679,11.3214792218047
1412,10.4017691553871,10.845067407082,10.0798214365817,9.30918339532328,10.1894628181252,11.1251851253071
1413,9.29803167216639,9.93500680719563,11.0629360940946,11.6802807701674,8.39253282630083,9.84816248071569
1414,11.3529531702959,10.2684509897956,7.73659936617821,10.4584546852275,8.60149613212473,11.2574518742666
1415,11.0236908706305,10.584026965092,10.074683282824,10.4682742991866,10.1295693506471,10.0588413175564
1416,11.179767114012,11.3180054342038,10.5615216089365,7.83615364268337,10.1370382664284,9.12013129326534
1417,10.0430312200637,11.6418524701124,10.6147038475326,9.57039175904644,9.97422704352031,9.45212398435611
1418,10.8118808440265,9.68356442754057,10.2478734042787,10.1595417336943,9.86302053483361,11.2217163353887
1419,10.6186911620596,9.94909388966211,10.7113926619651,11.1594103396577,10.089068499166,9.39942693032064
1420,9.97950129230179,9.79227284094737,9.59520299670613,9.78519122454125,9.64983036223817,11.9449195121197
1421,12.1211158725908,6.73831569663513,10.8688295691181,7.23262373621769,8.69897850880851,10.3479814490678
1422,9.78289578126871,7.62634201431698,10.6004742096844,10.8344879531514,10.910288350083,10.902287031726
1423,10.8539426534923,10.5108920326437,7.7168926127835,10.0421590600763,10.4811465348321,11.1633612236874
1424,9.85697910670784,10.6943401896101,9.69401606618221,11.4769331650391,10.1966287062718,9.69346250915558
1425,9.35667375205916,9.9518948705357,9.86746112635058,11.9510166940416,10.1966287062718,9.08974646758894
1426,8.88503261607018,11.2410968563861,8.60568318801979,9.55572714844566,11.6230561883668,10.0821733594765
1427,8.66885002995428,6.68482298260169,12.3305594327475,9.68431702730639,8.23420964718284,10.5220502237598
1428,10.230043429285,10.2052999392439,10.7163497821347,11.2487160672627,9.13684806848121,10.2252725744649
1429,9.3778017272255,11.4610092852357,9.3321664733429,8.90279727380046,11.2214148690095,10.307860683121
1430,7.49462286065942,7.24119658081025,10.3890902969129,11.0094442058365,11.1475400712497,11.1431675113375
1431,10.3934959121876,10.6475985502544,10.8909207666235,10.815381602698,9.40987898809299,9.84664939907184
1432,9.33739019488368,10.2896397581622,9.78806128973362,10.4867493896917,9.80637145933804,11.6191145605815
1433,9.67609463009859,8.9392472635071,10.1486754913308,7.93598217998994,11.3501579865678,11.537542934919
1434,10.7923487475311,10.8607998472319,11.112661713672,9.81320275622258,9.18569649066127,9.83753742197456
1435,10.598139307859,10.0622890859329,10.772958228675,10.6466326599369,9.9825428254298,10.3034557010801
1436,8.48234607707144,9.56964084740488,3.91080833730622,12.7057524725591,8.12310165836782,6.95249255256478
1437,10.6701099826768,10.1756547202625,10.3629853936752,9.70439959822219,10.5330194709754,10.8306273144198
1438,10.5440401245449,9.88751839787908,10.4167628772001,10.4245589669944,10.5159349171237,10.6315294891886
1439,10.8250132020997,10.2366469125009,8.77055750049208,11.0667966615656,10.3264240948894,10.3880569157854
1440,9.84792414159884,10.6707337270706,10.6677020591421,10.9483143591661,9.93048132899237,10.0834585836668
1441,9.96282229221303,10.7282244176768,11.1301019549308,9.37540463880381,10.5330194709754,10.1536625475733
1442,8.3257680038476,9.37674324390168,11.8515628955292,11.5369489641858,8.63002787826625,7.26678626237118
1443,10.4888038859824,9.84746651531846,10.6427488285556,9.71598657045089,10.7867407039139,10.6993182589093
1444,10.8659520239682,10.7323027174453,11.0492503110444,8.28661859260007,9.65156986999208,10.462053599239
1445,9.84489314242295,10.4772661672159,9.91567274860905,10.5574510623615,10.4364469997878,10.9740235610065
1446,10.1277687114878,10.0121790884812,10.7713712950192,10.3436501681124,10.7523042391632,10.3350911774417
1447,10.4751480091803,10.4448273501201,10.7105648166287,9.77573182867217,10.2481182136588,10.6679652560578
1448,10.2101604099994,9.69028964298214,11.4237381992129,10.991171383565,9.69944325612194,9.16939135590238
1449,8.69266260715658,11.8721932403687,10.0222692198992,9.91724113525677,7.86525034804955,10.8051485305415
1450,9.66754199544611,10.6310929218061,10.2352648646926,10.6646802669716,10.9168112805051,10.0231199520818
1451,9.75733085142879,11.4546056339675,9.28399577178797,10.2142515219123,10.3231538894423,10.4816813233107
1452,10.2404598161041,10.1840169814473,11.6828713779545,7.9806629481248,10.1579925556559,10.1536625475733
1453,9.91014658329726,11.139117652391,10.6436165089419,10.5793628424415,9.79539917175595,9.89283218234474
1454,10.0808788595489,10.5676864742572,10.847148282595,10.3825962280822,10.6576831814095,9.63855772149996
1455,9.92170006228926,8.20357646180534,9.01824387540728,11.616809013355,10.9969791708372,10.2563725724359
1456,10.7435501969299,9.39332592863312,9.9171088437501,10.3243163537155,11.2067028773235,10.2241077454466
1457,10.2007080060556,9.52707221843495,10.3839069733989,11.6088414942196,10.4079182848178,8.7923876365966
1458,10.2690056707361,11.0998842109689,9.77069003277114,10.8712179102489,9.76036114234875,10.1389038241251
1459,10.2678746174023,10.8540783708486,9.78334438664042,10.5838862019136,10.7490586577772,9.90014445542914
1460,9.96979533011018,10.9635970644703,10.3755747191434,9.78519122454125,10.2001983445535,10.8012485489044
1461,10.9508576578624,9.92648803869128,8.79577063576136,11.1374238804527,10.8993508249127,9.25858730170613
1462,10.4975148869578,10.6681813984769,9.89687221151467,9.75662484700714,9.2719214215351,11.3770325945824
1463,9.43737820522324,10.4994512489475,10.6787493895325,10.6714965873087,10.8697720648222,9.78162247211453
1464,10.3460535210322,10.9033806188904,10.068234743876,9.82700711168865,11.1689492465284,9.37444005426269
1465,9.34384674576189,9.35362610248822,9.95674972048206,11.3456558617769,11.3991194246424,9.12762847082244
1466,10.5782031822872,10.1318659100344,11.3443114298012,10.7338803010269,9.47616886586289,8.91300914207397
1467,10.3200980977376,9.96858747911497,10.6829759368564,10.4770551599189,10.7914810962039,10.0069553214256
1468,10.4534241186897,10.891759179138,9.37041588754031,9.74697558368523,11.0579216422233,10.2159274973685
1469,10.5214396957461,9.80781748689162,8.26545791079084,10.9249733334945,10.7482461201936,10.8183301527701
1470,9.91882035735402,11.5150326792591,9.71728442307917,9.55018924295689,10.5377294903857,10.1791324285062
1471,10.2587941205349,10.9468478818589,10.4656664325368,9.04874107765996,10.2618475833403,10.7855423242841
1472,10.7709527400068,8.10621746179987,10.534644511791,10.0539454124457,11.2697762169308,10.1089254677931
1473,10.07312937588,10.5127900391816,9.07597291156405,10.1583290375976,10.5282940224313,11.248887007706
1474,9.2507128237701,9.95608616915202,10.7918665006968,10.553766520268,10.9728367255039,10.2620589655741
1475,9.67779908728385,10.6698834525357,11.8952024777352,8.98447759373001,10.3565937282629,4.78406513543858
1476,9.68290040524672,10.4288329171168,11.1294827061525,9.97624249215004,10.5489711850886,10.1863276892516
1477,11.0290413284154,9.79539520244803,10.0772546476364,9.94984995484195,11.1031089257591,9.77368218273356
1478,11.2118794328046,10.9468478818589,9.82065459529028,8.74363036335848,9.83420847950075,10.5732615339921
1479,10.2381515553032,10.3181395849476,10.1932126062814,10.3329411677653,10.9454504675601,10.2264364635958
1480,9.78289578126871,9.58956393877086,10.3363993446581,10.9185415052062,10.3619153856335,10.902287031726
1481,11.3545522298927,10.5118413480763,10.4449104394751,8.77879769468962,10.8063903904847,8.68126872903799
1482,10.8911447426093,10.4537468908486,9.35566144767095,10.9904901472238,10.1990094464026,9.87512997206589
1483,10.5119173353562,9.9207807780496,10.8643704422063,9.10018853511402,9.8296061277475,11.1987753607582
1484,10.4897743767525,11.2468098440606,9.58620330148504,10.8741753914692,9.56191701300887,9.68332582317144
1485,10.4089695227771,10.8807783900549,10.6182394326683,9.56307809462413,9.83114187740578,10.6550578712272
1486,9.65548244950284,10.4288329171168,10.400428468661,10.6518122001147,10.4703472150768,10.5823804594967
1487,9.38825074048851,10.188773740051,10.2306524776147,9.95544655419748,10.7772129302457,11.1724475642996
1488,10.0548836686743,9.314979844734,11.7399695679436,10.7882003133968,8.94586953380547,9.43812470099616
1489,10.084738043757,10.9263463499413,10.1177850216193,9.9428235281454,10.6628664200023,10.3818027624761
1490,10.3439083182471,9.71523352398508,11.207835502956,9.73237954834597,11.0374488363201,9.28117074604158
1491,8.95981445964544,10.6613530285635,10.9726018934053,10.9271109194875,9.27643850651681,10.4189272977755
1492,10.5718016512192,11.2249790719015,9.60770895263969,9.60106755085816,10.069685015855,10.5741760249334
1493,9.29136617892886,10.0268645158237,9.82525123040573,11.3933345909066,10.2686635731778,10.6085039602441
1494,9.4553778849073,11.0465111681494,10.4637024886078,9.45856205091032,10.3044813671516,10.8639137827254
1495,10.3862176946287,10.7779982387018,9.60592901377254,10.3763516495657,10.9846135261962,9.70853518597685
1496,10.032413318577,10.6302189508964,10.1140333125242,10.0035120545372,11.0407706162793,10.2124074253346
1497,10.6528844206093,10.491773336809,11.320636041698,8.82541043745557,9.93048132899237,9.97960505780637
1498,8.3257680038476,9.67849985451484,8.87774795561339,10.4113854016577,11.3645445890202,11.2551728771887
1499,9.56074695945747,11.0053127257227,8.72205963356621,10.6142745346455,9.89861084288693,11.1572717122281
1500,10.5449741682011,10.0905238187316,9.4499647734342,10.8660276835584,10.8395741062533,10.0364534567515
1501,10.097527924427,10.9206391018701,10.4832226319145,10.4515409647633,10.5665932833668,9.32964319600174
1502,10.1622665108578,10.2962667969075,10.8433769720154,9.78833061919794,10.1081949484886,10.8136915566557
1503,8.98206482557167,9.08675565783144,11.677374242479,9.50128171665853,10.7261327997662,10.3209954887608
1504,9.31784523132953,10.3148797357782,9.82830753502604,11.2685197688815,10.6893537648331,10.0757300043752
1505,9.05734256241591,9.28196398304757,9.26607229641125,10.7452322753594,11.8292046515797,9.82529787139323
1506,11.1120551418142,10.777208911063,10.7903002429283,8.9540378004202,9.0914228787991,10.2722383223155
1507,10.2780223109927,9.894814887824,10.5476821965622,10.5657070330073,10.4524993266797,10.4630413542412
1508,12.5005527246807,11.0346710502168,3.49023065076089,4.08267841278862,5.26983295724657,5.344059271782
1509,10.4849153804715,9.19003641864914,10.399401400507,10.9476125759767,9.44641433581846,10.945331538415
1510,8.41029541429604,11.019399204011,10.6812868036363,10.1001506834342,11.2220002394068,8.84185432060252
1511,9.23690291155162,10.6647712537938,10.7626118168557,9.8616960863608,11.3171168118294,9.13011889014523
1512,10.9423758144888,10.8291614999743,9.44599035829262,10.3221520683372,9.45241456289788,10.5860119501609
1513,10.8001933495875,9.54573491475434,10.6762075043359,8.22763782156977,11.6727173812388,8.153753413942
1514,10.0350751307335,10.4146908142901,9.68898076902692,10.0720904206483,11.3986016982631,9.95453839296665
1515,7.53293052823748,12.1054565845904,9.68054934067496,11.0241639207492,7.23372277914692,8.36320069129219
1516,11.0403455870362,11.4815058604009,9.70735820378218,9.60641383324736,9.67056724167696,9.22403466888142
1517,10.9627888720592,10.1587833398562,10.1486754913308,10.3014277598452,10.3650989817258,10.1634184637833
1518,9.61868666685858,11.1249176892856,11.2224274236892,9.61174036854346,8.60868223028123,10.4580958016847
1519,10.6310591233873,9.80161971908458,10.6084956452578,9.86318554026174,11.0180302038709,9.90451409043629
1520,9.87343365202619,10.6205701609328,10.272764587788,9.62057443912745,9.88536718210445,11.2956539346714
1521,10.5945349909369,10.6613530285635,10.9433038403985,10.0539454124457,8.89094771533673,10.3628759422249
1522,10.6675392246293,8.43763476751851,11.207835502956,10.1051944150383,9.92185898577699,10.6218327355794
1523,10.4731865735078,10.4927353136731,9.68054934067496,11.0114603056,9.85549404244425,10.3522527349793
1524,9.39448399408385,9.69364052653197,11.3260510311839,8.50481029392527,11.5106452351072,9.32312849625572
1525,10.8079955241282,11.6543721216427,8.14790116970649,9.72420635115071,10.2538546736238,9.25858730170613
1526,5.67062321398173,10.8726723543905,6.14367532553498,9.79302693501961,9.19527064378247,12.1372462745729
1527,11.4048081760595,10.1923310428937,9.70735820378218,10.6967747180932,9.64983036223817,9.64030551638437
1528,10.3266308690859,9.43196191680684,10.9601183727814,9.63285192291244,10.9333482138507,10.3012481553206
1529,11.0993949856163,10.8563223444948,10.7039248953819,7.57691773255897,9.60923139320491,10.3264332204399
1530,9.03623280204178,9.94206754687515,11.7244709989184,9.42062103585385,10.7946327257976,9.25174270618238
1531,10.1524938995498,10.3235563491451,11.176403709766,9.96241190246249,10.4212339591548,9.74959559871923
1532,10.2346822234614,10.9062714091732,10.3104073091545,10.0950892530969,10.1370382664284,10.3984206219322
1533,9.85697910670784,10.2951644026163,10.6261629577378,10.9608884256537,9.5656122078345,10.4913959354994
1534,11.8621577859729,10.7396147272939,7.62822188601598,9.49168323458238,9.1760583279347,10.0150602814873
1535,10.3168205836819,11.0744086491643,10.0811031201889,9.93292866695931,8.4456794101134,11.0436822560422
1536,9.98226246992988,9.91935042717253,9.86597471016759,10.3275567052663,10.3351085699689,11.2710507653514
1537,10.9338438066089,9.90062561869499,8.11819793728019,10.1871559980964,11.4619190651722,9.62626348406509
1538,9.91737834590859,9.70530768303218,10.9496322792472,10.7051032772859,9.86452113153185,10.6156279631243
1539,7.44725802222059,9.8216658453868,11.4110551802585,9.56307809462413,11.6155018894128,7.9931694251337
1540,9.54402302379014,9.42391361141986,11.0033461079468,10.8435698873585,10.8349893917812,9.63680780578607
1541,8.87019570704553,10.0479617159434,8.41132821314652,10.2095756695297,11.437428753727,11.0574808752948
1542,10.0364041969835,10.7913511478595,10.4577945625113,10.1919049743958,10.7595802086303,9.65421213808927
1543,9.85547388823737,10.1453874136995,10.5015252581618,10.5407960017013,10.5349053245889,10.5058462766984
1544,10.3352954613682,10.1244367676333,10.532772328784,10.3532207601305,10.1258203394701,10.6619561789676
1545,10.0783003217397,10.6170454470279,10.8043357174993,10.1847756338127,10.1665330883624,10.2006114214169
1546,9.60799880890055,10.5520819530094,7.63524082749803,11.108833450832,9.90445810401595,11.1560507192934
1547,11.9873396198245,10.1660381085681,9.8644867604975,9.73400864413958,9.39956380485312,8.05747572243613
1548,9.90287837750867,10.7740472744797,11.371799542117,9.84972475450432,9.80793213684739,9.53901273621608
1549,10.9585891139096,8.84592096519863,10.6111595756207,10.4103670497922,9.5225348131692,10.8267956999792
1550,8.5322279877885,9.19240751082381,10.4607515501077,10.7436160237897,11.4539678517013,10.0284681539586
1551,10.0821664019001,10.866748314605,9.71893217099079,10.8360055849756,9.31646778575001,10.6909114479084
1552,11.0859811517043,9.77655882469879,8.95810583221106,10.7379448401594,10.3405099351584,10.4199450187701
1553,10.4653140512165,10.7858678516005,9.74988691184462,10.1485905887757,10.5489711850886,10.2767395246078
1554,10.1935778300114,10.5184691207901,10.1339306019271,10.2903994457802,10.6740332853685,10.3056598735819
1555,10.147582652038,11.3660409948129,10.7146993007169,9.52782246531168,10.0220734336319,9.38906830294917
1556,11.1791656481083,9.44990801813453,9.89832713935247,11.0154840720449,10.3555270367863,9.12263468737719
1557,10.4202122664647,8.84893077730497,10.0048161874809,11.8102643806856,10.0447526384652,8.59732865823123
1558,10.3471249272598,10.0905238187316,10.7055877431367,10.1412433600622,8.7807702343146,11.1425511460811
1559,11.2936181429796,8.94488426223509,9.31265439976221,9.9665750224732,11.2061112654707,9.81759506790294
1560,9.72966221706336,10.2729377220378,9.37669329114954,11.6752028031107,8.81533810978038,10.4471555318252
1561,9.7181131407851,10.2480861784975,10.3555905582843,7.32243159213489,10.7506823612318,11.3617556160412
1562,10.1401842835113,10.8704536893413,10.5743196907486,9.38994606098416,10.089068499166,10.6324077886608
1563,11.0853392760578,10.0968644480175,10.564273629714,7.15647147429919,10.6358836191778,10.412805846954
1564,10.8911447426093,11.445691850725,10.1215269977592,7.83005953837513,10.3264240948894,9.08204912090017
1565,9.81422756889905,11.4541118660443,11.0301348771995,10.6917544038696,8.22019481939496,6.37111732081821
1566,9.13385998860364,10.4318454132674,10.2003070058705,10.0075583826856,11.6572187965715,8.89847217212544
1567,10.4712224671736,11.0120377296994,10.4754462434235,9.49936712472942,10.1469370382723,10.0731445812945
1568,10.9195106906001,11.0536992462463,10.7697826137033,9.26253100437225,8.50465954806679,10.0324663314418
1569,11.033041189149,9.11952133312766,9.45392826408919,10.7026097545065,10.1157750749193,10.7406327666694
1570,7.86842230503818,9.0401219699386,10.9177087589708,11.5950156548679,10.2272759850499,9.70853518597685
1571,10.1389475243212,10.2158248043417,10.5651898044949,7.72886155579635,11.118910254171,10.6165159948435
1572,8.9985300374313,10.8390286752063,9.93139169402609,11.1392689381603,10.6481319349488,9.32530333515769
1573,10.602632076558,7.66794316501464,10.8561594045642,9.53157443647386,11.1332961837841,10.271110823618
1574,10.0795901668481,10.1031773263824,11.468985015584,10.9099208819801,7.79126458822492,9.34258494707655
1575,10.7820865717402,9.21590638275871,10.7080784263415,10.7967983197232,10.2423588493044,9.65421213808927
1576,11.0974863429754,10.491773336809,9.27057409797965,10.3616749705318,10.3044813671516,9.95874654023277
1577,10.8234744093588,10.2929570833159,9.82983326201242,10.1680021781201,10.1345529225533,10.6156279631243
1578,9.59181701687384,10.2274297299468,7.44854312671498,9.3920114870617,11.6850823865918,10.7406327666694
1579,11.2235937991869,8.42961177632011,10.9234359283911,10.2419927332607,9.95322538040075,9.85269222465725
1580,9.85848275590313,10.1367974986718,10.9573295255639,10.1014132707501,11.0051644376755,9.23564446891517
1581,10.1768023926515,9.58235098509135,7.93151373017721,9.82088814873812,11.3855977834679,11.0102872089425
1582,10.5393608127245,10.4237980673521,10.4329143892565,10.1350919510691,10.2911537022212,10.1970537269796
1583,10.5496353360237,10.5194134644953,10.2490141888465,9.69104233840848,10.3132985534176,10.5631636839439
1584,9.8157764322474,10.4576934965048,10.9503337284893,10.1485905887757,10.3000524804314,10.1051339820276
1585,9.07297444255341,10.4830865542834,9.81758201272653,10.1942736121548,11.5428632756868,9.5723534403338
1586,9.64854573077395,10.6214499953843,10.772958228675,9.94141412584281,10.1530894506217,10.577828202326
1587,10.8357390352768,10.2628228775031,9.60592901377254,10.1301518654423,10.1494011531772,10.7209494086401
1588,10.2553741424686,9.12449675144108,10.2318069578083,10.0276214835438,11.437428753727,9.94608508508958
1589,10.1792108616308,7.25949649237138,10.7618128568885,10.3069104584933,7.40927710980319,11.6789971155721
1590,10.7820865717402,10.7371815064297,10.4359227673226,10.448567767733,9.5656122078345,9.55021217285954
1591,10.4897743767525,8.96998141872047,10.7594133185592,10.8910642404781,10.4624420702989,9.59054830267098
1592,8.3430752791469,6.08039313751424,10.5651898044949,12.1333251414126,7.17655145429938,10.2159274973685
1593,10.8845187798309,10.8337239687262,10.0500239342062,9.54277213046002,9.99629679787189,10.239177642385
1594,10.4263079387081,9.54943864442651,10.8380805186649,9.63634066225323,10.2561428851063,10.7965546107267
1595,8.80303501160614,9.02157122708968,11.8189049814888,8.9953891289595,10.3318580159034,10.4189272977755
1596,11.3079946705316,9.88751839787908,8.55488921736102,9.22130539698882,11.3011392963395,9.61741727019834
1597,9.49459051911841,10.9348651081439,10.6120464603189,10.3648325685996,9.68592653618437,10.4035746860393
1598,9.55704725467791,9.79539520244803,10.4832226319145,11.4188760819083,10.2446653552784,9.48362100282399
1599,10.1127275686704,10.5758798568547,9.96926348410345,10.2770531972198,10.5656711519105,10.4046032926723
1600,10.0937028541545,11.1105765629873,9.67376852579105,10.5230045130914,9.61993311284278,10.4097353524353
1601,10.098800697015,9.59495007640603,10.6668487499183,10.8450779997832,10.7756188319622,9.34687317789883
1602,9.0201950839989,10.484054339659,9.62186992320986,11.1484589955015,9.22361741492881,11.0522398093054
1603,11.6230674448346,9.10197087550092,9.35566144767095,8.52754999296377,10.5273470723181,10.5950508807853
1604,10.3460535210322,9.28641002577127,10.2750062678142,10.3372343130828,11.0105955940887,10.2506636738033
1605,10.6735305490849,9.75587124114703,10.6279178463171,10.1692067722298,9.91752840717805,10.5823804594967
1606,9.66582536506756,8.800002673053,11.1381280930363,10.5611262173176,8.4496874827715,11.1975890089245
1607,10.797060625881,9.81090641165706,10.3374722480378,10.2223979674907,9.7890916095655,10.7101743780644
1608,9.8599848390929,9.00277861190386,10.8501582484674,9.89702519118593,11.1176524975698,10.3034557010801
1609,10.7006069576079,10.8946733278685,9.4910478263276,9.93717763661726,10.2354171195232,10.2823463468605
1610,10.9487418676916,9.56232729584313,10.615588556537,9.86912802160423,10.2629858206216,10.294605174834
1611,9.98088254185722,10.4830865542834,11.0188103761806,10.4113854016577,9.81260406185776,9.86470244741985
1612,10.4897743767525,10.6884746909828,10.4890275354178,10.2792861649769,10.2561428851063,9.48751019269491
1613,10.5945349909369,10.1720560000378,9.99804684483937,10.1788074803042,10.1726026563185,10.7118373226154
1614,8.59856125631979,10.4136753388234,10.881389420757,11.0128028084899,8.49305521784954,10.6739494057044
1615,10.2496560979805,10.1756547202625,11.0294711852339,10.1571153210814,10.0864990355917,9.98236354069011
1616,10.2847479952501,10.1119691945341,9.92283896777488,11.273008411583,10.3965543672873,9.1176235441038
1617,9.72307407394312,9.1828996530205,11.6088327129392,9.46838279647858,10.7111999911076,9.59235522618027
1618,9.99325462283449,10.0268645158237,9.07597291156405,9.27377641242457,10.2120337390463,11.6908496644371
1619,10.4293461423902,10.7043401748871,9.35989243070383,9.96102152119851,10.6697485609686,10.422993880666
1620,10.4171547434701,9.58956393877086,10.6770552971623,11.1822603899717,8.51998793333259,10.2575116458161
1621,9.62400103778587,11.0200665699711,10.1753224325296,10.2781701131856,9.45838992537588,10.7503746386442
1622,9.84489314242295,10.6724327741059,9.99396993676806,10.1571153210814,10.6757436180197,10.3890966434751
1623,11.0410077929201,10.9163437992073,10.6685548639101,8.17096068790176,9.21893149046541,10.1450716546149
1624,10.0601203217623,10.818459286418,11.4792280938053,9.35013013059615,9.20951369980947,9.45808231969753
1625,11.5332022463335,10.5325697721598,9.13147868489301,8.66036032839271,9.66196308326032,10.5211020723975
1626,10.6649638770954,10.4237980673521,9.4716303767064,10.8375216218958,10.1858664798146,9.93473638291905
1627,10.0821664019001,10.7629266576986,10.2850509388686,9.9428235281454,10.8838976207977,9.52961296772969
1628,8.81237970645805,10.5813163716734,11.0557835454386,9.99945434298577,11.0105955940887,8.90430456858884
1629,9.87788886528612,10.7117949332515,9.9761689465519,9.74697558368523,10.4986455946633,10.7704613329594
1630,10.2265545173796,10.2818695346841,9.88224163646384,10.7175066459621,10.3110993044174,10.3807577622346
1631,10.2576550285631,9.37047523662644,10.5053490287646,10.5417263449093,10.9153642871806,9.83906008821629
1632,11.1555107062932,8.42558345138515,9.28399577178797,10.0289491527995,11.3485505829666,9.60672968222114
1633,10.6336956610369,10.009492871926,10.7294860900019,10.3563968983894,9.65850699460446,10.2620589655741
1634,10.0588129397939,9.58235098509135,10.9212909034772,10.886677480271,9.59483776459033,10.254091723612
1635,9.33523157019615,10.9753445006902,11.8061745374049,7.71569485476574,9.19765427998021,9.24716152282836
1636,10.6354506795046,11.00193843086,9.49874218114617,9.94984995484195,9.3702824175013,10.675654613125
1637,11.265561696323,10.2262734298354,10.1498974553728,8.48170571592834,8.91722438151935,10.9802461502523
1638,10.3747057793971,11.1372733906924,10.8418656828652,10.1014132707501,7.36736901789192,9.90305901587176
1639,8.86121967840377,9.90496835522907,10.1572075797641,11.5582519363355,10.7474331246851,8.40907275122429
1640,9.09610893397278,10.3072446488875,9.84198131890513,11.2059283722613,10.7490586577772,9.68502022641493
1641,10.1561663922733,10.1768523012105,10.3267071333757,10.0262925910644,10.5349053245889,10.5832891895861
1642,10.5299564048384,7.81709312807677,11.0975432667642,10.562043544916,10.3944785475766,9.78951928482185
1643,9.98088254185722,9.98372115890582,9.38916669977372,10.2848535079825,9.81726090175247,11.44958698166
1644,10.5157338258709,10.9327401299966,10.1872738352671,10.1301518654423,10.2296067158702,9.50104034163812
1645,10.8823033452365,10.6859535866284,10.3619313067664,9.79458898142144,9.7441489449974,10.0123636854023
1646,10.9780842192759,10.2896397581622,9.8866464133281,9.92439299061,10.7327203073363,9.54275555442585
1647,10.4444419097199,10.208816767367,10.8777066845506,9.40229447011587,10.4791890261316,10.050979338298
1648,5.90721259945099,5.72064128635977,7.11794640314867,12.0728276289405,10.1689639812226,10.8920557730011
1649,9.88675821672251,9.61275995137693,10.5933064054107,10.8352469686362,10.7811904862304,9.56868675662897
1650,9.26892264588601,11.3517975180522,10.8259008164408,8.75972200272471,10.7111999911076,8.82042129618389
1651,11.2398357320283,11.1628809391775,9.25475590696168,10.715034489221,8.23420964718284,8.2160998340239
1652,10.8288530180351,10.0202078513656,10.7253938291425,10.1966383667101,9.75227782423428,9.99334501686326
1653,10.6213503808198,10.1575706562959,10.7253938291425,9.89119677720704,10.7523042391632,9.02965543626783
1654,10.3406845204303,10.2400882278179,9.90847074557201,10.6976097411479,10.4079182848178,10.1264884726062
1655,9.98914237623697,10.6918293242379,7.58537071082442,10.3232346169378,10.341587785378,11.0789012303296
1656,9.13385998860364,11.1773122938192,10.0302537847091,10.5435852332166,8.99877497013973,10.6984797790397
1657,10.5644506604474,9.9236372313445,10.3191234638895,10.8014666313536,9.98668280602098,10.0123636854023
1658,6.74621068605482,9.78600776518654,11.6101649301892,7.9015353778139,9.86001464946801,11.1700301304784
1659,9.69977564130732,9.90785626549576,10.7546022346197,10.9135190708767,10.1798525848204,9.93615986367657
1660,11.3513523362952,10.7501115145462,9.33646686228786,6.82794524242332,10.5339627059599,9.99471184122541
1661,10.0068780475822,9.98235191264604,10.2387145019127,10.1643823481163,10.4801681125266,10.7886972792499
1662,9.64332120716337,9.70696674121998,9.51020727636151,10.4235498760809,11.0180302038709,10.8012485489044
1663,7.52535054483221,9.99734260102956,11.312475255699,10.4633728478234,10.9146402458781,8.93026213021582
1664,10.55706201796,7.55420545045068,8.38663728826559,11.7896586301607,9.29659206283602,10.4290723401351
1665,8.82166418800354,11.1658993996095,10.135165116068,10.2189122658557,10.7019977013736,9.72015042995538
1666,11.3211393401143,7.71499992136036,10.8327645477135,10.3929441588241,10.5876412255824,6.74515209149872
1667,10.0679398254272,10.9691371879798,10.2872736207966,9.62409297040482,10.1481696219147,10.3681583510993
1668,10.0243982810748,10.0014040745326,9.42998223688788,9.9013810968526,10.7780093192981,11.0456615864338
1669,10.4079430967408,10.188773740051,10.272764587788,10.0656362327132,10.3840544030603,10.457104653254
1670,11.7324708691295,7.03336798052296,9.79119734301642,9.60996704189112,9.9825428254298,10.4199450187701
1671,10.3113414568279,8.60369494955514,10.3713904736246,11.3435235014917,10.911014578355,5.85726817142942
1672,8.94573149712001,10.5804117075023,11.5227931046048,9.71268549542686,9.35541567029016,10.0987926072613
1673,10.7147872213989,8.68005628631938,10.462719513035,10.2511224969304,10.6774519252603,10.2414821772724
1674,10.1177587305091,10.4177329585413,10.7465479324537,8.94843355059048,11.0099178166966,9.66627138913099
1675,10.5109616329348,9.86094110339384,11.1095250763343,9.9229654537925,9.80793213684739,10.0911459723527
1676,5.7542641226227,7.77331823403072,10.1547749857072,9.21198182528315,12.1078341117312,10.1694825724888
1677,7.80105153736395,7.6542098057023,9.05524706147141,8.49330434658465,10.8180529993261,12.1147972797653
1678,10.243915296225,11.9404102352453,6.90111948304696,7.83005953837513,10.3512523653333,9.53149782954936
1679,10.150040366071,9.79695385194412,10.653988168243,10.2522596650384,10.7700255748645,9.87809546995954
1680,10.7725485581611,9.85646354703777,10.7965550965398,10.4614075945107,9.42012090196883,9.94749741477381
1681,10.8911447426093,11.4501556268546,9.55333126172001,9.18602666453552,9.53200954603438,9.5760108245521
1682,10.422247020652,10.9684458349605,10.3385443539935,5.8520946399696,9.20240976140222,11.1139098418103
1683,5.72696990061232,11.0458559270188,11.7512839586628,8.23226164471627,9.57480898040139,9.70853518597685
1684,10.5653715854852,9.62509727242733,9.81758201272653,11.5499534133692,8.32430752052254,9.95313294439411
1685,10.6862859181966,10.0308438180021,10.9191426843374,9.49936712472942,10.1457034004497,10.0177518454796
1686,10.1959584736917,10.2366469125009,8.71876764923778,11.4827577388627,9.76679533452765,9.93758194092713
1687,10.304738913793,10.0993929158561,10.064351736628,10.5820785598313,9.84641009727469,10.6722421802208
1688,10.1755966484141,10.6424066206121,11.0301348771995,8.6942480857978,9.50339651687673,10.5695977617998
1689,9.94736190106295,11.0253944124198,9.01018950074638,11.1019118333377,9.82344672362556,9.65939274119925
1690,9.02823624897118,10.306150615666,8.80511296314583,10.958103644845,9.17363868508215,11.3937043040469
1691,10.6204645191272,11.0788994725301,10.4439145701321,9.59928104312126,9.54704081187558,9.7018556590906
1692,10.1935778300114,10.7637238367374,9.46575378590445,10.6151586898555,9.64634503942709,10.5511380078071
1693,11.6393386382747,10.9334488038954,7.11794640314867,7.13678026490838,10.8357545234345,7.9315822056559
1694,10.7661546660872,9.96443240355384,11.9276215319185,8.96518134353291,5.64348209407386,8.17322634489556
1695,10.6407029601499,9.44395076697046,10.8636259124908,10.7166830643574,9.85549404244425,9.48751019269491
1696,10.9932190961868,9.77339537069169,10.0500239342062,10.9972880774059,8.32430752052254,10.1561077196959
1697,9.41915099252586,10.9149091849065,10.4177776622791,10.0276214835438,10.068383474714,10.4280610406131
1698,11.04299258868,8.76218444269372,9.56437207610402,11.2515618661172,8.07198084084304,10.5211020723975
1699,9.83576173753079,10.4811490334884,9.95674972048206,10.4326063821484,10.5582728022871,10.2912721769139
1700,10.3331341877281,10.1863973215717,10.3005382657937,10.6850333577155,10.402763963149,9.57418329192837
1701,10.9536738929831,11.5565645317526,9.46575378590445,10.4475753386853,6.8982517275118,7.95428416538033
1702,10.4120444259572,9.77339537069169,10.4228409068462,9.57948198501425,11.0520077955573,9.94749741477381
1703,9.73130456111224,10.437851597305,10.0061662518947,10.8115297772595,10.4772288574625,9.94749741477381
1704,10.9302738562721,9.72017094335131,8.33594730847488,10.2992288320461,10.9700516854493,10.1038679354634
1705,7.22167714582969,10.4248064441606,10.509162690288,11.3541539236886,10.4996115682767,8.70151112707203
1706,12.7186331493976,5.04705783818825,6.55812659875566,5.51263984791784,8.29786550408316,7.99863955165191
1707,9.54775625133428,10.4869538061492,10.2283407415085,10.2714556077793,10.2956099535518,10.6359156487556
1708,10.3683876134017,10.8480773200017,9.27953574904756,10.3425828386795,9.62170903712713,10.6297712843514
1709,9.89703732583538,6.29442147401339,11.315745111898,11.1006497816619,9.59121679734097,9.81295356125299
1710,10.0055214810269,9.94065816145179,7.76885412647585,10.9705930415204,11.0440847650316,10.1164786707671
1711,8.03222883392036,10.7282244176768,10.2817104810257,9.68431702730639,9.7441489449974,11.3258293383714
1712,9.82503484349025,10.805356086988,10.0368739896289,9.65365887314977,10.8727573820784,10.002885698187
1713,9.098656662794,10.8161555885658,9.17535473358419,9.11527140158599,11.1151336898351,10.7728530486625
1714,10.2054419508254,9.5401614227555,10.0021122616775,10.1114743785264,10.6314838944231,10.8191018040925
1715,10.5496353360237,9.34299452310258,10.8996633855699,9.54462998818676,9.56191701300887,10.8773126554285
1716,11.1481535339266,9.7332553477014,11.721186817538,7.58418514608638,9.34470192402922,6.26418260109739
1717,8.12023293901801,11.4998027458666,10.2693955221903,8.34327671830986,10.0993008243462,10.6253663740203
1718,3.91191561034864,8.95049929864563,9.42191103419901,6.14270806143073,4.421285932026,12.5795426330371
1719,9.63807768733859,10.4217791965592,10.6120464603189,9.45263733707097,11.0748711556669,9.69177800160864
1720,10.305841438484,9.79070912162318,10.5986855948368,8.28661859260007,10.8898040912221,10.5594741421927
1721,9.94311650952606,9.10449120410002,10.1668971373854,10.2235579986985,11.7044810221785,7.68911284772394
1722,10.3903811716822,9.80161971908458,10.0474035187549,8.8375899770738,10.6420207766598,11.0156826393454
1723,9.71147190552242,10.4507798344632,10.1177850216193,10.7240784263701,10.0381192212796,10.3575741179415
1724,10.4623507432406,10.1082078110784,9.85252757533189,9.84370161885675,10.3788139453047,10.7503746386442
1725,8.60215836340135,8.10117211031758,8.01450670225002,11.7386453126585,10.7253072421523,10.4219783092053
1726,10.9704568168632,8.8757398776272,8.21491230511047,10.723258589217,9.95322538040075,10.9325525060829
1727,10.253089643994,9.29746551658403,10.8843288555775,10.7338803010269,10.0126302886304,9.84816248071569
1728,9.68120197011961,9.00007383806802,9.11404850006005,9.30480478336292,10.203759170725,11.8522153166
1729,10.4048594291494,10.5127900391816,10.1140333125242,9.80082030368073,9.97005110395339,10.6093963869874
1730,9.49265500729272,8.94206851890447,10.3191234638895,10.4770551599189,9.67056724167696,11.3728343885128
1731,9.21828147871016,8.07052245808537,7.69691135535273,10.9019731326911,8.80599245433851,11.9473918773919
1732,10.6151378944075,9.30843687888804,11.1895341057189,9.32007209962626,10.2261092058483,9.97407221454103
1733,10.0744238513078,10.1006554895939,10.8828598868431,9.79302693501961,10.0394483475186,10.422993880666
1734,10.0055214810269,10.5344394877626,10.1860831412797,9.74697558368523,10.4181720029084,10.5258366094129
1735,10.862959041129,11.2278704864208,9.53286756964816,10.0938211155041,9.26739013969792,9.36601393614045
1736,10.0821664019001,9.85646354703777,10.7658032390781,9.80392589766852,10.2073112281948,10.5905384951755
1737,9.67609463009859,11.2215017074496,10.1632711767758,10.3210687066941,9.67056724167696,9.8329597540873
1738,10.2825095830798,9.63210006972347,10.7895164758796,10.5277077997448,9.98392413972303,10.05360476243
1739,9.79707937753604,10.0777583236874,10.6436165089419,10.2613248795122,9.89273977963481,10.6550578712272
1740,10.8303860871841,9.66831703653681,10.4429180127918,9.40229447011587,11.111347213068,8.82657761734459
1741,10.3298861933851,10.5957143677701,8.79577063576136,10.5865934249648,10.5748660474145,9.99471184122541
1742,10.563529147109,11.1513528430809,9.51020727636151,10.1227098677546,10.0579286477193,9.35328170514141
1743,9.52141839173364,10.9904064305159,10.2738858632671,10.331865881992,9.91608198665575,10.0821733594765
1744,9.85245873034092,9.46174919002583,8.09296778018938,10.0500273199611,9.87647002846334,11.7535461723292
1745,10.2230571461861,10.2874239620927,9.82065459529028,9.20024192159299,10.9095617560309,10.5436874514086
1746,10.2690056707361,10.1840169814473,9.19916538051096,10.0368896062222,10.4424875750729,10.9073755780992
1747,10.2042599203747,10.1672436971081,10.3828680699057,10.957406608878,8.83078075003027,10.2586498204042
1748,10.1840157685326,9.24589325736166,10.5977904550837,8.91146488243183,9.99766500897157,11.2995296768135
1749,9.94736190106295,10.6673296177683,8.90116818745645,9.8178189044156,10.969354584515,10.3922113375687
1750,10.8874674100532,9.79227284094737,9.94271700392706,10.5509969244787,10.3426648308068,9.59956036433131
1751,8.58043971484239,9.51575755380711,10.820539689043,8.46609408872991,11.7563182187923,9.25402785046821
1752,10.5854846007099,10.6808981211999,10.3828680699057,9.67077157950277,9.64983036223817,10.2322418638647
1753,8.5322279877885,10.653632278006,10.8441320232812,10.0021607520041,9.02585900170193,10.9361136072018
1754,9.03623280204178,6.57132384702624,10.820539689043,9.38580631173254,11.7449587349467,9.65939274119925
1755,11.2012545519979,8.45354785223742,10.7673963064329,9.39407395876044,9.7827563401575,10.3755213751403
1756,8.53599442924926,10.7842973597265,10.9863469409457,9.48589332703439,10.8986186996036,9.05346854376079
1757,10.8823033452365,9.31932538418993,9.91279626145677,10.0408435003046,10.4283533486908,10.457104653254
1758,7.31270175423826,11.1737179667478,9.08110814264259,10.090009999351,9.1268765646055,11.373359832881
1759,9.93316172813105,10.7126208667072,10.6685548639101,10.4215295740767,9.88684471963272,9.46795849081948
1760,10.214863484578,9.88458943488516,10.3534707664861,10.5220620127774,10.2412042117828,10.2182694487329
1761,8.77781541376122,10.8607998472319,9.74988691184462,11.1870251524266,9.94615631532492,9.68502022641493
1762,9.52710285587228,9.39949559502629,9.60414687525991,9.83916770239445,11.8133660767261,9.26539955594464
1763,10.070536934593,10.2684509897956,5.72200796090662,10.9490158011246,10.731076248478,10.3045582083437
1764,11.13332566181,10.2227989575456,9.83592008071209,10.1498114966054,9.66196308326032,9.96851806535351
1765,10.6683966531132,10.4792089068059,10.3849451291969,10.2385541188426,9.94757290279206,9.46992563376376
1766,10.2125138640893,11.0705482137795,10.3797468624632,8.79762412886497,10.1530894506217,10.0177518454796
1767,10.3255441263815,10.2583045231284,9.83440078263536,10.5675352940049,9.50532181715489,10.6653930017464
1768,10.5023316982267,10.2423778852995,10.4014548060547,10.7763925569528,10.0929141325516,8.72147302739736
1769,10.7540891943668,9.37047523662644,10.3060294015582,10.1788074803042,10.5424241811017,9.94325627005005
1770,9.26439170744443,10.8261118178487,10.4157473777269,10.4465822263877,9.93477324772639,10.1076627462489
1771,10.7022824768909,9.9462874587151,10.1884635471717,9.48008007792257,10.6671716042221,10.137667086817
1772,10.7139569356604,10.4318454132674,9.79900777145767,10.3532207601305,9.87498181884344,10.077020980132
1773,9.51761626166856,10.1539264763435,11.1558732537545,9.98584559537042,10.1457034004497,9.92902836921923
1774,10.4633391891014,9.9462874587151,10.0539456527895,10.9206886358041,9.85398401922364,9.8884269572927
1775,10.8463857085512,9.97960951437225,9.85702389860559,6.96859802791732,10.7376412715713,10.7093421863643
1776,9.50998179375898,8.64584756377596,9.70236935590258,9.31572648092396,11.0916238371844,11.2900990351555
1777,10.5412343593076,10.1119691945341,10.145003375653,10.6186899015414,9.91463411412913,9.97407221454103
1778,9.75410313490824,10.390119897028,10.3932235871365,10.1510313718906,10.8016988179487,9.64727559007864
1779,8.23132369341348,8.02328682222665,10.4278864413466,10.8786002758167,11.5494080149975,8.84489032172708
1780,10.711463207304,11.1036670380398,9.14134497545172,10.5068976521689,8.73554017261855,9.87809546995954
1781,10.4130679388248,10.0255356383697,9.30828228837933,10.2703334785265,10.6671716042221,10.4219783092053
1782,7.02008501743342,11.4742190389024,10.78716261652,9.57948198501425,8.50080181974666,10.4280610406131
1783,9.35667375205916,10.1514918980714,11.3618164284523,9.50319376989244,9.23758449100155,10.5520666274398
1784,10.4017691553871,10.3267966707962,10.0836630757948,10.4672953403626,10.5693561462061,9.23795525180337
1785,10.7353905568901,9.35150604882574,10.1547749857072,9.58310209155525,11.1786314699585,9.42601617937346
1786,9.826572150205,10.3137914802294,10.1979460808686,10.3595660586147,9.28094148338297,10.9389561723145
1787,9.80801542808202,10.1182164516782,8.598535666028,9.83157935728781,11.0301138846037,10.8669020833876
1788,9.40069041744338,10.5061360617319,9.14134497545172,10.9099208819801,10.4772288574625,10.2380239927722
1789,10.9281276378329,10.2628228775031,9.73367779279402,9.92581911590872,10.7335416346646,9.1176235441038
1790,8.50942008589069,11.5505721432938,10.0021122616775,10.0772330574065,9.94189818586039,9.62449857713636
1791,10.0203739982005,10.8007028646697,10.3911584224549,9.50510329115793,10.4454984034062,9.91465871561208
1792,10.1971473237356,10.7621290378882,9.40971888227996,9.52406070652196,11.2284236858398,9.04821063691504
1793,9.3778017272255,9.68861127699255,10.8197721846774,10.1412433600622,10.5702759258121,10.344769664128
1794,10.0337448386859,10.1744561441887,9.20152495755699,9.30261048067651,11.6029726310975,9.49718752174691
1795,10.5468404430809,9.39949559502629,10.1979460808686,10.3721735281577,10.654217313421,9.91465871561208
1796,10.1426546251418,10.3983567939232,9.56253780065503,10.0382087755759,10.3154944544563,10.7168146851716
1797,11.0489306438795,10.895400946167,10.378704957386,9.13760386361666,9.64285127290517,9.02430977906389
1798,9.96701015903336,10.5146855516919,10.2906012351293,9.45263733707097,10.5994034337079,10.3144430362069
1799,10.301426274511,10.306150615666,10.6855059339935,10.2881836287481,10.0327904345815,9.57783604407776
1800,9.55889829355282,10.4801792963212,10.2237061247735,10.5574510623615,10.5330194709754,9.76249181840593
1801,8.92290854144979,10.4762938153791,10.3331758380886,10.5500725429554,10.1810573713879,10.422993880666
1802,11.5685373267954,10.0930634161712,9.34075446300704,9.97486538593378,8.75833268658349,9.997441610303
1803,8.76503812105714,10.1720560000378,9.91567274860905,9.3981900727633,11.846390603414,8.35043217826748
1804,9.56811801460485,8.79688879183375,10.4518623404596,10.5163940423745,11.111347213068,9.8913652684851
1805,10.1327477717272,10.5813163716734,10.49192125069,8.69089495929991,10.9595596354716,9.50871523575156
1806,10.305841438484,10.4308419467479,10.4783673039673,10.2981281098317,10.4232716584214,8.99727999528551
1807,9.58819627052033,8.76537415345068,9.82065459529028,9.71598657045089,11.569786006052,10.2756155401663
1808,10.17800712983,11.2994341452324,8.91273710064498,9.56124386807438,9.90737286895915,10.3838904945726
1809,9.70980680709923,11.157431743746,9.31701329318275,9.7788918593329,9.57297431209714,10.8191018040925
1810,8.14017983199787,9.8414371617936,10.4278864413466,10.9142376329369,10.7611921191142,9.91176752493362
1811,9.48293828619936,9.90352222877735,9.86299727417203,11.4996129819345,9.06032414168931,10.1863276892516
1812,9.55147983908866,10.8367576177124,5.60695963090725,9.00891339786758,11.7182384839815,9.45808231969753
1813,9.60262502821228,10.2052999392439,10.074683282824,10.4042417949357,9.43231593751766,11.0450021113384
1814,11.5588599008039,9.1368606818495,9.8704293708795,8.62916439056151,9.67056724167696,10.5277260817706
1815,10.8418324666366,9.47933059958196,10.9849783145218,9.91867434620925,9.07595737687312,10.1139653286372
1816,11.5199627560609,10.128156121829,8.79577063576136,10.2981281098317,9.26511914699777,9.67823063596274
1817,9.55147983908866,11.5625321324169,9.27953574904756,10.1485905887757,9.03655170222411,10.1277348276819
1818,9.91304364103144,10.522242792003,9.40971888227996,11.7309168874914,8.15783475149922,8.53476499860654
1819,9.80801542808202,10.8888391316896,9.58077640113749,11.1846447383516,9.31646778575001,9.34687317789883
1820,10.1792108616308,11.1427991176652,10.9979281375617,9.01964218051415,9.37239378026997,9.04293348009309
1821,10.3694425647361,10.1780488886841,9.86150624801305,10.1954564740369,10.0513556883337,10.585104934199
1822,9.9781187187295,9.58776407980288,10.7030927521632,10.7524830815972,9.98530413241103,9.95453839296665
1823,11.1227296039556,10.6275938566901,8.65818809965205,9.36071506930275,10.3242447818902,10.0056000557829
1824,9.02823624897118,10.5004081209202,10.3973450677498,10.5173402520273,9.21658280425511,10.8035898028786
1825,10.3277167936678,10.3006679683638,9.51780034183534,10.8382790433138,10.1005747761871,9.91031975334267
1826,9.14376217354841,10.5894329196652,10.2939211906604,9.75019918341534,10.2663951532845,10.7446998780628
1827,9.59723114786562,11.1562180110969,9.92712167046907,10.230498662772,9.90299850962813,9.92042376811805
1828,9.5061493488664,9.91217731766906,10.7022601286455,10.8107581764655,9.39749188331353,10.3786654878796
1829,9.73785529822025,10.2017745157065,11.1263824687663,10.4134199511642,9.39333908707472,9.73658301943358
1830,9.77016996151548,10.7208542964287,9.08622514419515,11.4334855541977,9.55635640599112,9.05084198779557
1831,10.606216243948,9.18051285822395,10.3125912903905,8.22763782156977,9.43837499505728,11.4325441446025
1832,10.7645517551882,10.4227889851475,9.68898076902692,9.1351394957932,10.0826362374761,10.6271299525594
1833,9.61868666685858,10.6741298223552,10.9069086448158,10.2556658002596,9.15658650685997,9.98923675499662
1834,10.5384231261372,9.33871984360601,9.59699621553736,10.8896034687556,10.6270707096081,9.59235522618027
1835,10.0640353725351,10.0242055354629,10.0500239342062,9.77256485890425,10.8912769379384,10.2472274576603
1836,8.69266260715658,9.50626037227427,8.87479348152003,10.9462079845762,11.7902644267225,4.41990936131352
1837,10.1947686429902,10.8895696978627,9.00479480335383,10.0329248436968,9.89714531608494,10.6049287220294
1838,11.778861587693,8.63890723855149,9.57350861826527,10.4103670497922,8.53515486869478,9.52394355490715
1839,9.94877425920324,8.60725516999548,10.0395135869923,8.30867494864148,10.7425455062296,11.3916308462869
1840,9.227622260313,9.68019002249644,10.4319102007183,10.6133898371932,10.2900374849907,10.5650049220956
1841,8.82474576830439,8.7685568181357,9.52911549625281,9.25800816592547,10.9290524737132,11.528607413412
1842,8.33876793331994,9.90929805510142,6.92435401966163,12.0618450344375,9.29436664029965,9.65248112648043
1843,10.4364104976124,9.33871984360601,10.3385443539935,11.3499111500868,7.57300314420884,9.93615986367657
1844,9.11636578603461,9.78129103318946,9.55702093359007,10.2759354157399,10.4524993266797,11.1603196810337
1845,9.63807768733859,10.2940611651827,10.9698370983009,9.69439326946008,10.0207281921951,10.2065214815801
1846,10.2914424655077,10.372458744734,9.75149784889261,10.331865881992,10.2844434055606,10.1450716546149
1847,9.5845664103811,10.0414019288643,10.7505807047194,10.3307897940547,10.069685015855,10.2252725744649
1848,11.6217400805158,8.83077687514366,9.68054934067496,9.25119719277738,9.2071496077249,10.5380741714273
1849,9.44540581480848,6.36469857333794,9.35989243070383,11.7301009554346,9.24451761234847,10.6925967340626
1850,10.5477726758666,10.0968644480175,10.2178918342758,9.92866714309895,9.68931761151971,10.5631636839439
1851,11.120851605515,10.4606463809192,9.44599035829262,9.22130539698882,9.94047601118491,10.2112321564513
1852,5.30706165527198,4.89508519762384,11.9814583609047,5.924910965286,11.4894081933648,5.14249772010095
1853,9.45934748295734,9.73162627437911,11.8376029115187,6.39913897051142,8.41320666617395,10.4962288176655
1854,10.5708848233439,10.3028635285849,10.4773942742024,9.57039175904644,9.21658280425511,10.5741760249334
1855,9.36304471538764,9.82625257259764,9.30609125083722,10.5407960017013,9.74740599689945,11.3116432326721
1856,10.2042599203747,11.1230551728082,9.5916098555995,10.4275820112269,9.28990546358882,9.79266594279862
1857,9.6641066888917,10.4956174011484,10.6208854463905,10.1871559980964,10.156768341024,9.8736449334538
1858,10.9043060603107,10.1899604827085,10.4725192557945,10.3542802501177,8.92587786820795,9.58873911225266
1859,9.05995967665956,9.30186408507089,10.3158610747239,9.046119865177,11.1798371915537,10.8090379970984
1860,10.3288019013581,9.35362610248822,10.0862184960227,10.0129358893997,10.0153346445827,10.9516788534374
1861,6.42265172519426,3.49023065076089,6.71352177095451,12.6869544676442,4.65646275287189,7.70929005736656
1862,9.13634191896028,10.7842973597265,11.3026209821732,8.7692914183037,7.39266098212471,10.645518511163
1863,8.9626146136218,8.91360430770634,8.40724235713054,11.8032991549095,10.371445172344,9.71684132360157
1864,10.8704298872902,9.72181300057626,9.24105793728384,10.5314594191014,10.1283207626317,10.1646333267808
1865,10.7353905568901,9.74622210926309,9.94553449072462,10.4225400787716,9.85095922161031,10.254091723612
1866,10.7047921125303,9.65634548986614,11.0281428845799,9.02497677183338,9.7827563401575,10.0975209799039
1867,10.0885869300497,10.4237980673521,10.8695714187221,9.66395084506331,9.5857682416925,10.1548856517645
1868,9.01210880608996,10.266202379337,11.4186783640755,9.81935434303268,10.3132985534176,8.60451355547134
1869,9.78763916230324,9.8504717662627,10.6846630945372,10.1776108806216,10.6576831814095,9.68671264122535
1870,9.87937088335495,9.97410902524202,10.4157473777269,9.83157935728781,9.49566950653194,11.0350736364683
1871,9.17789379060411,10.8458204742749,9.17295189522324,9.69439326946008,10.7211723523824,10.5823804594967
1872,9.421187653912,10.1708544286374,8.13312624140302,10.7952388526773,11.3399473843384,9.12762847082244
1873,9.67267966037549,10.3514002320299,9.49297526749066,9.09004489440833,11.5734603671254,9.26766317314085
1874,9.658938336654,10.1502730662479,10.7832309623085,10.0759491161431,8.25268620991108,10.9246870022265
1875,9.81267704039946,10.4850214761825,9.87634759641486,11.0420261326872,9.3054595612065,9.9919768960139
1876,9.80177641403359,9.34725656666663,9.32135904837167,11.0809454643047,9.90737286895915,10.7544144151368
1877,10.6692535722608,9.86243053846815,10.215559539896,9.38994606098416,10.0644717896868,10.5968518902067
1878,7.91550716158689,10.0148603115668,9.27730055312565,10.0460985552748,10.5499040504577,11.3361085955058
1879,11.1095319832238,9.24589325736166,9.79276281616682,9.85272691592276,10.1858664798146,10.2823463468605
1880,10.0190300715818,9.33228396731852,10.0434639477303,10.9063136958742,9.80793213684739,10.5267816549537
1881,10.5109616329348,9.35574304344968,10.3724376734263,10.3627282714054,10.3533912845117,9.91465871561208
1882,10.3914201659836,8.53432283515907,10.6897127604235,11.7210951131132,7.33293480444103,6.78401999420125
1883,9.91737834590859,9.74944566498746,10.3385443539935,10.9615837817125,9.51872742013655,10.1934872359379
1884,10.741921957028,9.41378964263358,10.2318069578083,10.2048846104195,10.2469681789848,10.0110134944367
1885,12.0498680343575,10.7724638539237,3.91080833730622,9.90283014689344,4.421285932026,3.91172610131385
1886,10.1290150887836,9.07908739626585,9.74180512434353,10.0874636493775,9.04716566370833,11.495201096015
1887,10.8970090462368,10.7412345974255,7.95411808381218,8.33899671994981,8.46164518384088,11.2733048364007
1888,10.1038805860172,10.5649449724094,9.83592008071209,10.4305987333319,10.3975911580142,9.55763043244903
1889,6.10829956099708,9.47738766205585,12.1228776247695,10.6000538508003,7.22435196318865,5.45082077556921
1890,10.0284113671512,10.1756547202625,9.58620330148504,11.2094453152792,9.66713173597781,9.73821602715526
1891,10.2018929495835,8.34682217708085,10.0061662518947,10.2431371188687,10.9602614845112,10.3177229830601
1892,11.5218615669321,10.5456071738957,9.49682243805061,9.55940730550546,7.71992183635321,9.78162247211453
1893,9.74437641507263,10.0081478852769,10.4948091727457,9.52217614077538,9.88388812937502,10.9586988250993
1894,10.5431054757008,9.60210044225354,10.4832226319145,9.88680995777211,10.0421029313,10.344769664128
1895,9.88675821672251,9.56598870804199,10.4096393220838,10.1077096824195,9.64459921418723,10.9885014024938
1896,10.4984795367998,9.57328376080211,10.4147311628526,10.1907191953246,9.53954476391409,10.5613200926506
1897,10.2869829392316,9.90062561869499,10.4157473777269,9.64675652518243,10.3361904622542,10.3797120044022
1898,10.2969975549082,11.4043728027102,8.55488921736102,10.5267683684002,8.3023063846546,9.72674595106128
1899,9.81422756889905,9.74137322557544,8.79577063576136,10.5847891742326,10.7474331246851,10.5887295812719
1900,9.88085138014044,10.7257718920121,9.87782336608277,10.3950048668149,10.0839249866131,9.93331149588076
1901,10.2644761263776,9.80627054006953,10.1693093904733,9.87060982414171,10.5053938652524,10.3734214862657
1902,8.26803712128911,10.584026965092,8.6233983370148,9.75662484700714,11.1320509126795,10.6849973931906
1903,9.48683283519478,10.1612056526356,9.76112586552513,10.110220571281,10.5082763451082,10.7300042985688
1904,9.88085138014044,8.9864733033238,11.5466454202097,7.9806629481248,10.8433836025403,8.83881190935376
1905,10.2125138640893,10.0777583236874,10.6514022359791,10.4682742991866,9.97700430140647,9.40971167147918
1906,9.8659775768336,10.3735036433862,9.60414687525991,10.7936776979814,9.44440869879907,10.5192038980042
1907,10.1227724043891,9.78914370501678,10.060458247757,10.9320863368784,9.97700430140647,9.88548264778953
1908,10.8219339734473,9.46763351022542,10.7179983773474,10.2001782453305,9.84944444056338,9.39736114964826
1909,10.3200980977376,10.7541284896437,10.0874945103874,9.36071506930275,8.69560824545563,10.8191018040925
1910,10.7476127743911,9.72345319029649,10.4822528728383,9.82700711168865,8.97950870045882,10.6129605832145
1911,10.781294141525,10.1019169591259,8.95810583221106,10.8299254546068,9.00695375152026,10.3100581399451
1912,9.95300305443816,9.27750418732383,10.5888083738865,10.1546848199104,10.7827784428959,9.8314306303475
1913,9.2438244030363,9.94206754687515,10.2490141888465,8.82541043745557,11.0506903086132,10.6315294891886
1914,8.85520444615638,10.4258141165588,9.91854351040165,10.4154516351146,9.59302841746305,10.9747162867641
1915,10.1719733564739,10.3745477856904,10.768987616469,8.86164450281779,10.0180339394669,10.2654600724446
1916,5.67062321398173,8.99464901514158,10.0061662518947,8.54622923147948,12.2096243862008,8.09370076340204
1917,11.0449746574426,11.2977839660091,9.72057803843603,9.28937406689443,8.74535257867328,8.7247732839594
1918,10.5195402457296,11.0187315291778,10.3566492871539,9.35649041402478,9.798542638198,9.10754869193328
1919,10.1127275686704,9.87281373728433,10.6496757022299,10.1534680318043,9.73269098591202,10.3575741179415
1920,8.55838852364868,10.2446639140689,11.1356632647328,9.35437343541618,10.8971533333681,9.10754869193328
1921,10.3179139160213,11.2966827969384,9.6703661247846,8.28661859260007,10.6859632474264,8.59372272387249
1922,8.42662117717043,10.4248064441606,7.65609378327802,10.1655899677503,9.70280273381772,11.5750275176707
1923,10.1512676544904,10.7010145428343,9.41988615453321,9.53718415248398,9.95745024860554,10.7527998618434
1924,10.6572101329555,10.7533259889766,9.70236935590258,9.88973598609387,9.3745020558337,10.1803341339067
1925,10.8696845413124,9.63210006972347,9.60414687525991,10.4682742991866,10.5140240826652,9.29898621356308
1926,9.1511444287061,9.88751839787908,9.10902948984548,10.666387368955,10.8494579490827,10.462053599239
1927,10.3211889496188,9.80161971908458,10.9545352764883,10.6621158202071,9.82806874104079,7.9931694251337
1928,10.2813890730563,11.0556534311222,10.0874945103874,9.88534471454037,9.99492728765295,8.9808154143065
1929,9.56443719664881,10.7026783172088,10.146228453232,10.8458314651772,9.48595215045141,9.66455480058434
1930,10.4252937804652,10.7323027174453,10.2994375257593,9.78833061919794,9.07076511484765,10.1934872359379
1931,9.67267966037549,9.58956393877086,10.1920268065582,10.3679832697858,10.619981410479,10.3253473127691
1932,9.12388931315637,9.88605465989016,10.6753592129682,10.1064525969983,10.5912705921266,10.1548856517645
1933,10.8087734257084,8.91360430770634,11.2368732268347,9.99674284613493,9.2071496077249,9.26539955594464
1934,9.78605976806178,9.87871360406023,10.2097122517669,10.7858464813399,10.3275125179283,9.73658301943358
1935,9.80645820300808,10.9780947561997,10.6392728785657,9.07726413234406,10.2944971806962,9.2425657358578
1936,8.16473057697634,10.6001844290364,10.7400719551651,9.61528049333514,8.86418300700552,11.0383907261775
1937,9.58092739043998,10.2874239620927,9.80056479425381,10.1655899677503,9.96726041215794,10.8518982905371
1938,12.4259590576119,6.73831569663513,3.49023065076089,9.49744998735148,8.81222962156966,6.8342348332858
1939,10.07312937588,8.87868811065179,10.0236030539698,9.28048179451825,10.7899026956067,10.913169165733
1940,10.2947780856796,11.797089831704,8.65474669229339,6.58663428379027,9.53389704508844,9.70853518597685
1941,10.4583901727585,10.8107659436975,8.8569382897996,9.44071437473746,10.0072063173394,10.5594741421927
1942,9.09099992751291,10.2984690612118,8.38663728826559,10.4896450000083,10.2618475833403,11.0297503771168
1943,9.227622260313,9.52331051930944,10.546754831095,10.475108471528,9.63055600080144,10.848878714849
1944,10.147582652038,10.0609924626894,10.6829759368564,9.20024192159299,10.7120336593341,9.60851645644201
1945,10.6380792102476,10.4368523016961,9.92854641673666,10.8881412163549,9.53389704508844,8.18765995965972
1946,10.9945871528719,9.9754861153353,8.92706885241318,10.1338585149375,10.5216522802113,9.58147956721459
1947,9.00397690571298,10.4227889851475,10.277244469518,9.35437343541618,9.59302841746305,11.1868677103553
1948,10.4283341186711,10.4318454132674,9.50639569751139,10.1077096824195,10.4089469427446,9.86320662763608
1949,9.48683283519478,12.2541120356982,7.06676093588278,8.41415450244521,9.02048275718389,8.04695581390346
1950,10.4444419097199,9.49093356718515,9.97479049643139,10.5323958014004,8.56501777180502,10.8898538878677
1951,10.4252937804652,8.50789813146206,10.3125912903905,10.7532864816571,10.9644654231597,7.18245790536333
1952,10.1277687114878,10.2227989575456,10.3650912595012,9.9013810968526,10.156768341024,10.1585487537938
1953,9.90869586932974,9.02955079826742,10.8643704422063,10.348975001133,9.53389704508844,10.5134943421615
1954,9.31565712307142,12.3203576552599,7.34946949327252,8.11195822615287,8.59788959292283,8.01492610747947
1955,9.70479994577815,10.4626116177085,10.2603726861185,9.99674284613493,10.8133992640775,9.13508685838252
1956,10.4946170608678,9.40563897474495,10.1052411882977,9.67416988755541,9.83114187740578,10.8986413350207
1957,10.1165025843068,10.6064193351773,10.1039807842058,10.8367638025891,9.46829416470492,9.07947417735458
1958,7.69028422170097,8.38881209613992,6.63089560372629,10.5964766669392,10.7474331246851,11.527663604626
1959,8.70943377661069,10.6951761744922,9.86150624801305,10.5154472116578,10.6825647423523,9.52394355490715
1960,9.93743647890357,10.3072446488875,10.162060494859,10.2736972508641,9.7457783904099,10.4066583081326
1961,9.23227005376973,11.6005081227858,6.52792824322905,8.70426088919812,10.2179152176957,10.4894582398429
1962,10.5791153721104,10.7929139833788,9.29949808915253,9.88680995777211,10.4354377733947,9.17422603309331
1963,10.1426546251418,10.257172719606,9.97202963769941,10.7084212837931,10.0421029313,9.55577944210786
1964,10.0834527959538,9.47738766205585,10.6261629577378,10.9567092359547,10.2799524691588,7.82473441343709
1965,10.7733458057241,8.99736397887291,10.6930694108494,10.2714556077793,9.9232996272964,9.47776747905128
1966,8.05342555510324,10.6749775984038,10.1717176161282,10.0196297011106,10.1990094464026,10.6031377745636
1967,10.1451207431772,9.73650798420655,10.4880616722572,9.83765322405624,9.4702668753098,10.7957708006361
1968,9.98776901782047,9.16610850367164,8.76098765087988,11.244722494151,10.005847131502,10.3880569157854
1969,9.86298432048353,10.4177329585413,10.2202203636297,9.63634066225323,10.0044866636399,10.5529946496654
1970,10.012291590853,9.8504717662627,9.58439660295348,10.3805177041253,9.89714531608494,10.8206438695499
1971,10.2101604099994,9.68524867384373,10.3608764490267,10.7827020522174,10.3756605079049,8.65036158758506
1972,10.584576430854,10.0041053837477,10.4238514265817,10.1740151139971,10.2272759850499,9.0349813409742
1973,9.82349589640093,10.5344394877626,9.9171088437501,10.3047198791133,10.3903179249831,9.73003243481084
1974,10.1816153158028,11.0910188472702,11.3770261950618,6.43218798154661,8.99329655097893,7.66864770982384
1975,8.04815560541217,9.58054209541114,11.4028791377422,10.385708409156,9.97839092753799,9.49138892123069
1976,10.4672862133563,9.36628137596822,9.48331219468149,10.0526405638379,9.79224883890264,11.0197160107053
1977,9.8219553054315,10.1031773263824,10.6384025808033,8.9926689798548,9.96306422408832,10.7349194777457
1978,10.7589274994321,9.93217280453283,10.019597845618,9.76620997963522,9.97144442762471,10.2124074253346
1979,9.92313776152045,10.5649449724094,9.77386404570098,10.385708409156,10.2365763968915,9.79580575034846
1980,8.17926235287928,10.7428526506366,9.11404850006005,10.1139787281222,11.5163833064671,7.67550192476438
1981,11.0169747712291,10.3828738264184,9.963715210788,10.2759354157399,9.04980698668568,9.26992324188543
1982,10.7741426129271,10.4438328769568,10.138862331616,9.80702481870293,10.0112762068146,9.21702364535376
1983,10.2746476723707,8.89915856207168,8.24728248782687,10.0733777998074,11.7671879430208,7.81235637573058
1984,9.1754824370626,10.3514002320299,9.94271700392706,9.79146319496899,11.0200511926407,9.91031975334267
1985,9.82810782003948,10.0440294247912,11.0700533549963,9.97072616070085,9.02585900170193,10.1609856638515
1986,9.25528688722896,12.166105674702,7.57079741935073,10.2223979674907,7.04420012643502,5.30633312590158
1987,9.46725404480692,9.86837294488645,10.5606031007256,10.7676716935897,10.1762321755277,9.50871523575156
1988,10.584576430854,10.5127900391816,9.2592931272407,9.7678013265379,9.98530413241103,10.3350911774417
1989,9.5827480482754,8.99464901514158,10.1289819523014,11.2595003667986,9.84184657889402,9.98511675802588
1990,10.0041636373856,10.4888835511193,9.34502935137802,10.3243163537155,9.58394747216917,10.6567855432273
1991,9.93885858499982,10.3028635285849,9.92712167046907,10.4316029070159,9.73104667810606,10.3702659101277
1992,10.0337448386859,10.2158248043417,9.99396993676806,9.8482213271,10.3767124198637,10.307860683121
1993,10.6186911620596,10.1587833398562,8.5695854970678,10.6942667449028,10.0644717896868,9.88989686114942
1994,10.1888047227938,10.2435213525541,9.38294348355263,10.0182934216805,10.6706065245816,10.0483491266171
1995,9.01210880608996,8.29917275565509,4.50314985122627,4.58028850433541,11.357102780378,11.6781467670618
1996,8.30825005584499,10.7740472744797,10.5915088755035,9.11026129418709,10.7253072421523,9.82989988366347
1997,8.93436519790899,9.77497796505912,10.5523101022481,10.8815426763735,9.08371086904213,10.5163519449041
1998,8.87317533480479,9.24589325736166,8.41132821314652,9.44867396029944,11.535347035861,10.7267181837263
1999,9.75248656369056,11.2220818505833,9.31265439976221,9.42466216620804,10.0112762068146,10.1731088380792
2000,10.0483110027783,11.117453152001,10.5532339043906,9.08749779161205,6.58147166991009,10.376570174354
2001,9.16092899427927,9.80472193221095,9.6703661247846,10.4305987333319,10.8875919978024,10.2380239927722
2002,9.57910443106815,11.6565197437778,10.2038411636152,8.96518134353291,8.35455477257169,9.54088535963356
2003,10.5487043065885,10.2446639140689,10.1376309791105,9.18364376738122,10.1810573713879,10.2017953722538
2004,11.2518982942623,9.35574304344968,9.88224163646384,9.56307809462413,8.0350830038801,10.7308246589788
2005,11.7242484112677,8.7461290946232,8.70552396732246,10.6782808508433,8.62649216588939,8.93596753035568
2006,10.6760906616868,9.08164801875701,10.8501582484674,10.6723463671609,8.95435322015182,9.21233061576308
2007,10.2746476723707,8.91647616132386,7.79414590946306,10.2915060791793,10.9225847833085,10.6602346921674
2008,9.74600209746009,9.40359408841251,9.11905009582343,11.3034954510995,9.72940049340908,10.3122522542556
2009,10.199522088308,10.4704458999856,9.48911780539748,8.93998610151477,10.1930502121484,10.7871206642625
2010,9.63807768733859,10.7093142917841,9.816043263253,9.18364376738122,10.885376507117,9.79109347198197
2011,9.69304922382776,10.7068293772454,10.7449316615823,9.7077196719999,9.97422704352031,9.38072748478906
2012,9.73785529822025,9.47544210306129,10.0785386130741,10.1764132874445,10.3022686235736,10.6993182589093
2013,9.74437641507263,9.68524867384373,9.90123259940381,10.9419859861877,9.7890916095655,10.2688531788393
2014,9.67267966037549,10.5585278000338,9.19443460873556,9.2443538903106,9.84184657889402,11.1633612236874
2015,9.36516212943969,10.5213002992946,9.80832479346181,10.4653354273518,8.56870746726997,10.8920557730011
2016,8.19364878170633,10.0175365597176,10.9767391761066,10.185966306979,10.0234174215738,10.1911046667156
2017,10.0000824198373,10.3482147706816,10.587907082076,9.90283014689344,9.93905243281227,9.83906008821629
2018,11.7499920409523,7.47041970286251,6.43321408726974,11.280272799679,6.8129630239346,8.69815708515186
2019,9.70479994577815,11.3502061937087,10.9684527111515,8.88530407498004,9.00423264456081,8.10895067325652
2020,10.230043429285,9.86243053846815,9.62186992320986,10.6959392114081,9.75227782423428,10.3155371807085
2021,11.022350149775,8.38466779928264,10.3608764490267,10.4963789054835,9.97283640661581,9.07431044973367
2022,8.89092486992073,10.6656245460223,10.6888723760078,10.1350919510691,9.78116816496288,9.89576154176948
2023,11.2294155035489,10.8540783708486,7.89107950107066,10.8192231707994,5.05340238401777,8.5422680698503
2024,7.87439302478316,11.9255272208141,9.72222202970362,8.87352284490922,10.1132527896634,7.24847266934486
2025,9.26892264588601,10.4045037465909,7.87339590981635,10.7676716935897,10.7531144948397,10.0137126136324
2026,10.5579876705444,10.807677081647,8.94125948276282,8.80384533629539,9.62702372550447,10.7151574717718
2027,10.0937028541545,9.79539520244803,8.76418466868312,10.9142376329369,9.32303260172417,10.747134652283
2028,10.2054419508254,10.368271564675,9.58258763806946,11.1404976669597,9.13684806848121,9.23795525180337
2029,10.2277184259132,9.49285835048235,10.5374482382809,10.6509502338688,10.1810573713879,9.0349813409742
2030,10.4140907259824,10.0557942821902,10.1425500945971,10.5528439123779,8.99603836351304,10.1277348276819
2031,10.1377097037909,10.8563223444948,9.82065459529028,9.98721226272535,8.4456794101134,10.4923638081313
2032,10.0640353725351,10.7084864624503,10.3071251247434,10.1989992507755,9.47420421854611,9.62096227015834
2033,9.66925658489378,10.3556366006907,10.9003895511683,10.0382087755759,9.47616886586289,9.78636574645062
2034,8.54349788722002,10.3332555586978,10.055250526357,10.3700799204983,10.0605494674299,10.6120703594083
2035,10.7597323082957,9.67341743294576,8.08275043738614,10.6239705641852,9.72279689966658,10.4884884150699
2036,10.2393061474253,10.4438328769568,8.95810583221106,10.1546848199104,10.3351085699689,10.1646333267808
2037,10.7468011736675,9.91935042717253,9.51590582049085,10.5666214531468,9.93048132899237,9.57052126387323
2038,10.8079955241282,10.0348121719663,10.0849413518262,9.66224060900164,10.1132527896634,9.66969844857448
2039,10.032413318577,9.70530768303218,10.507257119819,9.49744998735148,10.6039019448351,10.0257965318787
2040,8.67910365741324,8.78121763512207,9.91997675140348,11.1941429181306,10.1677490468868,10.3859752094391
2041,9.58638248254179,11.3255834873085,9.40971888227996,8.90858146805896,10.5591996737152,9.32964319600174
2042,7.80105153736395,8.18938614769551,10.038194392134,10.6825048702461,9.91318478667926,11.2733048364007
2043,9.68459684246982,10.0905238187316,9.44797893518875,10.3286352068938,9.83114187740578,10.8420614712588
2044,10.9711518859308,9.8698547287879,8.98575274594584,9.70439959822219,10.3143969217949,10.0924232299324
2045,8.30825005584499,11.1862591261329,9.26155639396798,10.0617498116864,10.5063553319944,9.73658301943358
2046,9.81886917777392,10.6389349236961,9.78806128973362,10.0720904206483,10.4772288574625,9.56132530066669
2047,10.5421702208838,10.6001844290364,9.61480681986279,9.61528049333514,10.7788052689386,8.08858130441303
2048,9.79079277142329,10.9263463499413,9.03421884360486,9.5649099910924,9.23989923801863,10.9044700355321
2049,9.86747187868484,10.0334906000602,9.35354129122505,10.9299561159988,10.6047999660979,8.93596753035568
2050,11.1444608295513,9.17332867174132,10.6401426515903,8.68078849426846,10.5053938652524,8.38423301618634
2051,10.3200980977376,10.0108366055498,9.78334438664042,10.3627282714054,9.58758671520872,10.3994529090519
2052,8.03222883392036,10.8615447484277,9.26832495429527,11.2769245500008,6.02477469207309,10.3744718128147
2053,9.44940292228824,10.0803204769399,9.67716291854658,10.0772330574065,10.415103533303,10.6297712843514
2054,10.7435501969299,10.6205701609328,8.04113907319881,7.13678026490838,11.0748711556669,9.6191908594725
2055,8.52845166931061,10.44582113816,11.0234841770754,10.3877794724853,7.94700898292325,10.2053414051762
2056,10.6828954991418,10.0661719767089,8.67527287968541,9.78519122454125,10.104389894505,10.5686803629518
2057,10.2892144257566,9.67001917372881,9.57714708824008,10.2431371188687,9.8956782986347,10.6696775476605
2058,10.3179139160213,10.0148603115668,10.6651406157141,9.92581911590872,10.5966975779568,7.35498839312037
2059,10.9459159783832,9.82777824584014,8.66162130475055,9.45065701041228,9.61993311284278,10.8526521979181
2060,9.90287837750867,10.6458699824767,9.25475590696168,10.7660804022677,9.21423028544433,10.1051339820276
2061,9.4333475786471,8.79688879183375,9.32785321961277,10.7419979593462,10.7211723523824,10.4875179378318
2062,7.15431773003312,11.00193843086,10.5779555270884,10.4346112406422,10.2492673321642,8.11399824581784
2063,10.1000723474934,8.89915856207168,11.0892874690478,10.4554957187547,9.70112397319133,9.26766317314085
2064,9.36727643856026,10.2639502580965,10.4597665609216,10.1375556636142,10.1320632889052,10.047032219982
2065,8.43874513784764,9.76386316081522,8.76098765087988,10.5901951705374,11.529684045357,8.86297321527608
2066,7.89803072692992,10.7764191512953,9.45194788056577,10.6858752029688,8.43762963357258,10.8993712118007
2067,9.82964185647686,11.040603256239,9.3235270238481,10.6992783386033,9.10925871679845,9.49718752174691
2068,10.1438882112058,10.5061360617319,10.3724376734263,9.06177611258225,10.1419961438259,10.002885698187
2069,8.98206482557167,9.60210044225354,8.90696425306774,9.75662484700714,10.741729290737,11.1450150286169
2070,10.2007080060556,9.63732994182314,10.3136820422568,10.0302756010819,10.831924800525,8.91878311834331
2071,10.3460535210322,5.77457371622791,5.69417960585307,11.1935511104739,11.2972559972026,8.35470094757965
2072,10.9780842192759,9.63035255579242,8.18657463929152,11.3209413385446,9.20240976140222,8.39256064482042
2073,11.3347055272384,9.3279773675446,9.61834269571583,8.8969897698139,10.3077941311067,9.71352460698531
2074,10.5644506604474,10.2181532707368,9.180148428586,10.408328186761,9.90007488206774,9.94467137108736
2075,9.35880053589626,10.9552467811012,10.3158610747239,10.5389335133066,9.38917429578289,8.96136595653722
2076,9.80801542808202,10.3745477856904,9.55702093359007,10.2293442021638,9.9588557923633,10.4590862695655
2077,9.31784523132953,10.1157207948235,10.6287944906848,9.20964148027618,9.95040191060909,10.7035033633924
2078,9.80333869963358,10.1219518593162,10.5299594904837,10.8881412163549,9.60744002665765,8.68126872903799
2079,9.61691084890501,8.58936540464613,10.5806764031268,9.70107186354674,10.2675298091487,10.8237230640351
2080,9.49652343649338,10.3630204394558,10.0368739896289,9.6380818720678,9.67912037012636,10.8669020833876
2081,10.4722048546279,10.2918521557219,10.5053490287646,9.42466216620804,9.88832074506199,9.66455480058434
2082,10.0417082490639,8.58936540464613,10.462719513035,11.2544020622817,10.1119899911088,7.39712834351397
2083,9.60262502821228,9.1828996530205,10.2271834826265,10.2270325053218,9.67912037012636,10.9600987294635
2084,8.81548118557784,10.967062134156,10.3890902969129,9.28048179451825,10.2272759850499,9.8884269572927
2085,9.95721948737332,10.4567078569071,8.87183293761766,9.69104233840848,9.99492728765295,10.8549115589545
2086,8.33876793331994,10.1157207948235,10.757811406063,9.36912742530011,9.06555408189739,11.1025457379212
2087,10.8410721938011,8.8579226766137,7.21510900035399,10.5059445656698,10.2284418212161,10.5211020723975
2088,10.4484409091646,10.1636239043406,10.1039807842058,11.1125949277823,8.92011465433301,7.70929005736656
2089,10.8763788320018,9.81552742967459,10.1523382822137,9.99266601920838,10.0434283933393,9.1523411461311
2090,10.563529147109,9.79539520244803,8.29672271173763,11.1269237445215,10.3307728680688,8.31143256347888
2091,9.68459684246982,9.64600446772662,9.47553484073357,10.4760821441078,10.7261327997662,10.1127070133746
2092,8.61645762228802,9.36837983110265,10.2364156606628,10.2223979674907,9.18809599653707,11.2984233840017
2093,10.3277167936678,10.1970605074896,8.89534871608587,10.774810861771,10.1930502121484,9.44614092620579
2094,10.2265545173796,9.99054795996691,10.3277872673203,9.94844740523586,10.2458172266799,9.73658301943358
2095,9.44740575355552,10.0943315400675,8.94689684073459,9.68094257410046,11.5019951069107,9.12013129326534
2096,9.66238596203467,9.03484607534494,9.89687221151467,10.7026097545065,11.0487118194219,8.90721193888566
2097,9.82964185647686,10.2706961004027,10.1014566670737,10.1164787371017,10.0247601583552,10.1694825724888
2098,10.2404598161041,9.93783525224845,9.59878720729135,10.9986438278513,6.02477469207309,10.5106310673457
2099,10.3266308690859,9.82625257259764,10.0222692198992,9.99674284613493,9.07854651099045,10.7688646500124
2100,9.5845664103811,10.0790399692182,8.6887962941321,10.5472958389755,10.3650989817258,10.5125405485648
2101,9.03888849137446,10.2099871405528,10.1848914635863,9.2915885919057,10.6774519252603,10.4501474799748
2102,10.6888235134277,10.0334906000602,9.75952565304457,9.9357627037422,9.21893149046541,10.446156835143
2103,8.46269099597603,8.582146811502,10.3566492871539,10.8138421064692,9.82035712906793,10.7965546107267
2104,9.53464745133991,10.0815998488715,10.6093841687625,10.5811738886486,9.74903176861344,9.53526017820615
2105,8.82474576830439,11.6862555156108,8.78321921853942,10.7092495943425,9.03921252893583,6.85868927763479
2106,7.98887391381242,10.893216989353,8.74165511793481,11.5086811664644,8.73225446284672,9.18863353591005
2107,10.3567319403527,9.95329332380365,9.80522580231596,10.454508046255,9.64634503942709,10.1202404915587
2108,8.18886927509712,10.350339193002,10.138862331616,9.55756840095698,10.6688900867766,10.457104653254
2109,10.6905127670483,10.4075674279271,10.0772546476364,10.2362571467493,9.2071496077249,9.26086163147427
2110,11.1701134374076,9.70862389304106,8.61987269514545,10.3939748808035,8.27996364996141,10.3618171351628
2111,10.0808788595489,9.29526118990411,10.0989281251164,10.1966383667101,11.0884172404832,8.44554674064493
2112,9.80177641403359,10.1768523012105,10.32020928935,10.3167271052073,9.87349207203737,9.89576154176948
2113,10.5004069033818,9.78757658743849,9.80987179551799,9.73563590178848,10.8682770862976,9.10501893804948
2114,9.2206223539914,10.7404248897298,9.50639569751139,10.4475753386853,10.159215732147,9.84210060650723
2115,9.76857130955069,10.2389420347059,10.6514022359791,10.1449216524994,9.84184657889402,9.55577944210786
2116,8.92864825412879,10.9718992915765,10.3245444360202,10.7322512733505,8.97673523132123,8.96416057170821
2117,10.3893414284778,10.3083378529734,10.0591580790878,9.43871759415328,10.4860287164666,9.43208315020687
2118,9.96561555406228,9.27973580962991,9.93564911331847,10.6883977950476,10.2342569097064,10.0190957463045
2119,8.38962434895811,9.70696674121998,8.16736788432309,10.4992552697699,11.1750082470345,10.3177229830601
2120,10.2914424655077,10.4821181191842,11.0622873258172,9.66565905535758,8.16272884795647,9.1176235441038
2121,10.1719733564739,9.19003641864914,9.72550440078752,10.454508046255,10.7891128472065,9.51444471778397
2122,10.0337448386859,10.6732815477848,10.5393143664148,9.8482213271,8.98779722861968,9.77208886542142
2123,10.7701541684387,8.93075020781675,9.92996975699799,10.553766520268,10.0166849234738,9.51634949745199
2124,10.0028045142508,10.4045037465909,9.55333126172001,10.0874636493775,10.6731773580119,9.29010599717895
2125,6.93070291411405,11.5464089374003,11.6761026925912,3.49023065076089,3.91236714089699,4.08423288932377
2126,8.98206482557167,7.27756473448571,10.1644808433685,10.4692525940927,11.097377810936,10.045714109891
2127,8.46664353610626,10.0968644480175,9.25248193092606,11.4676625578733,9.28318770877672,9.881054882964
2128,9.37989759642375,9.79383486666706,10.5513857081212,10.9588003441814,8.74208919665311,9.93900261743637
2129,10.3883009352897,10.5156323747334,4.71896091471165,8.60798530321394,11.6234993294096,6.50199891192451
2130,10.8064384614025,9.46371329935936,9.77227791240082,9.77573182867217,10.417149904781,9.72674595106128
2131,9.75894200481794,9.95469042246829,10.3859825383751,10.1026747538368,10.4574792649727,9.55947904994245
2132,9.658938336654,9.67680770337268,10.3703425130369,10.8360055849756,9.93334402673877,9.4361136620264
2133,9.74437641507263,10.7541284896437,10.0925873094023,10.057852890565,9.05507515639838,10.1946770463714
2134,9.78131118110073,10.7183891979343,10.5024821514704,10.3500376130365,8.38417943120001,9.62096227015834
2135,8.20316041517888,11.4322170494907,10.5355796929042,7.84826479609528,10.6697485609686,5.30633312590158
2136,10.4089695227771,9.9919094512649,9.67206832868108,9.81320275622258,10.1419961438259,10.2643272609585
2137,9.84489314242295,10.6817419300717,10.3880551211633,9.9428235281454,10.0826362374761,8.88673608316832
2138,9.8599848390929,9.9919094512649,10.4948091727457,10.9761093650776,9.48595215045141,8.31143256347888
2139,9.40275330281307,10.5118413480763,8.98301179797672,10.7460397225852,9.65330728206933,10.3177229830601
2140,10.1935778300114,9.98098136529339,9.88811168795113,10.8518450628276,9.5966448444218,9.43208315020687
2141,10.0666395151297,10.7541284896437,8.8569382897996,10.057852890565,10.7644105467509,8.56085648182466
2142,10.862959041129,10.1144713452701,9.56986094486772,9.33517944212998,10.1119899911088,9.91321384472023
2143,10.2462143593921,9.57691749474932,10.0460915236313,9.42264301673977,9.35754889942355,11.0143356723624
2144,11.2841400445844,10.4975355987198,9.59520299670613,9.49936712472942,6.87440317482925,9.79266594279862
2145,10.1743898954325,8.582146811502,10.0434639477303,10.7991343639189,10.3426648308068,9.58511390787721
2146,11.1195982469722,8.94769451501783,8.05165537617599,7.56961326772898,8.46164518384088,11.5129550558829
2147,11.6349590840851,10.458678463094,7.7300604806524,8.93148884597665,8.8820812649089,9.41584748732983
2148,9.94736190106295,10.941221326084,8.89243014395197,9.59031515505662,9.53578207679383,10.5427534202946
2149,8.63764381058081,9.81398873485474,10.0368739896289,9.51461315153438,9.86452113153185,11.2431487159566
2150,9.34813510621634,10.0054541435371,10.5587643279093,10.1907191953246,10.6047999660979,9.01894422216493
2151,10.6407029601499,9.44792500112791,9.25248193092606,9.73400864413958,10.5499040504577,10.2077005933354
2152,9.57362168533597,10.3598605641574,8.5437677428501,10.5500725429554,8.65453779402206,11.0163556515059
2153,9.27343938958148,10.1828253367185,10.5606031007256,9.74858828422055,10.3426648308068,9.92616586881548
2154,9.92600886779912,10.0202078513656,10.0102088795594,10.5389335133066,8.87017382735705,10.4728818817432
2155,9.70813978397425,11.1421861921675,9.9539540781408,9.41250463850199,10.1738135110984,8.9416504327197
2156,9.74600209746009,10.2492251313591,10.213223468293,10.0169559030985,10.4604589965773,9.47776747905128
2157,9.62929589641833,10.7274073723194,11.1442718019008,7.71569485476574,6.86232663023504,10.3776182115649
2158,9.43737820522324,6.68482298260169,8.86291463607578,11.3018490306302,6.42504178544388,11.3094483200931
2159,10.7581222413167,10.5409644737523,7.80662661053213,10.4692525940927,9.37660725321258,9.78794337756619
2160,8.97653435483322,10.8405407296779,9.68561411059297,9.79770800793042,8.91142638775966,10.872860177949
2161,9.54402302379014,10.009492871926,10.425870344823,11.1435649180967,7.68628215243259,9.60314947852576
2162,10.0483110027783,10.524125932061,10.5915088755035,9.62584902201261,9.61459218007122,9.56316919067698
2163,9.69304922382776,10.5446798284775,10.2085399443305,9.47813710859431,9.90153743664524,10.2620589655741
2164,10.301426274511,9.8831227198388,10.6980897871198,9.23977357572575,10.3934395164431,9.19340421618861
2165,4.08449811876375,11.1713167638606,3.49023065076089,10.4021942497423,10.8410991121669,9.74310398515849
2166,10.4946170608678,8.65962869264513,8.77690226830808,10.4963789054835,9.69438932050467,10.8473665535157
2167,10.6494144870675,10.4368523016961,9.49490013577731,8.5009851846807,10.2179152176957,10.1475314209882
2168,9.73294503701295,10.4248064441606,10.091315794441,9.73400864413958,10.1604378722571,10.0757300043752
2169,9.42930565369524,10.3588057323047,9.89541581452259,9.70937684706301,10.2663951532845,10.410759576984
2170,8.74565717234622,7.88329397161297,8.13312624140302,11.4730370101024,9.22595467795229,10.9565964181222
2171,10.2078031097761,10.3083378529734,10.0938577044675,9.26703969861722,8.00268447642648,10.9368247737574
2172,10.08986761321,9.89190071986402,10.3661430406628,10.2703334785265,9.58940289850358,9.97960505780637
2173,10.0588129397939,9.70862389304106,9.53099275328364,10.3047198791133,10.0839249866131,10.4341182300922
2174,10.5365459224086,9.27973580962991,9.94834648445836,9.24891969925012,11.2301705824228,8.09880205886125
2175,10.096254027747,9.149119469756,10.8710539744258,9.93859118278294,10.2412042117828,9.31658422665899
2176,10.4212300023296,11.5748480602464,8.93843251299731,8.17577001719415,9.66368802659747,8.41725831776022
2177,9.84943725585059,10.0981292359774,9.80987179551799,9.65193638082192,10.5638251187131,10.1401395019491
2178,10.6606613877155,9.51575755380711,9.34502935137802,9.31572648092396,9.96586303880883,10.7503746386442
2179,9.54402302379014,9.63732994182314,9.83440078263536,10.378436180843,10.1283207626317,10.5010455622569
2180,9.50998179375898,10.3105217787596,9.66695567763633,9.75019918341534,10.3882331047909,10.3870164381344
2181,10.1622665108578,8.42558345138515,8.18179694125052,8.43435362869669,10.9901224581801,11.1063437278675
2182,9.81267704039946,10.7436609971699,9.95535257665639,9.25119719277738,10.4454984034062,9.52772563899958
2183,10.1671280989983,11.3665658398244,10.2558400145702,9.13760386361666,6.45775928678011,9.39529240511507
2184,10.1947686429902,8.63542449529316,9.53660990571765,10.0912814905998,10.1750233502672,10.8098146335849
2185,8.67569388468545,10.6117421753642,9.44599035829262,9.57766851813201,10.7788052689386,10.1767260100509
2186,10.6726761675681,10.522242792003,9.56620402134921,10.5748252544789,7.43384484793282,9.61208337707126
2187,10.608004993688,10.3492773729362,10.3807880155193,8.84061884422373,9.25828462628441,10.0731445812945
2188,9.91159583955538,9.10197087550092,10.6031529806129,9.39407395876044,10.9763104815809,9.21936444362636
2189,9.227622260313,10.266202379337,9.86001367883258,9.50510329115793,10.1419961438259,10.7544144151368
2190,9.85547388823737,9.81398873485474,8.56225610353555,11.1732838205014,10.0085642235666,9.63505576408741
2191,9.10880278609554,10.3246372653355,8.76418466868312,10.9306665391938,9.97977622188268,10.1114475994276
2192,9.3986245765286,8.42154382278083,9.79588867393611,9.33517944212998,10.9390560412141,10.8390212133232
2193,11.1893566199671,8.95329863438652,9.53660990571765,9.72092405860447,9.76518947558153,10.041752536832
2194,9.92600886779912,9.91217731766906,10.2120540122048,11.2355525989059,9.11431439746315,7.89096948653513
2195,10.5252311088906,10.4085872107722,6.33159528171584,10.2859644026836,10.82346345032,8.49278438150814
2196,10.0000824198373,10.4478066626418,8.16736788432309,11.0790242339426,9.46434062858155,9.54088535963356
2197,9.95018523567964,9.88751839787908,9.43199299810175,10.7240784263701,9.8824075583327,10.047032219982
2198,6.354848212934,9.00547831944944,6.75308653169767,8.19957837584144,12.021363311272,10.2077005933354
2199,10.9266950495827,8.78121763512207,7.46440819445758,10.5088019381091,9.87944184881447,10.410759576984
2200,9.99735517839082,10.3396856548995,9.63763654830442,10.2804013539302,9.96726041215794,9.90014445542914
2201,10.344981318423,10.6135120997533,10.145003375653,8.7692914183037,9.27643850651681,10.294605174834
2202,9.4313280324277,9.99054795996691,9.85702389860559,10.6474972091447,9.52633217994695,10.3807577622346
2203,8.13521898702428,10.6690326765351,10.6058267863459,10.9476125759767,9.21423028544433,8.02568217573722
2204,9.88528377395754,9.9279113321021,10.4157473777269,9.7077196719999,10.4191933773306,9.67652823202411
2205,9.16579648487593,9.45188831177641,9.21560188920114,10.478027519847,10.6740332853685,10.4331104631577
2206,10.008233339452,10.1792444843306,10.2444456273132,10.4982971188027,9.85247241338628,9.05346854376079
2207,8.41029541429604,9.2413202947069,10.2248661757544,9.97348696363375,10.3840544030603,10.8306273144198
2208,9.71147190552242,10.439848114132,10.7918665006968,8.87942549948977,10.1750233502672,9.39322068819936
2209,9.73622040134198,9.91791865639286,10.8035595411195,9.68768360317382,9.73924953353653,9.98374080629448
2210,10.0055214810269,9.9222097118383,10.1052411882977,10.8413047584431,9.98806016307277,8.43752089427018
2211,9.82964185647686,10.7216750607195,10.2178918342758,9.92439299061,9.5857682416925,9.57965895635582
2212,10.5004069033818,10.0414019288643,8.70552396732246,10.639697549619,10.2284418212161,9.18144778300766
2213,8.90555095613501,10.5418942099305,9.36411103461416,9.95265096905404,10.2788275469608,10.4826557338522
2214,10.3694425647361,10.185207642524,10.0721073257966,9.54648545541807,9.58212440083104,10.2460802308043
2215,9.09099992751291,9.29526118990411,10.4754462434235,10.3542802501177,10.564748430611,9.76729832469704
2216,9.56443719664881,8.70352803317798,10.4568075514442,9.72748119043745,10.6101763853833,10.344769664128
2217,9.52141839173364,9.94347555643856,10.2750062678142,9.34374166615198,10.6757436180197,10.0231199520818
2218,8.37707770924369,9.75105474493247,11.3817140469779,10.7257167042143,9.04716566370833,7.5012131188833
2219,9.84185576001536,9.30624927525787,8.22887451837083,9.75822679954564,10.2720595282496,11.1874654329901
2220,10.1377097037909,9.72836259680148,10.0329055140652,9.42264301673977,10.341587785378,10.3177229830601
2221,8.90555095613501,10.1194626627158,10.6138185956062,9.18840562943014,9.69101016371941,10.7381869844563
2222,11.2171626722179,10.5325697721598,9.64632186957593,9.42264301673977,8.25726851276109,9.27892825386794
2223,10.3342152293298,10.2064731682595,9.05263524999696,10.0976221883686,9.58940289850358,10.457104653254
2224,9.25528688722896,9.71358395400495,9.45194788056577,10.4809406731613,8.98779722861968,11.091730146603
2225,9.91304364103144,10.0308438180021,9.57168593490467,10.4235498760809,10.5386696516277,9.31876895197695
2226,10.2288813960443,11.02605901133,10.2364156606628,9.48395818012654,8.77439508226396,9.26313237912925
2227,10.4089695227771,8.9392472635071,9.74988691184462,9.79458898142144,10.2388921602704,10.5154000394996
2228,10.9522664626513,8.7685568181357,9.90123259940381,9.76620997963522,10.265259604181,9.62626348406509
2229,10.7459891160747,10.3911520849947,10.1227721689792,9.38787767204693,9.21187392149552,9.67482381608766
2230,8.78732456797255,9.40563897474495,8.63042383618537,10.4954188414353,10.6358836191778,10.7373708013696
2231,9.82041306706519,10.2995689337919,9.14380103296378,9.82242032500248,9.00966973090413,11.0364013877553
2232,10.5128724050239,9.77655882469879,9.7320468159086,10.1847756338127,10.1506316338558,9.5760108245521
2233,9.5421527794671,10.27517586553,9.48718519778194,10.4886804422525,9.87498181884344,10.1911046667156
2234,9.74111954242154,11.0326882149112,10.038194392134,10.0785158567822,8.15783475149922,9.76729832469704
2235,10.4731865735078,10.1182164516782,9.46967417294467,9.93150955757902,9.43837499505728,10.3838904945726
2236,10.2958882471712,8.96166416511476,11.3765043810647,10.1692067722298,9.03121526735712,7.2392269812907
2237,10.376805699909,9.81090641165706,9.37460385844168,10.7476532624487,9.58940289850358,9.75444520496358
2238,9.85848275590313,9.81706448465064,10.4607515501077,9.28271000956817,8.17731200391476,11.0290835864296
2239,8.85821520097605,9.57510177231349,10.0474035187549,10.5919926766059,9.93477324772639,10.4846025825324
2240,9.48098706014865,9.79851081879738,11.059689331146,9.13267090783191,9.28990546358882,10.3565114106559
2241,9.26665895658622,9.49478056798911,10.1363985745277,10.4633728478234,9.63231889929307,10.6129605832145
2242,9.55704725467791,10.4936966494487,9.57532900077571,10.2095756695297,9.35754889942355,10.4836294866302
2243,10.2746476723707,9.19240751082381,9.99124558187954,9.17886612410562,10.1894628181252,10.6875349575203
2244,8.63413434906578,9.96581875916253,11.3691790974483,9.63459734756716,9.70782732247132,9.10501893804948
2245,7.89803072692992,11.2922696961052,9.87634759641486,9.14251999643944,10.4495030905435,9.16696792342107
2246,9.70145235509712,9.35996762375815,10.4218296787122,9.93150955757902,9.57847132936905,10.6679652560578
2247,10.5061736000968,9.01622686437529,9.61303562552285,11.0387349584654,8.91142638775966,9.79109347198197
2248,9.2869053352583,9.22751372648475,10.5495351408757,10.3627282714054,10.3220621713657,9.82529787139323
2249,9.80801542808202,9.86243053846815,10.5158124331123,9.95265096905404,9.43635813681607,10.2812267245467
2250,10.2335239227327,10.4994512489475,9.85851956343271,10.0643419222212,9.49953818738273,9.72015042995538
2251,10.5736335607058,9.42189449625402,9.71398326862814,9.6380818720678,10.3544595559257,10.0640589300714
2252,9.81732363401826,10.1958795943321,9.67546672084246,10.3658835671597,9.65504260351535,10.2264364635958
2253,9.89703732583538,9.54943864442651,10.2994375257593,9.88534471454037,10.2527092052395,10.0860256015804
2254,10.7749389802565,8.95609254338461,10.3470926359795,8.67401124328339,10.6740332853685,9.2945529422836
2255,9.07556335360763,11.5305719459452,10.6366604085294,9.48782588045383,7.84710826488798,7.28486786638948
2256,9.87937088335495,9.61982276789979,10.6964182689237,9.08749779161205,10.5629012154601,9.58147956721459
2257,9.33523157019615,10.8405407296779,10.7618128568885,9.9114940071022,9.31646778575001,8.57189544272194
2258,10.5918258309248,8.48872197169319,11.2253281797501,9.58129317424981,9.58940289850358,8.53099875198235
2259,10.1190137837201,9.79227284094737,9.74342510899583,10.3404458076497,9.60923139320491,10.3067606980802
2260,8.66541587059315,9.91648546288796,9.8719112055132,9.38165464271821,9.96306422408832,11.1189319617584
2261,9.17789379060411,9.60744004574757,10.267145098867,10.4475753386853,9.19527064378247,10.6602346921674
2262,9.3778017272255,10.5089915255056,10.1523382822137,9.82547980303476,10.1208064519131,9.8329597540873
2263,10.2078031097761,10.3911520849947,9.21793473877706,10.7882003133968,9.76358182656963,8.75090665525018
2264,9.8659775768336,9.54573491475434,10.5797700145541,9.86764469509119,8.88504281391691,10.6165159948435
2265,10.8234744093588,9.96026532342764,10.4339178792227,9.62233477785273,9.15658650685997,9.31439618585213
2266,8.57312676878602,8.59654799803553,9.83440078263536,10.8675125119246,9.798542638198,10.7696632123926
2267,10.032413318577,10.5631144056972,10.176522038785,9.94423155455549,8.80599245433851,10.0096620383689
2268,9.58819627052033,10.6267177626488,8.84491072091732,10.6680924531653,9.48984695445326,9.99607737155582
2269,8.29051622986644,9.00547831944944,10.8982099568526,8.08152359562244,10.7531144948397,10.5048874111017
2270,9.8599848390929,8.69016247108751,9.62186992320986,10.2692104756565,10.59579449697,10.3133480611433
2271,10.2404598161041,10.3693194997102,9.87782336608277,9.88387798123064,9.35541567029016,10.1076627462489
2272,9.62400103778587,9.98372115890582,9.79119734301642,9.86318554026174,10.1604378722571,10.4669856244969
2273,8.94573149712001,9.38090682870209,9.952554222305,8.55363360997353,11.2933622167609,10.1682717885736
2274,9.03090669903799,7.74769116346266,11.0784196418651,7.43133007554863,10.7211723523824,10.4640284333446
2275,9.03888849137446,10.3343292338768,9.76432097374698,9.05396924563372,10.3619153856335,10.6739494057044
2276,9.57545158437821,9.3301322753688,10.0513323588592,10.3123723967519,9.63231889929307,10.6653930017464
2277,10.0430312200637,11.5487233126342,8.16736788432309,9.64848521178136,9.3295676623006,8.50435555422279
2278,10.9780842192759,8.02861253371777,10.9326943558435,5.13853548597692,10.4202140290721,9.02430977906389
2279,9.48293828619936,10.6851122384409,11.5484996175468,7.7803523336753,4.421285932026,9.07431044973367
2280,6.74621068605482,9.28196398304757,8.52880423024666,11.8971522016662,9.98943620607912,7.71595320836446
2281,9.84489314242295,10.1732565713337,9.64111695629962,10.7411882460248,9.64459921418723,9.5760108245521
2282,10.1983351947372,8.38051153607889,9.39330063850656,10.9553134779351,9.64983036223817,10.2053414051762
2283,10.07312937588,9.83689854762956,10.3180368204544,10.2385541188426,9.60564643211388,9.80206493306219
2284,10.1768023926515,10.2111565648828,10.3502852264533,9.49168323458238,9.63583824431734,9.94042189596174
2285,9.08072726787665,10.0242055354629,10.2917087362087,9.55388354196529,11.2178976498483,7.49346992391816
2286,10.4069159398189,9.33443245298368,8.94689684073459,8.8069458959839,9.1117887735549,11.3738850859398
2287,10.2936670691179,10.2320456834125,11.3832732852473,7.41510688749409,9.08628612615018,8.20668221217589
2288,10.3809963921724,9.88605465989016,9.96926348410345,10.2270325053218,10.1432329550386,9.05346854376079
2289,9.1511444287061,9.51196618377533,10.3692937905569,9.57403472845311,10.4693614378605,10.3922113375687
2290,10.3789025678798,9.54573491475434,10.1705140058891,9.70107186354674,10.1930502121484,9.82989988366347
2291,9.7476259494038,11.0080064904696,8.9912190535163,9.41046838050805,10.5785276575406,8.96694977848864
2292,10.8380270893186,10.6073078402657,9.80832479346181,7.18550730510122,8.84909607756238,10.2767395246078
2293,9.37360082711304,9.95049506003442,10.5679348427514,9.47813710859431,9.87498181884344,10.3511860986259
2294,9.83423420007167,10.0255356383697,10.4228409068462,10.3479116058733,9.92617660058027,9.00544228778437
2295,8.76503812105714,9.33443245298368,10.25129305492,10.7588977887898,9.48984695445326,10.4158698195169
2296,10.4252937804652,9.71852701436264,10.3136820422568,9.71598657045089,9.97144442762471,9.6191908594725
2297,10.3255441263815,10.1019169591259,9.53099275328364,9.78046928199079,9.74740599689945,10.2968229026115
2298,10.3535367066371,8.54550093733957,10.3481576181132,9.60106755085816,10.9942403953263,8.28483300514193
2299,9.92170006228926,10.1331003888229,10.0289260896227,9.83157935728781,9.54329765865468,10.3522527349793
2300,7.20275412193395,10.1006554895939,9.25248193092606,10.0539454124457,10.9297693193073,10.271110823618
2301,9.63807768733859,9.75907332537972,9.78491840239997,10.4305987333319,10.4574792649727,9.58692764922776
2302,6.96488400439866,10.854826749969,7.74310858494339,10.9271109194875,10.6056974286672,8.6080926079034
2303,10.6546162624123,8.08081177765473,10.272764587788,7.9861516055509,10.7603863890128,9.95874654023277
2304,9.83728765884292,9.5401614227555,10.7784987889902,9.39613348452487,10.415103533303,9.32095037184479
2305,9.89117252265344,11.2638143042375,8.61987269514545,9.62760293788592,10.3756605079049,7.38879913789815
2306,10.3914201659836,9.37465693422764,9.76591587733186,10.5361352641121,9.19288305989188,10.1548856517645
2307,11.3725521043601,7.42256310719486,9.84198131890513,9.48008007792257,8.69897850880851,10.2552325988426
2308,10.4017691553871,9.31280215361589,9.90702601938022,10.1764132874445,10.2365763968915,9.59956036433131
2309,10.7056276884525,10.0068016432626,9.65150806486733,9.59749231945467,10.1245685005662,9.44013293912032
2310,11.4348479196531,8.84592096519863,9.84801719076557,9.3920114870617,10.0967495401421,7.4380618907418
2311,9.89264096072203,10.7200330648893,9.86746112635058,9.1978824247782,8.09776842959313,10.6858437440364
2312,10.2701358378871,9.90641303316864,9.83895388392273,9.01428777183467,10.3011609776009,10.2229419750215
2313,10.199522088308,9.31280215361589,10.2761258027815,10.0695122100901,9.54329765865468,10.2368694197463
2314,5.45159311455756,11.480536408129,8.50987849742096,8.52754999296377,11.0387784662977,8.38423301618634
2315,10.7540891943668,10.0518833157458,9.71893217099079,9.6724717345095,9.95463504530624,9.32312849625572
2316,8.73259016476733,9.1515587671931,9.11905009582343,11.3045920217889,9.50532181715489,10.3045582083437
2317,9.13137377768616,10.1780488886841,10.5082102197103,9.85272691592276,10.4752660215851,9.10248473676074
2318,10.9676731867942,10.4782378640642,8.91848691566149,10.3742641015857,9.29436664029965,7.67550192476438
2319,10.7749389802565,10.4527585499932,8.66504634665435,7.70906590564625,9.19288305989188,10.7495653240118
2320,9.0494625875196,9.6818782119622,10.2085399443305,10.4052644786707,9.64634503942709,10.426036312097
2321,9.75733085142879,10.2469463256117,9.00208986379465,7.72886155579635,11.2950322668609,9.57052126387323
2322,9.69304922382776,9.894814887824,10.378704957386,10.1375556636142,8.15783475149922,10.5887295812719
2323,8.38962434895811,10.4278273520564,10.7942127034458,8.08664098202848,9.57664131751896,10.5878242729822
2324,9.66754199544611,9.73813155566466,10.1437772566988,9.76142537631786,10.8927482824545,8.96973359779269
2325,10.2030769204913,8.80310983929945,8.66504634665435,7.49444360365095,11.4708121084169,10.0069553214256
2326,9.93030483936982,10.3159671709238,10.1559917955486,9.94141412584281,9.31646778575001,10.0324663314418
2327,10.3266308690859,9.623341246876,10.7262132105516,8.8705624260873,10.3458911503451,9.04293348009309
2328,10.1524938995498,10.0879797419634,8.82361783835288,7.5400171570367,10.3132985534176,10.913169165733
2329,7.97782769558436,10.0892523412512,11.2368732268347,10.2084043342433,9.36392971516712,8.82042129618389
2330,11.2745992631812,10.689314080933,8.20081325102695,8.97348281942241,7.95267461808993,9.77686354632707
2331,10.0337448386859,11.4033500878404,8.96645573407607,4.58028850433541,10.7136995518306,6.33638046784908
2332,9.20887978191485,10.5975040548043,9.08877684928967,10.3991174721548,10.2001983445535,9.70018093228326
2333,10.5119173353562,10.4368523016961,9.84801719076557,9.7678013265379,10.2821996851119,7.32909485741444
2334,7.16413758421092,11.3054687042362,10.9684527111515,7.05517378012709,7.16679597986272,10.0718501298163
2335,9.31784523132953,8.70019825004918,10.8304802639479,9.98994171866924,9.85850935427056,10.2552325988426
2336,10.6415764840451,9.88751839787908,9.29287463877861,10.2703334785265,9.3295676623006,9.95453839296665
2337,9.61335263923412,10.2480861784975,10.1413218875711,10.6000538508003,9.36392971516712,9.44013293912032
2338,10.2207208454881,9.78443723454709,8.3316414427982,10.1077096824195,8.55389162551662,11.0801892679736
2339,10.1971473237356,10.0228742048403,10.0447783340156,9.12772101346082,9.4917904186054,10.5399476927805
2340,9.98088254185722,9.98508910654132,10.48419173949,10.2454231699379,8.4173060427382,9.98923675499662
2341,10.9238255980639,8.42154382278083,11.1534385840842,9.13267090783191,8.82770543373278,8.82657761734459
2342,9.43536430028089,8.99192892758826,9.45392826408919,10.5793628424415,10.5638251187131,10.0898675827392
2343,9.03090669903799,10.084155193413,11.0094171007655,9.62409297040482,9.41603286206667,9.78794337756619
2344,9.35454382649459,8.43362886080234,10.5924079204415,10.1643823481163,10.3242447818902,10.0311348366577
2345,11.2171626722179,8.27250143971194,8.30553214818929,10.7109047899754,7.75927507785519,10.1314674441924
2346,9.57910443106815,7.08567182591088,8.9692283190234,10.1883447087839,11.0683756577708,10.3565114106559
2347,9.00940326720457,8.49257768861116,11.0147921736678,10.4255673524998,9.34899698040742,10.0204383961293
2348,9.75894200481794,9.38298412119717,10.254704617683,10.4564827154675,9.71616292970688,9.98236354069011
2349,10.5782031822872,10.9084357066982,10.7408830439811,8.54251271676338,5.70110307888632,8.69815708515186
2350,8.9985300374313,11.159856149862,9.79744906589925,9.85422565644282,7.49736829279251,10.2287614282549
2351,7.47900810302046,10.1256776182989,11.0334487646395,10.2025333473634,7.6794584872969,10.2495191777134
2352,10.4494389291982,9.78600776518654,9.27730055312565,10.5135516837672,9.63407964538117,9.72015042995538
2353,9.08843861775726,9.40154629792804,10.4349206715882,6.643944073911,8.30673360284163,11.5408210677962
2354,10.7089651606332,8.99736397887291,9.20152495755699,9.31790092749807,10.741729290737,9.78162247211453
2355,9.33739019488368,6.39854731847526,8.94970727211331,10.8525950029698,9.03388595444888,11.2252135594235
2356,10.0403840634917,9.12201118886775,10.7155247774712,9.73563590178848,9.91173400137837,9.78794337756619
2357,10.0055214810269,10.777208911063,9.28844204015546,9.74374476244148,9.2212763565515,10.1364292882058
2358,10.2825095830798,9.9236372313445,10.468607344028,9.78204498123824,9.20240976140222,9.78794337756619
2359,8.3257680038476,9.5604930976854,10.3598208193277,10.1001506834342,9.99629679787189,10.5277260817706
2360,9.67438815605597,9.58235098509135,10.2097122517669,8.39366791607262,10.6270707096081,10.3469116484766
2361,10.1426546251418,9.66661288796913,10.2558400145702,8.55363360997353,10.0877843395329,10.4046032926723
2362,9.60262502821228,9.08164801875701,9.3300114593878,10.4225400787716,9.65504260351535,10.8428205356471
2363,9.17789379060411,9.25045176084778,11.1930944783441,10.1014132707501,9.5225348131692,9.23101176201
2364,9.45736404993121,9.29526118990411,10.3125912903905,9.8239508752852,10.4384633367725,10.0705545156007
2365,9.88380782233525,8.21295949492115,10.0115539080987,11.6534197884083,8.66491570556828,5.72612104143625
2366,10.0176848915815,9.75907332537972,9.63065043168299,10.1522502163766,10.1018476038395,10.0096620383689
2367,10.2587941205349,7.5467879375742,10.0128976835354,10.5847891742326,10.2538546736238,9.57052126387323
2368,8.61289609441907,8.86982525424571,9.23415983588531,10.553766520268,10.5405481378713,10.5576258265239
2369,10.0230581006227,10.5344394877626,8.91273710064498,10.206058806239,10.4840778262064,8.4049624472617
2370,9.78289578126871,9.18528250268096,9.78491840239997,10.7921148519785,10.0774696951889,9.56132530066669
2371,10.0627315359929,9.24817431077986,9.97064722402878,9.90283014689344,10.417149904781,9.89722399337828
2372,8.39378237704949,8.89915856207168,11.0764932622434,9.81011709540766,10.0954722037871,9.94749741477381
2373,9.00397690571298,10.3181395849476,9.51210929433607,10.6098456116308,9.90737286895915,9.82529787139323
2374,8.32140846748718,10.1355661813397,8.71216102689154,10.7322512733505,11.0999277843657,7.57642582370735
2375,10.17800712983,9.95748056646961,9.7156347903977,10.2351072875943,10.1786467911123,9.20762225906434
2376,9.69641635415636,9.13932079339057,10.2306524776147,10.2235579986985,10.5349053245889,9.39114599034258
2377,9.94311650952606,10.3017661662037,8.92706885241318,10.8337285381009,8.76799159638679,9.881054882964
2378,9.71479634601162,10.6681813984769,10.3158610747239,9.62409297040482,9.19765427998021,9.67140892915152
2379,9.16336479394979,10.7858678516005,9.85851956343271,9.00891339786758,10.1978195675152,9.93758194092713
2380,9.67779908728385,10.0726203229079,9.35777849111938,9.02231194416267,10.6927363320352,10.2460802308043
2381,9.45736404993121,9.34938287328962,10.2950261466356,10.1350919510691,9.29881405565737,10.6147393843962
2382,8.58771571552826,9.64773312906364,10.7360096563987,9.69606581973831,10.564748430611,9.44414104397892
2383,10.2903288758132,8.49257768861116,10.1277421325264,9.7788918593329,10.3597890780439,9.98511675802588
2384,9.84489314242295,9.67680770337268,10.254704617683,9.25800816592547,9.49566950653194,10.6773578072485
2385,8.77144093141644,9.93359050193052,10.6753592129682,10.8726974087567,8.14305173695282,9.47581101217089
2386,8.69603249727415,10.1031773263824,10.5421090399435,9.7678013265379,10.3044813671516,9.61741727019834
2387,10.0808788595489,10.3983567939232,8.26996611771466,10.4042417949357,9.59844966263505,10.0443947941421
2388,9.08587274876332,8.800002673053,10.8628809983204,10.0316008306349,9.70949830267906,10.2170989483515
2389,9.48098706014865,9.05843699303148,9.4499647734342,8.62565609851333,11.3247672181338,10.000166222807
2390,10.0483110027783,10.9440373471162,9.54963212512256,9.10018853511402,10.0247601583552,9.09740292917304
2391,9.93316172813105,9.41378964263358,10.6702589624629,9.80237393659,9.98530413241103,9.49332438006408
2392,9.48488687550804,10.5948186909248,8.50606331758311,9.70606059051727,10.1481696219147,10.367103415733
2393,9.85094878432416,9.49861733294301,10.6557095513609,8.60442497875295,9.2696575608024,10.6875349575203
2394,10.5900168934891,10.6808981211999,7.87931466663728,10.0861887866841,9.39541698025341,9.51444471778397
2395,10.6151378944075,9.15399394403501,10.4096393220838,9.3981900727633,9.63407964538117,9.88548264778953
2396,8.85520444615638,11.0543509353786,10.3082200162305,8.76291887522545,7.96393930232151,10.410759576984
2397,9.79551029316595,10.0726203229079,9.10902948984548,9.41859621559395,11.0546391652925,9.19340421618861
2398,10.4252937804652,10.4527585499932,9.4420049582447,10.0988869899538,9.42012090196883,9.34258494707655
2399,10.6186911620596,9.69196605798456,9.44399903517777,10.3404458076497,9.30766794030047,9.77686354632707
2400,8.56945632341735,10.5231846693241,10.5915088755035,9.11527140158599,8.96558767357779,10.5000834991727
2401,9.75086817842107,9.19713802774366,9.54034255489382,10.2703334785265,9.88979526148489,10.5750899365045
2402,8.05342555510324,9.97960951437225,10.2026640729017,8.67401124328339,10.7203439502833,10.401515269737
2403,10.5080907207496,10.537239525116,9.82525123040573,8.14176202349639,9.06032414168931,10.2654600724446
2404,10.1277687114878,9.9518948705357,10.2387145019127,9.50319376989244,9.99218435997034,9.70352844336873
2405,9.91304364103144,10.7347441744525,10.6279178463171,9.50701028715506,9.30324779435371,8.10895067325652
2406,9.58819627052033,9.41784776399754,11.2709641548473,8.34754402662067,9.66368802659747,9.69514505142247
2407,7.07322188800831,11.0233987766609,10.3363993446581,9.42264301673977,8.94870298170054,10.2112321564513
2408,9.60799880890055,10.12691740242,9.81450287031649,9.38580631173254,9.92473883127523,10.4962288176655
2409,10.3620416517198,10.3428899861174,8.90696425306774,8.9953891289595,9.57847132936905,10.5640845967869
2410,9.95018523567964,9.80006610663803,10.5933064054107,9.41859621559395,9.87349207203737,9.69682563299135
2411,10.17800712983,9.61098882917733,10.064351736628,9.43871759415328,9.66023607424774,10.412805846954
2412,8.89679312972101,9.90062561869499,10.3619313067664,7.81162045832957,10.3231538894423,10.6636756138652
2413,10.2066230134312,8.24074689275773,9.20858060495931,10.639697549619,9.25828462628441,10.6350394831033
2414,10.3363748850552,9.71027914287304,10.277244469518,8.84364135812255,9.90299850962813,10.0821733594765
2415,9.74600209746009,10.5474600781876,9.40358392782983,9.68431702730639,9.8956782986347,10.0483491266171
2416,8.59133997784411,8.48485590214892,10.2167261584751,7.74838776865365,11.0173559112901,10.6900680659367
2417,8.63061631597021,10.9883617676219,10.5063033897817,10.7897674037447,6.24880671123508,6.77118251520372
2418,9.53088008769914,9.61275995137693,10.509162690288,10.0630464492424,9.1663552932906,10.2620589655741
2419,8.63061631597021,8.5529050913987,6.4494524389796,10.7604970185467,11.0058444514918,10.2403303700609
2420,9.66925658489378,9.47349391551127,10.4957705300551,10.5163940423745,10.3275125179283,7.05110257536922
2421,9.19227781922284,9.46174919002583,10.1717176161282,9.97899276636947,10.0261016463041,10.4076847190457
2422,9.16092899427927,10.1355661813397,9.28399577178797,9.82853280467345,10.8250055736586,9.66455480058434
2423,10.2323646911261,9.36628137596822,9.73041399245989,9.956842317439,9.46037622296395,10.4933310317949
2424,10.6494144870675,10.1194626627158,10.2410096853027,9.07982936655355,10.0473974869027,8.33754937511224
2425,10.5365459224086,9.39538541873288,9.9539540781408,10.2488454676853,9.68931761151971,9.3617823392561
2426,7.68349430468552,8.88163032422855,10.0434639477303,11.4000190034919,9.21893149046541,9.65594107443371
2427,9.07297444255341,10.8382720532295,9.98988147230172,9.43671804461472,9.63407964538117,9.91465871561208
2428,9.73622040134198,10.9876795688207,8.68542732385124,9.56124386807438,9.63759470133402,9.9559424733573
2429,11.7304196439784,9.86540480213182,8.39491474262367,8.93432683483322,6.73552728359426,9.1862422624425
2430,9.02288045995605,10.0348121719663,10.3353256426671,9.77256485890425,10.6012045219176,9.10501893804948
2431,9.38199042354521,8.97549970808824,10.5752295093117,10.6509502338688,10.0813463358315,8.80802917830795
2432,8.95700885466612,11.0046384978591,9.20152495755699,10.2870744425005,9.53954476391409,9.44414104397892
2433,9.91014658329726,10.2503631856168,9.72222202970362,9.4427083940295,10.0487180946618,10.047032219982
2434,10.1959584736917,10.4782378640642,6.4494524389796,9.97486538593378,9.34254958836487,10.5418187840087
2435,7.90970527735413,9.67511356440884,10.1991270264052,8.75330689819099,11.097377810936,9.94183977925256
2436,9.47315564510678,9.47154309228997,9.14134497545172,10.8896034687556,9.10164179301733,10.4471555318252
2437,9.87343365202619,10.1612056526356,10.0275971712654,10.123952870189,9.30324779435371,9.89576154176948
2438,7.10417665036212,12.0149512151785,8.27446024387953,8.66378520414239,5.34656273048417,9.58147956721459
2439,9.21123596041138,9.40359408841251,9.76750901910675,10.0617498116864,10.7425455062296,9.81140306697315
2440,9.59000778005784,8.81547193047068,11.561412696735,8.59369089293028,9.71616292970688,8.41725831776022
2441,10.4810163646184,9.57328376080211,10.091315794441,10.8397926941541,9.02317338612023,7.45411287622633
2442,8.56208724916848,10.2469463256117,8.68205045617248,9.44071437473746,9.17847391637813,11.3094483200931
2443,10.524284189416,9.82930230687045,9.8510256805166,9.80082030368073,9.62702372550447,9.68840307226594
2444,8.34736977247271,6.29442147401339,6.52792824322905,7.02332274735727,10.4713323190982,11.8820611645416
2445,10.4140907259824,9.75907332537972,10.6436165089419,9.69104233840848,7.81635255966547,9.84513472838566
2446,9.5365274486848,9.04799977878794,9.50257401701028,10.6748927073183,10.2272759850499,9.92902836921923
2447,9.14129299682006,10.6707337270706,10.3880551211633,9.9357627037422,9.3339079714076,9.31658422665899
2448,9.74274889810869,8.66647012801063,10.2839383122386,10.9601927342614,9.03121526735712,9.59054830267098
2449,11.3460033571021,10.6467345252768,8.19133652065165,8.45822433426271,9.72114126585153,6.73195462889101
2450,7.65600850045013,8.85193431585063,11.465554430458,10.2556658002596,8.40909558266164,9.51825176438756
2451,8.67910365741324,11.1519618871246,8.99666470758796,10.2013562770026,10.3996625065677,5.95364248135375
2452,10.5384231261372,10.5576087263024,10.0169215145305,8.84061884422373,9.01508638406206,9.61030101956942
2453,9.24842033853249,9.47349391551127,9.3808630949817,10.5883954218582,10.2595684106856,10.0190957463045
2454,9.82041306706519,9.36417986232838,8.40724235713054,9.79614933784038,10.688506882272,10.401515269737
2455,9.9781187187295,10.0968644480175,9.60770895263969,9.82853280467345,10.089068499166,9.81759506790294
2456,10.0575043717271,10.2412335108677,7.74310858494339,9.45263733707097,10.4654115786007,10.2041603625437
2457,9.7492479750225,10.4014335445297,9.74018331795694,9.72092405860447,10.3693328761684,9.08974646758894
2458,10.7089651606332,9.623341246876,8.80200557961683,8.5900950127124,10.1930502121484,10.3660477082948
2459,10.2644761263776,9.43396699353403,9.45788089018,9.20494936156592,10.1069277121417,10.5125405485648
2460,9.52521052319969,8.92220275655108,9.96926348410345,9.78204498123824,9.93620105386976,10.7225999854293
2461,9.65721142827472,9.58054209541114,10.2306524776147,10.4770551599189,9.30766794030047,9.86470244741985
2462,9.7181131407851,9.768637141034,9.50448612331419,9.83613715373323,11.0367835614878,8.30703330766538
2463,10.5071324789061,9.59674099442167,8.96089451139155,9.8616960863608,10.4465006179666,9.48751019269491
2464,10.1719733564739,8.21295949492115,10.4014548060547,10.1177271185582,9.90007488206774,9.81140306697315
2465,10.5214396957461,7.64034362572063,9.93281223058578,10.7322512733505,9.98668280602098,8.65382864524462
2466,8.43067385265014,8.85493160696483,8.72205963356621,11.1678709452002,8.82153504024594,10.7949865644392
2467,11.4785218985055,9.19003641864914,9.40767679639541,8.3602705599885,8.84605964374436,9.75605812326126
2468,9.88380782233525,10.0466521430312,9.71067454047732,9.6380818720678,9.44440869879907,10.4807062541164
2469,10.3222789771801,10.3640721948799,10.1252592913235,9.40842924285067,9.19527064378247,9.60672968222114
2470,10.6964096254066,10.3492773729362,10.1908400312042,9.06177611258225,9.7906710881818,7.68911284772394
2471,8.86121967840377,8.6178833320342,9.92283896777488,10.1227098677546,10.6952680625031,10.1803341339067
2472,11.6631913810716,9.73162627437911,8.55119159406553,8.9789906908376,9.39956380485312,6.8465148669387
2473,8.29051622986644,9.17812210519639,10.7146993007169,10.2477056037107,8.76477914923456,10.577828202326
2474,9.9345880532473,9.89190071986402,11.0367550570472,9.15959562230505,9.5857682416925,8.57920802087607
2475,9.53088008769914,9.19003641864914,10.7697826137033,9.34800378599793,10.3597890780439,9.49332438006408
2476,10.524284189416,10.0879797419634,9.27953574904756,10.3340156525698,9.20240976140222,9.42601617937346
2477,9.63632560208713,10.3257173721487,7.93719824837229,10.0591530344524,10.654217313421,9.55021217285954
2478,10.2288813960443,8.88749679111907,10.4187917339684,9.47619151771309,10.2132119548603,9.66283616633875
2479,10.0757171660412,9.8831227198388,9.72057803843603,9.43271060786564,10.6253016483843,9.26086163147427
2480,10.4878327418506,10.0828780870265,9.13395159544404,9.72911582567502,10.5301860598141,8.41317135252611
2481,9.53464745133991,11.0005864998938,8.90985356746618,9.14251999643944,10.1345529225533,9.61030101956942
2482,9.59903135056181,9.84294686484464,9.92854641673666,10.2107460544003,9.63934902164451,10.0911459723527
2483,11.1044723882302,8.50408327542988,9.15845014701059,8.75330689819099,9.6411012104431,10.435125293469
2484,9.95721948737332,8.66647012801063,5.87771349396102,3.49023065076089,11.9007803907648,8.83270774767734
2485,10.2780223109927,9.90785626549576,10.2410096853027,9.98310836962133,9.1268765646055,9.56316919067698
2486,9.77813674808651,10.3039600567779,10.0222692198992,9.93434638143361,9.74088452074344,9.4816724672148
2487,10.098800697015,9.25499589637535,9.13888472626899,10.1375556636142,9.81726090175247,10.4816813233107
2488,10.3934959121876,9.16851924658091,9.48911780539748,10.2339565110859,9.05244347836318,10.3994529090519
2489,10.3599201119701,8.51928243203201,10.782443343972,8.79137594350277,9.93048132899237,9.7576692397385
2490,8.95981445964544,10.6960116751902,10.8636259124908,9.52594281256228,8.70234090580571,9.07689462581122
2491,8.77463169789487,10.0661719767089,11.0988092064813,8.59727781768468,10.4232716584214,7.99863955165191
2492,10.987046735358,9.93924739747627,9.97341072765588,9.65021182867719,9.30766794030047,8.05222539127436
2493,9.23921376952246,11.0180635451855,8.3990356886984,9.61528049333514,9.74088452074344,10.045714109891
2494,9.78447864231757,8.75578375751606,10.5139156324847,10.553766520268,9.2212763565515,9.68162942681518
2495,6.53391280019601,9.9279113321021,10.2581081307417,10.7484593560958,9.90591622279917,9.49332438006408
2496,10.5214396957461,10.1744561441887,10.0421483625919,9.58490874262563,9.21187392149552,9.35328170514141
2497,8.35592050754758,8.07567632268016,9.40767679639541,5.66489888983902,12.0854917079944,5.05122067317236
2498,8.42255706079186,10.8615447484277,9.17535473358419,10.1546848199104,9.94189818586039,9.61030101956942
2499,9.42525236681408,8.19886189394229,10.6084956452578,9.6398209820896,10.5254513051673,9.78320529752022
2500,8.50942008589069,8.73315473656603,6.70008296939837,9.43471571842761,11.1050142489361,10.902287031726
2501,10.5185895819826,9.94909388966211,10.215559539896,8.84665754539894,8.83691176198799,10.137667086817
2502,10.6380792102476,4.41728363985529,8.45552352815862,6.31290922812174,10.2296067158702,11.2534612636085
2503,9.52521052319969,9.44990801813453,9.96926348410345,10.2815156813786,10.1295693506471,9.77527374174287
2504,9.50998179375898,9.90352222877735,9.83440078263536,10.5407960017013,9.12437287377445,10.0056000557829
2505,10.1127275686704,9.98235191264604,9.84651058928266,9.79146319496899,10.1208064519131,9.32312849625572
2506,9.53276499981762,9.66319853764567,9.11905009582343,10.3742641015857,10.5499040504577,9.54462332688708
2507,7.24035241989607,9.38505842527208,9.80367380606992,8.15643545284006,10.5545593496452,11.0904523766422
2508,9.59181701687384,10.3983567939232,9.07854281391537,10.7960187969284,9.95040191060909,7.91431716401179
2509,10.9842949639633,7.43065120213671,9.00749467601601,9.39613348452487,10.1616589777411,10.1646333267808
2510,9.39448399408385,9.68356442754057,10.2352648646926,10.1189744204884,10.2527092052395,9.31439618585213
2511,11.0169747712291,10.3828738264184,7.93151373017721,9.02231194416267,8.80286371680923,10.0377800530317
2512,10.6769430238957,6.58602279675043,6.20278778755911,6.16269175586777,11.7831421813312,8.13401320210741
2513,8.84309812411508,10.3257173721487,9.77703108865296,10.0222985516862,10.0017618721496,9.93473638291905
2514,8.93721518783304,9.34299452310258,10.6770552971623,10.0089046401163,9.72445063498681,9.97822383548091
2515,10.1401842835113,9.86540480213182,8.03054526633366,10.4406091514918,10.3154944544563,9.40766058355931
2516,9.50230669126957,9.88751839787908,10.1632711767758,9.9665750224732,9.65330728206933,10.0177518454796
2517,8.57312676878602,10.3418226664186,10.6711102574367,9.55018924295689,9.1808854639872,9.98923675499662
2518,5.78100652852225,10.5713337241556,7.74310858494339,7.9861516055509,9.17363868508215,11.569076702153
2519,9.3965557715829,10.517524158469,10.2352648646926,9.25574141482087,9.71782428525986,9.74635344442945
2520,9.61691084890501,9.86391843699148,9.80832479346181,4.89543463319997,10.0826362374761,10.9174991380677
2521,10.4682712842408,8.79376816651786,10.3396156637097,9.33732476970207,10.2446653552784,9.33828392432937
2522,10.7329336377056,9.28862791623119,9.68729842222465,10.6483612405223,8.99329655097893,8.61166278868701
2523,9.55889829355282,10.0751916110965,10.1523382822137,9.38580631173254,9.86001464946801,10.088588059083
2524,9.9781187187295,10.200597457163,9.85402790778811,9.75822679954564,10.265259604181,8.80491442440459
2525,9.02823624897118,9.85795761087129,9.33431827111249,9.47424329819155,11.0722764650334,9.45013238874436
2526,10.5800269854747,9.131927827695,9.49490013577731,8.78195256627495,10.3788139453047,10.0705545156007
2527,9.18270443104525,9.3279773675446,9.03421884360486,11.0962238857903,9.84184657889402,9.62802623367883
2528,9.77016996151548,9.64080601606869,10.6770552971623,8.62916439056151,9.48595215045141,10.2609234788707
2529,8.33444765764523,8.65275460909588,8.87774795561339,10.6080702280323,10.089068499166,10.8167856107295
2530,9.91593489130267,9.37465693422764,10.0128976835354,9.31790092749807,10.5263995001694,9.77527374174287
2531,9.80801542808202,9.28641002577127,9.95535257665639,10.3003287149575,10.2675298091487,9.32530333515769
2532,6.93070291411405,9.02689584664915,8.64783911312332,11.1678709452002,6.48972767104649,11.1044459827665
2533,9.99051442822348,9.08164801875701,9.55886223537036,8.70093101473852,10.8110667545064,10.1389038241251
2534,8.00528565224685,10.1816327067107,4.3227677601237,10.4594396601176,11.4161009904422,5.83205247386019
2535,10.5459076074524,9.43596928597872,8.75135381092924,9.77097876231537,10.6367619561386,9.13260501439819
2536,8.95981445964544,10.8607998472319,9.51969237742419,7.01254514644709,7.48958034926168,11.1251851253071
2537,10.1695527622079,9.8831227198388,10.2592408528304,9.53718415248398,9.82652971379082,9.37023315037624
2538,9.76376469373457,9.34512711970269,10.1572075797641,9.97761828479388,10.0031249113319,9.86619671745933
2539,9.88970258800189,10.3870188941691,9.57896288644056,9.97624249215004,9.54329765865468,9.6799310326499
2540,10.7097983235928,9.894814887824,9.46771531175519,8.29989293217116,9.22828815791679,10.4300829311595
2541,9.82810782003948,10.2762936363427,9.95814551224043,9.9229654537925,9.86151837523231,9.17181072124684
2542,10.8867308173305,9.04537862355206,9.92854641673666,9.92439299061,10.1056593614678,7.28486786638948
2543,8.30825005584499,10.188773740051,6.16366336945945,10.8215232108241,9.46829416470492,10.5923451435837
2544,10.7765303972354,10.2940611651827,9.4716303767064,9.70439959822219,9.1117887735549,9.00815281220171
2545,8.75860672944273,10.4665340773347,10.3038354550316,9.35860428895613,10.0166849234738,9.66283616633875
2546,10.061426519781,9.95608616915202,8.80200557961683,9.1351394957932,10.4967117046964,10.1089254677931
2547,9.12888327140514,8.36376542140273,11.6718560804981,7.13678026490838,7.69307350394047,10.1139653286372
2548,7.62089326817761,9.47544210306129,9.54777899234557,10.5910942035486,9.71283446603173,10.6147393843962
2549,9.92313776152045,9.149119469756,9.59340754524974,9.42062103585385,9.98806016307277,10.645518511163
2550,9.2958132632611,9.93359050193052,10.1437772566988,9.71598657045089,10.2365763968915,9.68332582317144
2551,10.2836292233613,9.72836259680148,10.0989281251164,9.71598657045089,9.69944325612194,9.53713767785475
2552,10.2690056707361,9.35574304344968,10.3320997331132,9.60106755085816,9.62702372550447,9.74959559871923
2553,9.69641635415636,10.7068293772454,10.219056568821,9.08494618005467,9.20003398152751,9.59956036433131
2554,9.38825074048851,10.5983980663707,9.23415983588531,9.959629798336,8.67863763099962,10.4219783092053
2555,10.2508015216769,9.27750418732383,10.4695863169753,10.2177484909467,9.2514175520046,9.08718524970122
2556,9.65201826087419,9.23902836245004,10.4298997240302,10.0035120545372,10.2458172266799,9.16696792342107
2557,9.71479634601162,7.8232391153066,10.615588556537,10.3297129027555,9.62702372550447,9.79266594279862
2558,8.90845844415249,8.74289644253617,9.87487031516595,10.2385541188426,9.18809599653707,10.9382460559688
2559,9.42525236681408,9.270788519822,10.0021122616775,10.4915721827838,9.94898810031157,9.71518391876415
2560,9.89410790525283,9.67680770337268,10.1705140058891,9.40638721736905,8.79028038235032,10.6022414663288
2561,8.7682430829868,9.81552742967459,10.6659949356418,9.77573182867217,10.3565937282629,8.78923884846145
2562,11.0014080433272,9.64427373177649,8.61987269514545,10.2804013539302,8.79028038235032,9.37653891224548
2563,8.42662117717043,10.4792089068059,9.38502087479497,9.38580631173254,10.8048282276891,9.44414104397892
2564,10.4212300023296,9.63732994182314,10.9842935140865,9.05657623554688,8.59064930774599,8.90139132094775
2565,10.3652181223007,8.57852390170195,9.33646686228786,10.0539454124457,9.71449965810625,10.3922113375687
2566,9.09355669421766,7.99091135636006,10.78716261652,8.97623938621707,8.2107751708675,11.1183051520476
2567,7.76935102806014,10.0993929158561,8.46341528708442,9.93292866695931,9.16147917473924,11.2117612443684
2568,10.2485097640003,9.52142598351021,9.46378958812937,10.6808167464181,9.58940289850358,9.02162949734042
2569,8.92003008989476,9.89626976673383,10.261503632,9.81935434303268,9.32084764926204,10.4290723401351
2570,8.3644207435938,10.2204779844452,8.20552830630752,8.74363036335848,11.0051644376755,10.3350911774417
2571,9.3778017272255,9.42391361141986,10.5280812131797,10.4614075945107,9.70782732247132,8.98357260573209
2572,10.2599323136856,10.3083378529734,9.88224163646384,9.73726132543748,8.11807059172379,9.97960505780637
2573,6.24649811454269,10.2181532707368,9.8895754754586,9.97072616070085,10.034124478058,10.3511860986259
2574,9.17789379060411,10.284093872891,9.90557984458061,9.68768360317382,10.2025732051051,9.62096227015834
2575,9.85094878432416,8.92220275655108,9.2479231904523,9.78833061919794,9.00423264456081,11.0776120416361
2576,9.1213858311962,9.59495007640603,10.3310228247507,10.0408435003046,9.7457783904099,10.0217797972814
2577,5.67062321398173,9.38090682870209,9.66524742484445,9.87209010583278,10.1333086428764,10.9509749737811
2578,9.94594815854949,9.43396699353403,10.1065004919754,9.39407395876044,9.59121679734097,10.3953193207676
2579,7.0092150842941,10.0993929158561,10.267145098867,10.256799393656,9.82035712906793,9.93331149588076
2580,10.9739288180848,10.2308930791347,9.36621571700717,8.94280742301884,9.39541698025341,9.05084198779557
2581,9.80333869963358,9.77022496251062,9.66353714618571,10.2165837763331,9.90882804546826,9.70853518597685
2582,11.4160826989744,9.23673278080157,9.50257401701028,8.14666981988601,8.66491570556828,9.68162942681518
2583,7.92128570612215,10.4248064441606,11.1847732323153,9.20024192159299,8.81533810978038,9.15967308572989
2584,9.86298432048353,8.96721433054626,9.40358392782983,10.3732191936008,10.3361904622542,9.71186338387033
2585,10.1377097037909,9.00277861190386,10.7554051970262,8.85566841127976,9.19527064378247,10.1609856638515
2586,10.2723935191888,10.5213002992946,7.07714636834879,10.385708409156,9.52443474653697,9.32747489845363
2587,10.2007080060556,8.6178833320342,10.0368739896289,9.80237393659,9.41398448756365,10.4138278944342
2588,9.89410790525283,9.46567473700518,8.61633840210039,10.5463690819716,10.0903515165272,9.84664939907184
2589,10.1026122900251,9.85795761087129,10.0474035187549,10.3036233406512,9.76036114234875,8.39256064482042
2590,9.66238596203467,9.61982276789979,10.8105301399262,7.84222198930605,9.81726090175247,10.0096620383689
2591,8.27707094899638,9.87429096810856,10.0925873094023,10.2624540360052,8.67863763099962,10.6182904199463
2592,9.56443719664881,9.15642501419052,8.50606331758311,10.5107037135012,9.94757290279206,10.4689537226692
2593,10.8793441300044,10.4704458999856,7.61408004369763,10.4584546852275,8.54267885046116,8.06791920687352
2594,9.91448999064395,9.56964084740488,8.69215740392224,9.26703969861722,10.5053938652524,10.3890966434751
2595,10.4712224671736,9.65290671500312,10.3545310517762,9.06436903357005,8.50465954806679,10.1127070133746
2596,9.00940326720457,9.35996762375815,10.8938408639279,8.34754402662067,10.9044653247844,7.80612710100435
2597,9.66238596203467,10.3094302291797,9.79744906589925,10.1667965771885,9.65850699460446,9.24486546061588
2598,9.89703732583538,10.3556366006907,10.5139156324847,9.1978824247782,9.40782184647476,9.07431044973367
2599,9.93601296924406,9.3236578656972,9.17775357360698,9.43671804461472,10.3871895636661,10.3511860986259
2600,10.422247020652,10.0751916110965,10.1363985745277,8.5499361794785,10.5702759258121,5.90631850369026
2601,9.18989042563552,9.63210006972347,10.1777206482042,9.76302200842076,10.0166849234738,10.0873073993699
2602,10.6997684676154,8.62492545258549,8.49070070180071,9.22362689880963,9.63407964538117,10.7519919070518
2603,9.48098706014865,10.3942442247361,9.57532900077571,10.2804013539302,9.86151837523231,9.0349813409742
2604,9.88085138014044,9.98098136529339,10.2014860208441,9.78989775759171,9.22595467795229,9.81759506790294
2605,8.84005558423571,10.3849478491746,9.97202963769941,8.75651802095748,7.34162145790367,11.0509265622432
2606,8.43067385265014,10.7708786934413,7.9982871395996,10.3721735281577,8.74535257867328,10.4610651674114
2607,9.68967421359813,7.71499992136036,9.60236253165615,10.4819104183766,10.417149904781,9.82683350765263
2608,8.52845166931061,9.5401614227555,10.091315794441,10.7322512733505,10.4232716584214,7.83700663855919
2609,10.2416125628158,8.08081177765473,10.1001929501678,8.41821706452894,10.8079508634533,9.65421213808927
2610,9.72142232494266,10.4428377177247,9.61126225311941,8.26872681205171,8.98779722861968,10.7085095143097
2611,10.2066230134312,9.52707221843495,9.86597471016759,10.2881836287481,10.0247601583552,8.49665178010871
2612,10.2054419508254,9.3236578656972,8.921353243313,10.2601948384198,10.3650989817258,9.35541156673416
2613,10.4897743767525,10.1169691630026,9.27281973841902,9.06436903357005,8.95153086988337,10.3490504568406
2614,9.82503484349025,9.91073840486796,9.66011049199996,9.40229447011587,10.0139831004262,10.1164786707671
2615,8.63061631597021,10.5363067830947,9.69233958644918,9.39407395876044,8.90560497300094,10.6722421802208
2616,9.54961924707135,9.29305348786628,10.055250526357,9.27825013045326,10.4384633367725,10.0364534567515
2617,9.54028010639209,9.48900621123535,10.7113926619651,10.0797975163001,9.34039403493367,9.27668226829943
2618,9.97673481859897,9.8414371617936,9.09132404529961,10.1619640714839,10.1990094464026,9.46006297277951
2619,9.91593489130267,7.43869382386202,10.4558198645706,10.7708490198797,8.27545316942099,9.79423670101159
2620,9.99325462283449,9.40154629792804,9.15601894238079,9.25800816592547,11.2388734755218,7.64089841984664
2621,9.89849980793121,7.20387716488521,5.18225912092476,9.36492738241255,10.9756163992205,10.7176425784933
2622,10.2836292233613,10.44582113816,9.52911549625281,8.56100011341057,9.85398401922364,9.65074803461733
2623,9.09099992751291,10.0815998488715,10.7229328887472,9.09258750436309,9.00423264456081,10.1051339820276
2624,9.08072726787665,9.81706448465064,10.7713712950192,9.70937684706301,9.28990546358882,9.68840307226594
2625,9.99188517626375,9.21590638275871,10.3093140772812,9.19551905989845,9.81415801313056,10.125241039646
2626,10.8808244964065,9.21123715097269,10.1559917955486,9.77414921308141,7.96953869900303,9.5220487865305
2627,7.86842230503818,8.78436553189028,9.57714708824008,10.5693612408102,10.0301186403364,10.5248909443368
2628,10.6035289536207,9.72999535880342,8.18179694125052,9.42062103585385,9.01508638406206,10.6280109339684
2629,10.606216243948,8.80621031950842,7.97637231267394,10.4366133165599,5.45343285227718,10.8035898028786
2630,10.2485097640003,9.67171930428932,10.1559917955486,9.50510329115793,9.58758671520872,9.65248112648043
2631,9.53464745133991,9.07395246450051,9.70569717127571,9.43070270517016,10.069685015855,10.6402885123696
2632,11.4775438507126,8.01794130395406,9.30169916141982,8.03462845068507,5.93323114514219,10.4640284333446
2633,9.62046030074793,8.08592895450787,8.44360418373101,10.6883977950476,10.0314551561041,10.420962022243
2634,7.96669590524945,9.80161971908458,10.0849413518262,8.8969897698139,11.0585772422997,9.31220481947178
2635,9.40275330281307,9.46763351022542,9.40971888227996,10.3275567052663,9.73433342110343,10.3034557010801
2636,9.56811801460485,10.9739674042234,10.1277421325264,8.86164450281779,9.70112397319133,8.06791920687352
2637,9.2846697269951,9.52707221843495,8.88657520694136,8.66036032839271,7.90086108290607,11.5436249794387
2638,9.78763916230324,9.5138631148339,10.1127805711827,8.94843355059048,9.86901357665528,10.3565114106559
2639,9.72142232494266,10.1219518593162,9.01018950074638,10.7921148519785,8.55016372585641,9.69850425842825
2640,9.60620977271587,9.85496793388271,10.1523382822137,8.94843355059048,10.5912705921266,9.17904455050532
2641,10.2813890730563,4.89508519762384,10.5532339043906,9.06177611258225,8.9571700541757,10.6824553572419
2642,7.33023050179218,9.05843699303148,7.74958840638695,10.8896034687556,10.3913592062282,10.3404761296444
2643,10.5138268427753,9.86391843699148,9.45392826408919,9.88387798123064,8.7934365334793,9.90741984306559
2644,7.92128570612215,9.52707221843495,5.54537852339609,11.2549694311317,8.4173060427382,10.6636756138652
2645,10.4202122664647,9.23443353811317,10.0539456527895,9.89847862193824,9.49566950653194,9.51444471778397
2646,9.79864675667031,9.62860292170442,10.2972335225693,9.47619151771309,10.1518610657417,9.34043603946449
2647,9.89410790525283,9.13932079339057,9.12403439766164,10.6018391217415,9.99218435997034,9.62802623367883
2648,9.12388931315637,10.188773740051,8.58774743249677,10.2107460544003,9.21658280425511,10.5923451435837
2649,8.04815560541217,8.97549970808824,10.1165355358596,9.54462998818676,11.1376461871128,9.13260501439819
2650,10.0795901668481,9.80161971908458,10.4607515501077,8.46609408872991,7.87124712917755,10.5125405485648
2651,8.00528565224685,10.8069038316075,9.44599035829262,9.05396924563372,8.38417943120001,10.8260281543286
2652,9.93316172813105,9.70198382997011,10.9440083727813,9.00351890902146,9.46235978819558,8.73135120274147
2653,10.0627315359929,9.60031617184961,9.7320468159086,9.1668522812111,10.068383474714,10.0808869890773
2654,9.42728043448887,10.2446639140689,10.4167628772001,9.264787113985,9.27869175295063,9.83753742197456
2655,9.13137377768616,10.5894329196652,8.46734500427561,10.3532207601305,9.38080844929903,9.94749741477381
2656,10.0783003217397,10.4308419467479,10.1872738352671,8.00789897789922,9.91028175528987,9.16696792342107
2657,10.1959584736917,9.57873093386923,9.50830274630248,9.6792523819544,10.6637284853354,8.29375426751701
2658,9.65201826087419,9.64600446772662,9.55148287954746,10.3383056059112,10.0864990355917,9.40148975561732
2659,9.27343938958148,11.117453152001,10.2260252945397,9.42466216620804,9.19527064378247,6.45434535179683
2660,8.93150956082342,10.0268645158237,9.98578138572251,10.0115933911369,9.66196308326032,9.9919768960139
2661,9.75733085142879,9.87724089841049,10.2950261466356,9.58490874262563,9.88832074506199,9.29677128189044
2662,10.4975148869578,9.40359408841251,10.2558400145702,9.23977357572575,10.4673878601578,5.38066918739587
2663,9.27569246615712,8.64584756377596,8.9355999870512,10.5666214531468,9.64459921418723,10.6253663740203
2664,9.73458364901214,10.2297395531155,8.95251223365836,9.86764469509119,9.86751764920808,9.94890836284916
2665,8.28156668270776,9.70696674121998,10.4208177411857,9.00621867721955,10.8555068254112,9.02162949734042
2666,8.95138120643005,10.2017745157065,10.8433769720154,9.13760386361666,9.84792806690264,8.65382864524462
2667,9.65028304101893,9.47349391551127,9.86150624801305,10.6186899015414,9.99081093754552,8.48111946726656
2668,8.81548118557784,10.2251162020586,9.15114419781374,9.47813710859431,10.6173139153333,9.80674155775253
2669,8.89679312972101,9.34085876752974,10.4597665609216,10.4848157486274,8.14305173695282,10.1499869998254
2670,10.159829558308,9.21357365719444,8.44758827303224,10.3145513942957,8.2107751708675,10.7592472610298
2671,8.70943377661069,9.34938287328962,7.18664930372106,9.09004489440833,10.7003182325681,10.9446245541689
2672,8.66541587059315,10.2984690612118,9.94271700392706,10.1919049743958,9.65156986999208,9.57052126387323
2673,9.96701015903336,10.1946977135725,8.96089451139155,9.47619151771309,9.52063237324426,10.3056598735819
2674,10.5616843525206,8.96166416511476,10.214391977012,9.93150955757902,8.55389162551662,9.69682563299135
2675,8.21731097240586,9.86540480213182,10.7761268683584,9.20729732983859,10.5976000939378,7.98767839763957
2676,8.57312676878602,9.49670022654018,9.042140419291,10.5314594191014,9.54142243214378,10.5723464629452
2677,8.08464589572231,7.75414096627821,9.56253780065503,10.6595468064799,10.8032643714024,9.51825176438756
2678,9.72142232494266,9.75907332537972,9.60057597749538,9.62057443912745,10.1107260860232,9.96014653201813
2679,10.3694425647361,9.74783478777128,9.89541581452259,8.54251271676338,10.0657768637585,9.63855772149996
2680,7.67667208697594,8.62140869608077,10.8312420938387,9.10523371283579,10.4253064832642,9.997441610303
2681,8.25437913373099,10.1612056526356,9.89978060099787,9.36492738241255,9.1808854639872,10.747134652283
2682,9.09610893397278,10.2227989575456,10.1729202228672,9.80702481870293,10.0003975436579,9.08974646758894
2683,10.4110201863491,9.16851924658091,7.77521898054733,10.1039351346245,8.09776842959313,10.8397818787078
2684,7.9554772012276,9.44990801813453,9.2502043625482,7.93029810305837,10.4654115786007,11.0717963929361
2685,7.66292950234713,10.0700444427756,10.5374482382809,10.5657070330073,8.59427400001247,9.41788697075918
2686,9.77495531250631,10.3735036433862,9.21793473877706,9.12523967784591,10.1762321755277,9.72509989642644
2687,10.9932190961868,9.35996762375815,8.11318719733615,9.99945434298577,8.67863763099962,9.8913652684851
2688,8.69603249727415,10.2729377220378,9.79119734301642,9.79458898142144,9.72775242752994,10.0718501298163
2689,10.4849153804715,7.97444594218767,9.31047000132758,9.82547980303476,6.88637762667106,10.9719433856508
2690,8.52086919275052,9.33228396731852,9.88517964856396,9.52217614077538,10.9539325165786,9.40148975561732
2691,9.90142033077329,8.06535005094243,10.0513323588592,10.0630464492424,9.43837499505728,10.344769664128
2692,9.88233035876345,10.1636239043406,9.49874218114617,9.81166075103099,9.85700248635954,9.46598866061978
2693,11.2107027473976,6.22038579273727,10.5569232082511,8.11195822615287,9.90591622279917,7.35498839312037
2694,10.4444419097199,5.69282476622993,10.0811031201889,9.3981900727633,9.62348277708959,10.4056311663554
2695,8.51706292935481,8.82772886365192,10.7408830439811,10.3232346169378,10.3501817152171,7.78727541428583
2696,9.98914237623697,9.69364052653197,6.82903835285693,9.54648545541807,10.4485029605706,10.2812267245467
2697,8.85218738762754,9.92933322237094,9.72550440078752,10.5435852332166,9.36392971516712,9.8160495581501
2698,9.83117426298919,9.80781748689162,9.78649070218483,9.54277213046002,10.0916333936473,9.65939274119925
2699,9.08843861775726,10.8711936235608,8.98848849121479,10.3329411677653,8.96558767357779,9.24945393415061
2700,9.94027929029859,9.9236372313445,10.3060294015582,10.0474093328933,8.8338495168249,9.205262301677
2701,10.1512676544904,9.16610850367164,9.0604565294711,8.70093101473852,10.0394483475186,10.6619561789676
2702,8.60215836340135,9.00817297966659,8.59135249662825,10.4346112406422,10.619981410479,10.0744378721208
2703,9.16579648487593,10.0905238187316,10.2202203636297,8.89989644727222,8.38836218826462,10.6858437440364
2704,10.1864122331188,10.7779982387018,8.88950564894228,8.71089763626698,9.63759470133402,9.46795849081948
2705,8.05867625598466,9.1368606818495,10.4861280036369,8.98447759373001,10.1357961297881,10.4758209970997
2706,10.1089426472054,9.81859990327555,9.75631989163705,9.84520976255986,9.08885679061399,9.93758194092713
2707,9.72307407394312,9.83841300651109,10.5959985074721,9.82853280467345,8.06153488452876,9.69009152418352
2708,10.159829558308,9.63558875763261,9.74665962944149,10.7092495943425,8.76155952336645,8.64688616477507
2709,9.97534958936151,10.2852047570547,8.82667901065268,9.19551905989845,9.5282271199725,10.3209954887608
2710,9.41302369095175,9.67680770337268,9.22954269670623,8.98447759373001,10.8831576087145,9.67823063596274
2711,10.8977404108432,9.94206754687515,6.98082806035906,10.120220644758,9.32521424806137,9.06653000758925
2712,9.52710285587228,8.86090755060163,9.82218843535536,9.50701028715506,10.1762321755277,10.3639339726756
2713,8.83088922819983,10.371413088637,8.43560277591073,10.9092001659743,8.18695260779668,9.90160247185996
2714,8.47451621281584,8.77173246785084,10.3983736005512,10.6535345889975,10.2096744162982,8.50435555422279
2715,9.86448172517283,10.1816327067107,9.31483549371763,9.15959562230505,10.4986455946633,9.12013129326534
2716,8.78099211014678,9.00007383806802,9.89978060099787,10.1338585149375,10.3469649885943,9.92186143787493
2717,10.8173027714995,8.39294449551152,9.20858060495931,8.52754999296377,10.9362049504969,7.97107829026557
2718,10.9366934197003,7.7859621707671,9.52723579218986,9.11276852452944,9.6654109091967,9.997441610303
2719,10.0666395151297,8.96721433054626,10.0513323588592,10.4992552697699,9.2696575608024,9.22170144737194
2720,8.82782077235566,10.1816327067107,9.65667567637148,10.0368896062222,10.2296067158702,9.28117074604158
2721,8.41029541429604,9.98235191264604,9.46575378590445,10.3794773179408,10.3220621713657,9.28340975567776
2722,9.81886917777392,9.41582013096143,10.9298519324229,9.6188119489809,9.00695375152026,8.81113721357253
2723,9.51571143064954,10.6275938566901,9.07339841923704,8.52754999296377,10.1283207626317,9.88695555386063
2724,10.9388269416038,9.1828996530205,7.34089488977818,8.70093101473852,10.332942348015,9.78636574645062
2725,9.66925658489378,9.21357365719444,10.7188219689732,9.07469432484076,10.1543167902777,9.00544228778437
2726,9.2206223539914,10.185207642524,9.8895754754586,9.59031515505662,9.58029902184832,10.0177518454796
2727,10.4653140512165,10.4177329585413,8.89826138931286,9.7678013265379,9.4800901483823,8.77339085233416
2728,9.69809697584387,10.6673296177683,8.27446024387953,7.61997942356362,10.616423653021,9.55763043244903
2729,10.9627888720592,9.66831703653681,8.98301179797672,6.92324687331736,10.0592396528337,9.61386353439508
2730,10.0203739982005,9.22288199744859,8.92421388137467,10.6440358991159,9.5129974150655,9.69009152418352
2731,10.3588581708479,9.87281373728433,8.97751421444114,10.3877794724853,9.48595215045141,8.86297321527608
2732,9.32221151081672,10.188773740051,10.6488116598299,9.70273669070649,9.85398401922364,6.62167477186132
2733,9.40275330281307,10.0135203230468,9.14134497545172,8.74039035497397,10.6817138635953,9.86768944096335
2734,8.21731097240586,8.23154393278995,8.75778352317994,10.5135516837672,9.77957823894421,10.8942543024366
2735,9.82810782003948,9.8757666874537,9.37041588754031,9.30480478336292,8.76799159638679,10.724248675797
2736,7.17389023559536,8.59654799803553,9.40767679639541,10.8734365893932,10.1170345654779,10.0588413175564
2737,10.1127275686704,7.67476083213424,10.8695714187221,9.50891476455734,9.37660725321258,9.42804134064536
2738,9.99462277040534,10.0955985500311,10.0578567373784,9.99130451214663,9.89420978749986,6.80935030812249
2739,10.2346822234614,9.61982276789979,10.314771969953,10.082357423854,8.97117223022987,8.65036158758506
2740,9.71147190552242,9.38712974951767,10.6930694108494,10.2142515219123,9.65156986999208,6.57798405436906
2741,10.7605366684085,8.74289644253617,10.0355523772631,9.43471571842761,9.03655170222411,9.69009152418352
2742,9.39240923547219,9.96720378349793,9.61303562552285,9.14006402571809,10.1157750749193,10.1351904264683
2743,8.62355436656335,9.56781593389019,9.38502087479497,10.4672953403626,10.3469649885943,9.47581101217089
2744,9.59903135056181,10.4984937418286,9.9026831375143,9.55203757548654,8.94586953380547,9.68502022641493
2745,8.95700885466612,9.96304471410952,9.59520299670613,9.19551905989845,10.1395193352911,10.3100581399451
2746,10.0483110027783,9.97823635739991,9.15114419781374,10.3101901026297,8.96278725953458,9.71518391876415
2747,8.8092715370956,9.66661288796913,9.8644867604975,9.74697558368523,9.26739013969792,10.6209479718214
2748,9.23690291155162,10.2076454437843,10.024935655705,9.78676177608579,9.78116816496288,9.34043603946449
2749,10.3266308690859,11.1118292924622,9.27730055312565,5.635844071734,9.73104667810606,7.77456864169096
2750,9.95018523567964,9.70862389304106,10.038194392134,9.31136772480193,9.97977622188268,9.48362100282399
2751,5.67062321398173,8.00178441569343,11.8790840330203,7.85428227813826,9.39125819514214,7.94864221704676
2752,10.1215206187667,8.82467439101142,9.68729842222465,9.8239508752852,9.15413393171565,10.4158698195169
2753,10.9281276378329,9.23902836245004,9.46771531175519,9.94141412584281,9.12186482688125,8.7411621082729
2754,9.71147190552242,10.3577501285303,8.94689684073459,9.94141412584281,9.3054595612065,9.91465871561208
2755,10.9086666173507,10.8704536893413,5.37702885777875,6.68544413498866,9.49566950653194,9.13508685838252
2756,10.5909216457563,8.42558345138515,10.1413218875711,10.472183504295,6.26747328089316,9.46598866061978
2757,9.098656662794,10.8283996836503,9.91423522213021,8.98721323180277,9.01508638406206,9.75121394674905
2758,10.4897743767525,9.90207465090506,10.2410096853027,9.33946690992838,8.07717549378537,9.44614092620579
2759,9.80801542808202,9.94347555643856,9.92140856958692,9.01696746255119,9.50146864258439,10.1401395019491
2760,10.1290150887836,9.6092155290892,9.24105793728384,9.09765930900577,10.3469649885943,9.76088608330844
2761,9.19704077820852,10.371413088637,8.78321921853942,9.77731270948926,9.30766794030047,10.4004844579685
2762,9.78921682883141,8.82772886365192,10.5439691522469,10.2804013539302,9.798542638198,7.92009526453794
2763,8.63764381058081,8.83381845279668,8.88069638476415,9.90283014689344,9.8296061277475,10.9781749347122
2764,10.2701358378871,11.1695132352038,5.63668573549886,8.09682143519475,9.75713324973102,8.88967907801238
2765,8.7904803906526,9.74783478777128,9.59520299670613,10.3742641015857,9.78751039926372,9.83753742197456
2766,9.50806684450516,10.214659160096,9.97341072765588,9.66736524467962,10.1444687066417,8.38840285269277
2767,9.00669264014309,9.59136155413827,10.0578567373784,9.97899276636947,9.668850511843,10.0015266014262
2768,10.0640353725351,9.481270922698,10.0142402082029,10.1227098677546,9.65156986999208,8.83881190935376
2769,10.2802676919382,10.5363067830947,10.5734092979946,7.84222198930605,8.8791136170274,7.90851572721438
2770,8.83395116370018,10.2492251313591,7.59979727073429,10.5574510623615,8.98227684277895,10.3565114106559
2771,10.146352222856,9.70696674121998,9.93989400255733,10.2714556077793,7.25228176916393,9.72839012909758
2772,9.80021243427233,10.7018466698849,7.44854312671498,9.07982936655355,10.5812677786249,8.60451355547134
2773,9.20651974627723,9.88018480747478,10.3460268669893,10.0682213745712,9.67399458270284,8.8539601333715
2774,9.14129299682006,9.82625257259764,10.3049328454101,7.99161937921444,9.85700248635954,10.3144430362069
2775,9.0201950839989,9.94488219282638,9.41379439823412,10.090009999351,9.5282271199725,10.1982406003813
2776,9.79551029316595,9.38919810248778,9.82678019229941,10.1728145304116,9.18569649066127,9.94608508508958
2777,5.93108797904055,8.83988241496334,10.7022601286455,8.10693031344858,9.99218435997034,10.739817966585
2778,9.75410313490824,10.1367974986718,9.35566144767095,9.35225334399766,9.70280273381772,10.045714109891
2779,9.40687024067862,10.1318659100344,10.0048161874809,7.9861516055509,10.1357961297881,9.93758194092713
2780,9.23227005376973,8.53057743593791,9.45194788056577,10.2522596650384,10.1270710928648,10.2029783520988
2781,11.2253427786232,9.38298412119717,9.47748311531949,8.50862526889877,9.15413393171565,8.91011345553086
2782,8.92864825412879,9.62509727242733,10.5504607212507,9.4427083940295,9.69270073183175,9.78320529752022
2783,8.60574650909157,10.593922457607,10.2410096853027,9.82547980303476,9.06555408189739,9.19102084945771
2784,7.50236682829875,9.37256760139562,9.2502043625482,9.70439959822219,9.55263738664171,11.0653069445026
2785,9.17789379060411,8.89625195468355,9.72714278910827,10.3090977162312,10.3756605079049,9.40971167147918
2786,8.9793022429138,10.0596946727979,9.65839410679609,9.81474311450893,10.5803549831294,8.51583448289206
2787,10.6820466478461,10.3859837433575,8.08786818474013,8.5499361794785,9.1268765646055,9.94749741477381
2788,9.61691084890501,9.49285835048235,10.2817104810257,9.13760386361666,10.3044813671516,9.21467904020314
2789,9.35454382649459,10.6328392767384,8.85992956117552,9.9114940071022,9.10164179301733,9.88548264778953
2790,10.2218894688466,8.86685881401158,9.85252757533189,9.6724717345095,9.85700248635954,9.71352460698531
2791,8.54723500577343,10.0828780870265,8.6233983370148,11.1194655990853,8.80911441280877,9.29898621356308
2792,9.39448399408385,8.92505754342102,10.534644511791,9.56673956339424,10.7628022304837,3.91172610131385
2793,9.82810782003948,9.21357365719444,4.58076952023924,10.326477396667,11.0307822416304,7.97107829026557
2794,8.95981445964544,9.6818782119622,10.0900431576068,10.2915060791793,9.93191338809939,8.98907121515643
2795,9.18510374474947,10.1441634104889,10.7146993007169,9.09004489440833,9.2071496077249,9.26539955594464
2796,9.26439170744443,8.582146811502,10.9726018934053,8.91721446122269,10.1616589777411,9.00544228778437
2797,7.16413758421092,9.31280215361589,9.40358392782983,10.4021942497423,9.76518947558153,10.5182538733298
2798,9.07297444255341,10.3859837433575,10.0447783340156,8.54251271676338,8.38417943120001,10.5557751395747
2799,9.48098706014865,4.08252181804284,7.75603909627448,10.1680021781201,6.2858911802217,11.534257336194
2800,9.42728043448887,8.38051153607889,10.8373222925489,9.92581911590872,10.0207281921951,8.14391717735965
2801,9.58638248254179,8.99464901514158,9.77544843650983,10.2431371188687,9.3745020558337,10.1227429326013
2802,8.15005047792791,9.46567473700518,9.27730055312565,10.1276754633814,10.2833219815944,10.1934872359379
2803,10.3809963921724,9.69028964298214,9.82372064590728,10.0289491527995,9.15658650685997,8.85697076216958
2804,6.04452122729447,10.5474600781876,10.0302537847091,9.61351151724298,10.2675298091487,9.00815281220171
2805,10.2936670691179,10.0188728239565,9.2592931272407,9.97210722273137,9.12937591449185,9.39322068819936
2806,9.25756848848653,9.68693095546773,9.99396993676806,10.1740151139971,9.50916472311139,9.63680780578607
2807,9.36938765184731,9.61982276789979,10.612932800091,8.85865955502888,9.47420421854611,9.88695555386063
2808,7.28599855692478,10.9705189008408,7.81282650165352,8.81928184326017,9.22361741492881,10.7267181837263
2809,9.94027929029859,9.60744004574757,10.4035052927162,8.89989644727222,9.60564643211388,9.56868675662897
2810,9.70479994577815,9.26178535715043,10.4147311628526,9.69940511230418,9.32084764926204,9.72674595106128
2811,7.08361513407308,10.8359998033376,10.5290206575385,10.1436965969492,7.76573028047148,8.36320069129219
2812,8.03755738937271,10.266202379337,9.4499647734342,9.9456382077575,9.44841718702529,10.2823463468605
2813,10.0640353725351,10.1429383677293,8.89534871608587,9.52969967116043,9.82344672362556,9.65248112648043
2814,10.9231073424865,8.66305347192691,9.31047000132758,8.63615544305692,9.29659206283602,10.1314674441924
2815,9.62400103778587,9.76704756950354,10.2467317167883,8.81620774339855,9.96586303880883,9.63855772149996
2816,9.20651974627723,6.2762809848202,10.2202203636297,8.67061062321936,11.1438378118751,9.20762225906434
2817,9.28243064678652,10.1636239043406,10.074683282824,9.57766851813201,9.32084764926204,9.74797543264296
2818,9.98226246992988,9.27303055319522,10.1152849667881,9.35649041402478,9.59121679734097,9.8884269572927
2819,10.6310591233873,8.92790668641111,9.14380103296378,8.86462328029231,9.42623131209233,10.3692125155221
2820,10.097527924427,9.31062116832973,9.97754608053613,9.49553029774405,9.9433189596049,9.38072748478906
2821,9.68459684246982,10.3787168132782,9.16571925616445,9.66736524467962,9.52633217994695,9.69514505142247
2822,8.79677137513933,10.645004921233,9.64458898492882,9.79302693501961,9.91318478667926,8.66761402473534
2823,9.29803167216639,11.0127085090619,9.62538854456466,8.39366791607262,9.2071496077249,9.43006366160309
2824,9.63105653795985,7.64034362572063,10.5110657468231,10.5192308113967,8.64408457067634,9.61386353439508
2825,9.2206223539914,9.99869769666269,8.60568318801979,8.72735696089438,10.5082763451082,10.254091723612
2826,8.84309812411508,10.1355661813397,9.72222202970362,10.3243163537155,9.84032219165026,8.88673608316832
2827,9.93030483936982,10.2628228775031,9.69736319035561,8.24604461378736,9.92761293806976,9.62978683124718
2828,10.1537191030219,10.1863973215717,8.9692283190234,7.72229331121269,10.3307728680688,9.6437947641922
2829,8.95419777739797,9.86391843699148,10.162060494859,9.88534471454037,10.1665330883624,8.74441761930625
2830,9.83576173753079,10.2366469125009,7.01366476387662,9.12523967784591,10.6602771286874,9.39942693032064
2831,10.1177587305091,9.1515587671931,9.89395794540536,9.73237954834597,9.18809599653707,10.0110134944367
2832,9.95018523567964,10.6406718165424,9.17054504516305,9.35860428895613,9.2696575608024,9.35328170514141
2833,8.39378237704949,10.6275938566901,8.06209530505972,9.13267090783191,10.2675298091487,10.1189876410827
2834,9.58819627052033,10.5695112519,8.9802656274617,9.53718415248398,8.15292394428822,10.3045582083437
2835,9.83881196742527,9.74299133221989,9.84952222008398,9.14497179004938,9.62702372550447,10.0204383961293
2836,9.56627878002367,9.90496835522907,10.633169739172,9.16926307271067,8.7934365334793,9.56868675662897
2837,8.93150956082342,7.29540715894849,8.17700332079169,9.23747794993615,10.4947752186128,11.0456615864338
2838,7.06275215931898,8.32967709538552,10.2994375257593,8.59369089293028,10.2810765147541,10.7680656453294
2839,8.94573149712001,8.80930414242841,8.67866565392771,10.5463690819716,9.85700248635954,10.3586360428851
2840,9.49071689403877,9.68861127699255,9.00479480335383,9.9400033449554,9.71283446603173,10.2357139218277
2841,10.1959584736917,9.95049506003442,9.8114171399814,9.37749098506154,9.64459921418723,9.12013129326534
2842,10.0757171660412,9.68693095546773,8.99394445247094,10.0142771392685,9.08371086904213,10.0860256015804
2843,10.1401842835113,9.47154309228997,9.53847743803068,9.88534471454037,9.32303260172417,9.82836751058543
2844,9.82964185647686,9.56964084740488,9.25702630197706,10.3721735281577,10.0072063173394,8.77975098413988
2845,9.67950153237529,9.74137322557544,9.78176865115532,9.6690694178076,10.0447526384652,9.34043603946449
2846,10.439427519773,8.9864733033238,9.35989243070383,9.33303091770716,9.87647002846334,9.87809546995954
2847,6.95358154276364,11.7248367306651,7.44854312671498,4.83969136639548,5.51995926585793,10.3404761296444
2848,8.89679312972101,8.85193431585063,9.58800773933823,10.0460985552748,7.94132091717763,11.008258708723
2849,10.598139307859,9.06103453050198,8.70552396732246,10.5766420028114,8.93161812662734,9.11511142470115
2850,6.98722250613817,10.4278273520564,9.02358856179944,10.3846717613464,10.0139831004262,9.38906830294917
2851,7.77574739345164,5.13813620683314,10.7910835843801,11.0060777656207,9.66713173597781,7.32035833751895
2852,8.50173645994496,8.88456654291514,8.92706885241318,9.51650762076566,9.71449965810625,11.0872529915066
2853,9.227622260313,10.9489521953788,8.24270252885058,9.36912742530011,9.45440910293173,9.67823063596274
2854,9.29803167216639,10.0777583236874,10.4157473777269,8.81928184326017,9.51872742013655,9.63855772149996
2855,9.69304922382776,10.2354979805021,9.56253780065503,9.7678013265379,9.65677583935735,9.20053076554
2856,9.84033466668422,9.99598623107617,9.19916538051096,10.1510313718906,9.53200954603438,9.3490125200864
2857,8.94289831532188,10.0828780870265,8.66504634665435,10.206058806239,9.77000169814232,9.98786472988265
2858,8.04815560541217,9.84294686484464,8.76418466868312,10.3178137312719,10.4713323190982,9.53149782954936
2859,10.0149907620669,9.30186408507089,9.3808630949817,9.83916770239445,10.2989431307558,9.09740292917304
2860,9.07556335360763,9.43996554889226,9.53099275328364,10.5820785598313,9.39956380485312,9.76088608330844
2861,8.24059025182639,10.0981292359774,9.56253780065503,9.57585276786493,10.0247601583552,10.0911459723527
2862,10.482967189888,7.05452088215702,9.42191103419901,10.2522596650384,10.1786467911123,8.73135120274147
2863,8.68250537816283,9.92506333936575,11.3184643419672,9.12523967784591,7.69307350394047,8.39670646210256
2864,9.0201950839989,7.90662991941306,9.2592931272407,9.44469965965984,9.4917904186054,11.1437836133624
2865,10.4741676247227,9.22056054075068,9.3235270238481,8.67740385440233,10.7796007796516,7.82473441343709
2866,8.65852289239585,9.17812210519639,9.64805267445896,11.2880552934157,9.03121526735712,7.80612710100435
2867,10.5653715854852,10.6117421753642,9.57896288644056,8.56832912797621,8.86718153040805,8.43349113013519
2868,10.5185895819826,11.1838787242553,7.94286036263642,8.74363036335848,8.25268620991108,7.99863955165191
2869,10.256515036349,9.47544210306129,9.72057803843603,9.41250463850199,9.69101016371941,9.54462332688708
2870,9.70647083169116,9.80317165974383,10.1777206482042,9.84219189646955,9.6110205372863,8.78923884846145
2871,9.53276499981762,9.72181300057626,9.16571925616445,10.0797975163001,9.32303260172417,10.1634184637833
2872,9.52331570400222,9.77339537069169,10.3310228247507,8.86164450281779,10.1978195675152,8.9416504327197
2873,9.31565712307142,10.0596946727979,10.0759695382333,10.1014132707501,9.42826237477055,8.82042129618389
2874,10.3620416517198,9.50626037227427,9.10902948984548,10.0617498116864,9.38917429578289,9.42398816979356
2875,8.79990659698743,9.41784776399754,9.58620330148504,10.733066017137,9.26739013969792,9.6437947641922
2876,10.5882056848098,9.38298412119717,9.58258763806946,9.77256485890425,9.03921252893583,9.33397003306525
2877,10.0483110027783,9.15885199149805,10.3191234638895,8.15156092516817,9.95463504530624,9.70686820233256
2878,9.96840341684907,9.56964084740488,9.84046839577058,9.2189801508616,10.1432329550386,9.25858730170613
2879,9.54402302379014,9.08164801875701,7.38326254914669,9.03822750522509,10.6994777643657,10.4300829311595
2880,9.29803167216639,10.214659160096,10.0695267601189,9.54648545541807,10.2743190647214,7.06164856593993
2881,10.236996038258,9.55497646366155,9.01018950074638,9.67586604335142,10.1677490468868,9.16454041009509
2882,10.9331305229461,8.89625195468355,9.47942876111894,8.74039035497397,9.71616292970688,9.24026233684283
2883,10.8494132385954,9.38298412119717,9.14870062998363,7.96407005614918,6.78761979089117,10.6200626650748
2884,7.88626050545421,9.72345319029649,9.82065459529028,10.1227098677546,10.2354171195232,9.45609894227727
2885,8.56945632341735,9.19003641864914,10.2352648646926,9.49360804909938,10.370389410897,9.63330159122989
2886,8.97376114089269,8.80930414242841,9.48137178521984,9.75019918341534,10.9276177130105,9.06653000758925
2887,11.6640513660102,9.6338454686317,9.67376852579105,4.41752395982353,6.62518725904938,4.32454807995716
2888,8.03755738937271,10.3257173721487,9.77544843650983,9.04349387725803,9.7906710881818,10.1887181555095
2889,9.41097545728732,9.5586565635798,10.4339178792227,9.30699575153671,9.95322538040075,9.13011889014523
2890,9.94877425920324,8.29033713159439,10.5110657468231,9.68263078767491,9.87795670406698,8.89554709813947
2891,7.66292950234713,9.45188831177641,10.6565694732427,8.81928184326017,9.1663552932906,10.5029677656717
2892,8.99032094362384,6.77714493268161,11.149778857992,9.33517944212998,10.4534966906565,5.75340817014267
2893,9.16822408090631,10.0544918046326,10.2050172945526,8.65692729021923,10.1530894506217,9.30119774776302
2894,10.304738913793,8.70685013763707,9.6549551958443,9.6028518481512,10.0566164499199,9.36601393614045
2895,10.4404317931993,9.86243053846815,8.98301179797672,9.36282276411725,9.85549404244425,9.16939135590238
2896,9.68290040524672,8.53057743593791,9.736934223554,10.1631737165933,10.6119640814336,7.84310363642582
2897,4.6552705660359,11.6239648093209,8.89243014395197,10.0772330574065,7.63076135781002,4.32454807995716
2898,9.76857130955069,10.4308419467479,9.64458898492882,9.959629798336,8.99054951267371,8.69479521595342
2899,10.6124671881072,8.69016247108751,9.92712167046907,9.13019808524275,10.0407762501082,8.68466227667068
2900,9.48877617235082,9.65806180726505,8.98301179797672,9.83765322405624,10.6039019448351,8.87490363002875
2901,9.25984648469596,9.93500680719563,9.69066115558027,10.2165837763331,9.06294148377942,9.68332582317144
2902,9.88233035876345,10.284093872891,10.2939211906604,8.46216458848582,9.46235978819558,8.8539601333715
2903,10.7427363067047,8.33827516672525,10.0669415692671,8.70758308457858,9.9588557923633,8.81733324383186
2904,9.21828147871016,9.87429096810856,9.42191103419901,10.1667965771885,9.57847132936905,9.69850425842825
2905,7.84428802676965,9.68019002249644,10.4832226319145,9.25800816592547,9.8824075583327,9.85419898334359
2906,9.12388931315637,10.8291614999743,9.38709527733799,9.06695729862934,7.82873401653757,10.1597677234564
2907,9.70312712174781,10.4801792963212,9.80056479425381,8.7338883964633,9.54704081187558,9.30119774776302
2908,9.08843861775726,10.3471513850848,8.7448952754654,10.0169559030985,9.38080844929903,9.93188519977963
2909,10.2836292233613,9.31932538418993,9.3235270238481,9.22362689880963,9.9376274479681,9.74472962997413
2910,8.98482212312654,9.79383486666706,9.69736319035561,9.99809923173501,8.91722438151935,10.2575116458161
2911,10.2723935191888,9.71523352398508,9.77069003277114,8.96518134353291,9.79382486550561,9.27668226829943
2912,9.80489929473987,9.48707627574316,9.90413221826446,9.75341559385375,9.26739013969792,9.82222168495173
2913,9.77016996151548,9.81398873485474,9.22722857018562,10.0591530344524,9.48595215045141,9.63855772149996
2914,8.74240151453581,7.46255393320556,8.79264301698543,10.378436180843,10.159215732147,10.4855750224443
2915,6.02258085533561,9.3236578656972,9.98851607138265,9.66736524467962,10.1750233502672,10.3001431142391
2916,9.63281503260066,8.8579226766137,10.0823836659203,10.3415147189158,8.88799828909602,9.70686820233256
2917,8.22666793532492,9.88458943488516,10.5177067428797,10.0434734210407,9.46235978819558,8.88673608316832
2918,9.02288045995605,8.98373772748977,10.8931113935577,9.29821183103223,9.83114187740578,8.90430456858884
2919,10.7443636282219,10.4965768187755,10.0963951427897,8.21834535169846,8.06153488452876,6.94110093146803
2920,9.49459051911841,9.23213062268064,9.71067454047732,9.63285192291244,9.85850935427056,10.0575339600124
2921,9.19941636962116,9.35150604882574,9.63589318938125,9.98036593937383,10.1579925556559,9.5668499126607
2922,10.9302738562721,4.58000949021127,10.6997593707454,9.71763427878324,8.11302186107646,7.52419456361733
2923,9.72307407394312,9.01086261141079,10.4498794993936,8.15156092516817,8.26183626825553,10.6385409572781
2924,9.25300166948706,9.30186408507089,10.214391977012,9.44867396029944,10.0017618721496,9.62802623367883
2925,10.1102053915511,4.65154126789847,7.90854801042086,8.26872681205171,11.4232453360714,9.04557447356463
2926,9.02556084209478,9.14422845710643,8.89534871608587,10.8947097114555,7.21491918178792,10.367103415733
2927,9.67609463009859,10.2158248043417,9.65839410679609,9.72748119043745,6.3220078631221,10.2159274973685
2928,9.18749907186767,8.54178453568465,9.01824387540728,9.25119719277738,10.4928361294322,10.4709191393186
2929,9.33523157019615,8.82161342973762,10.4167628772001,8.00249290916485,10.2743190647214,9.93615986367657
2930,10.2880991140074,10.4217791965592,9.66695567763633,8.29548174407832,9.67228193034694,8.52722262933311
2931,9.37360082711304,8.55659294184124,9.44399903517777,9.60819153192078,9.64285127290517,10.6619561789676
2932,9.14376217354841,10.5795064756304,10.400428468661,8.63963828598266,8.35455477257169,9.55392607281691
2933,10.4048594291494,8.82161342973762,8.41946529865893,8.01865049076723,9.73433342110343,10.7110060899637
2934,9.33523157019615,7.70171193500792,10.6200039809829,5.37626344157161,7.94132091717763,11.1101317450845
2935,9.52331570400222,9.37465693422764,9.81450287031649,9.48589332703439,10.5985020456198,8.50050881919444
2936,8.95700885466612,10.2796417611494,9.40153312865118,9.90716858243763,9.82806874104079,9.31439618585213
2937,11.2858171814758,8.36797025072479,9.40358392782983,8.81928184326017,7.69307350394047,9.58147956721459
2938,9.826572150205,10.1132208124671,9.61834269571583,9.32007209962626,9.68592653618437,9.36601393614045
2939,11.0898264196291,9.43196191680684,9.952554222305,8.11696861948641,9.03121526735712,8.05222539127436
2940,9.47903319020687,9.29966647821804,10.2794792036787,9.692718777189,10.0774696951889,8.74441761930625
2941,10.5252311088906,10.0790399692182,7.64222556919301,8.19484812516422,9.23294381755033,10.3177229830601
2942,9.55147983908866,9.80936277623775,9.59520299670613,9.19078067503132,10.0180339394669,9.78162247211453
2943,9.77972483798656,8.7101645988108,10.0617572454993,9.09258750436309,10.629720240314,8.74441761930625
2944,7.79476720160052,9.95887361702827,3.49023065076089,11.3855831237127,9.49953818738273,8.09370076340204
2945,10.1899994811567,10.5335049328872,10.0329055140652,8.88236778482258,8.00813520223764,8.92740093761677
2946,10.0136418078517,9.10951867996561,9.28844204015546,9.10774969537655,10.6576831814095,9.09230314274466
2947,9.49265500729272,9.80006610663803,9.963715210788,9.10523371283579,10.2446653552784,9.08461947289578
2948,9.14129299682006,8.69016247108751,10.0128976835354,10.6344742489858,8.87315992368717,9.71518391876415
2949,8.58408230997068,10.7501115145462,9.15601894238079,9.77414921308141,9.28318770877672,9.51634949745199
2950,11.191147577413,7.98544382057693,6.4167844459227,9.3981900727633,9.48595215045141,9.73167287246194
2951,9.5936239866663,10.1828253367185,9.71398326862814,8.41821706452894,9.48204679809114,10.0744378721208
2952,8.48624509983325,9.65806180726505,9.7482741733725,8.18534070104628,10.6697485609686,9.91610214051
2953,9.89410790525283,8.50789813146206,8.74812816226304,8.55363360997353,10.9197009202126,9.74797543264296
2954,10.217209283937,9.9236372313445,9.53099275328364,8.88823439437136,10.1738135110984,8.57189544272194
2955,9.16579648487593,10.6135120997533,8.49840249782793,10.0565515736817,9.27418173306707,9.4816724672148
2956,9.31127091909837,10.6046406815455,10.532772328784,8.60085583154619,9.09398440698364,8.17805366074644
2957,9.18510374474947,10.30505575205,8.77055750049208,8.9707209702659,9.38080844929903,10.5039279077092
2958,8.63764381058081,11.0458559270188,8.42351665842835,6.65791381701553,9.76679533452765,10.0679597905867
2959,9.80801542808202,9.38919810248778,9.83287988241736,8.29548174407832,10.4742836011728,9.43409981438346
2960,9.12388931315637,9.481270922698,9.98166961075028,9.26027135872209,9.24682126337427,10.4481535375545
2961,9.75733085142879,9.34299452310258,10.4409228303122,6.88825574345136,8.93447970460574,10.4391465310051
2962,9.53276499981762,10.5278848531767,9.33861225641744,9.66736524467962,8.16272884795647,9.86170925488919
2963,10.9508576578624,8.06535005094243,8.95810583221106,9.28048179451825,8.58337244081715,10.1731088380792
2964,11.2980569687461,9.85646354703777,7.63524082749803,9.71928010673829,7.56561687948794,7.799870675665
2965,8.63764381058081,9.59495007640603,8.3990356886984,9.82242032500248,10.7400954729846,9.6013560380133
2966,10.0350751307335,4.58000949021127,11.0321241230207,7.51741168588756,9.81726090175247,9.32747489845363
2967,10.2078031097761,9.66661288796913,8.94970727211331,9.58490874262563,9.9232996272964,9.38906830294917
2968,9.00397690571298,10.2239580451265,8.29229768695611,9.80857178581472,10.3746078282961,9.34473065671804
2969,9.46528146498746,10.6918293242379,8.03054526633366,8.44235458732094,9.09398440698364,10.4270490315992
2970,9.22994803002132,9.85347076818857,9.30169916141982,8.66378520414239,10.6620038391947,9.47972129500672
2971,9.61157023668124,9.00547831944944,9.78019119218149,9.80702481870293,9.57847132936905,10.0443947941421
2972,9.78289578126871,9.82319637580289,11.0570866493232,8.84364135812255,8.32866767169224,7.4856846174974
2973,9.99325462283449,9.37882653915877,11.0188103761806,8.44235458732094,9.10672421159288,7.78727541428583
2974,10.8242440109064,9.34725656666663,9.06823559880938,8.56466928289708,9.28318770877672,9.78951928482185
2975,8.87614881431549,8.83077687514366,10.6625746160256,7.63405052206476,10.068383474714,10.0575339600124
2976,9.3024582760099,9.90929805510142,9.67546672084246,9.59031515505662,8.8791136170274,10.2597870976177
2977,8.77463169789487,8.06535005094243,8.91273710064498,9.52406070652196,10.6446430152171,10.410759576984
2978,9.72637190746177,10.6108563981533,9.31047000132758,9.30699575153671,9.73761269067559,8.4049624472617
2979,6.93070291411405,9.46174919002583,10.4793396778304,10.7874161293793,8.50465954806679,8.90139132094775
2980,11.168902172959,9.18528250268096,9.56437207610402,8.67401124328339,8.91722438151935,8.42539760356393
2981,10.7741426129271,10.2400882278179,9.09132404529961,9.42062103585385,8.35027246129774,8.46541777076001
2982,9.65548244950284,9.67849985451484,10.5082102197103,9.31572648092396,9.81415801313056,7.97107829026557
2983,9.25756848848653,9.19949747797515,8.82055014888217,10.0591530344524,9.5282271199725,10.4660005675508
2984,8.87317533480479,10.4694689383844,9.33646686228786,10.2669618436156,8.63002787826625,9.45411283301006
2985,9.1511444287061,9.55681768756618,9.37669329114954,10.1559005824268,10.1005747761871,9.32747489845363
2986,9.37360082711304,11.0386285634345,8.70552396732246,10.090009999351,9.05770203835215,5.58045839148597
2987,9.3024582760099,10.2076454437843,8.60211386078609,10.1930897794729,9.92185898577699,9.00272665637708
2988,10.0041636373856,10.0700444427756,9.31047000132758,7.84826479609528,10.5452336791743,8.63991006129859
2989,9.24612420217337,7.22265891508273,8.24270252885058,10.5445137798595,10.8986186996036,8.63640929868737
2990,9.35667375205916,10.2684509897956,8.69885618836905,9.31354875000616,10.0166849234738,9.77845160035109
2991,10.1139870053008,9.01622686437529,8.87774795561339,9.78046928199079,9.90445810401595,9.85118389019245
2992,8.58408230997068,10.3192245662897,10.1077586971591,9.52969967116043,8.08750882979272,10.0666606755891
2993,9.67609463009859,9.54573491475434,10.0963951427897,9.22130539698882,10.1942440302182,8.73462893362402
2994,9.30687133073987,10.3619679166084,8.43560277591073,8.65348605056187,10.2900374849907,9.82068112777023
2995,10.27914543837,9.66148832631694,9.45788089018,9.04349387725803,9.54329765865468,9.68162942681518
2996,9.31784523132953,8.18938614769551,10.7360096563987,10.044786585381,9.8188098462849,7.96550203034427
2997,8.57678788346079,9.46958962625264,10.7777085820305,8.70426088919812,9.95463504530624,9.2028984747421
2998,9.44940292228824,10.368271564675,9.07597291156405,9.68936394858617,9.46631875160165,9.55021217285954
2999,8.38962434895811,10.0242055354629,10.5120163344367,9.73563590178848,10.0553030572632,6.33638046784908
3000,9.85094878432416,10.0544918046326,9.98988147230172,10.1461456684792,7.59493617910663,8.97251205041334
3001,10.1127275686704,10.5511587619647,7.63524082749803,9.93859118278294,8.89975994704796,9.15478927174614
3002,8.69603249727415,10.0268645158237,9.27281973841902,10.764487353668,8.94586953380547,9.02698508588944
3003,9.33090460119685,9.71688120933665,10.3555905582843,9.29600746359066,9.71283446603173,9.15723324692575
3004,8.37707770924369,5.60564284352646,10.5550797357522,10.429593860123,9.54890875120166,9.67311738339019
3005,9.63982764650115,10.1648315115419,9.83895388392273,8.00249290916485,9.59844966263505,9.87512997206589
3006,7.80105153736395,6.80245049955511,11.6313147751171,7.95849623707776,6.26747328089316,9.95172612497
3007,10.1524938995498,7.74121223670058,9.38916669977372,9.67416988755541,8.58337244081715,10.6533281276041
3008,9.14129299682006,5.92437901398059,7.44054413513692,11.7471393626615,8.45767030815412,7.84917485338318
3009,9.86896463393561,9.88458943488516,10.0115539080987,9.52594281256228,9.17847391637813,9.22403466888142
3010,9.13385998860364,9.82777824584014,9.66866190935687,9.93150955757902,9.28543044004354,9.87809546995954
3011,10.4374168729562,8.91360430770634,8.9912190535163,7.75483789729501,10.1978195675152,10.0575339600124
3012,7.03087244495962,10.1946977135725,9.9761689465519,9.78519122454125,9.75389811636609,9.5760108245521
3013,7.51006913326126,10.3993831067995,9.05001869734897,9.05917851887016,10.1370382664284,10.1038679354634
3014,10.0456735272462,8.66647012801063,8.23810794375188,9.30480478336292,9.58029902184832,10.7018307783146
3015,9.10119989661218,10.5493106055135,7.84947387537659,9.62760293788592,9.2719214215351,10.1438401966334
3016,9.33523157019615,9.77022496251062,7.28833754448972,9.30699575153671,11.0314502891531,8.73135120274147
3017,9.82349589640093,8.93075020781675,9.42393307432706,10.478027519847,9.43029058056902,9.27443277842777
3018,9.23690291155162,9.92933322237094,9.99396993676806,9.40434229586763,9.7457783904099,9.40560657384215
3019,10.4534241186897,9.66661288796913,9.37460385844168,9.271534336909,8.341669424243,9.95453839296665
3020,10.0176848915815,9.26854299445835,8.69551068987036,8.67401124328339,10.0566164499199,10.3177229830601
3021,10.1888047227938,9.38505842527208,9.46182271113712,9.83613715373323,9.50916472311139,9.2945529422836
3022,9.32221151081672,9.73975330142002,9.76272430444983,10.0408435003046,9.26511914699777,9.59956036433131
3023,9.15604501295802,9.89917512922114,9.57714708824008,10.1811977057711,9.87200078486539,8.7148497464935
3024,10.301426274511,9.46763351022542,10.2983359451129,9.8482213271,9.07595737687312,6.77118251520372
3025,8.9930625066261,9.80781748689162,8.56225610353555,10.0682213745712,10.1056593614678,9.72180214018578
3026,9.87045584578497,9.05061617614364,9.73855968573281,9.84671633087802,9.98668280602098,9.09994607238899
3027,9.84792414159884,9.57328376080211,10.5495351408757,9.14986290264627,9.45241456289788,8.43349113013519
3028,8.89092486992073,9.28418871822754,4.84027309694023,10.0565515736817,10.8349893917812,9.60314947852576
3029,9.75733085142879,10.1923310428937,10.8740145227657,7.65490153848725,8.30673360284163,8.48501828167882
3030,9.15848907194532,8.17984756501265,9.29508583816916,10.1326240231626,10.6825647423523,9.07947417735458
3031,8.9793022429138,9.8757666874537,9.38294348355263,9.77414921308141,9.14180807339095,10.27336494039
3032,9.2206223539914,10.6758248765163,10.4278864413466,7.50214064472167,9.65330728206933,7.56169593115134
3033,9.62046030074793,10.0492701009317,9.28844204015546,9.6028518481512,9.798542638198,9.34258494707655
3034,9.95159483319347,9.22288199744859,9.51210929433607,9.67077157950277,9.72940049340908,9.65421213808927
3035,9.40687024067862,9.58776407980288,9.40767679639541,9.66565905535758,10.1579925556559,9.45609894227727
3036,9.49652343649338,10.5004081209202,9.70901732538496,9.43871759415328,8.65106180818245,9.39529240511507
3037,8.50942008589069,9.82013368903081,8.80200557961683,9.41453802495873,10.3394312789441,10.088588059083
3038,9.27569246615712,9.78757658743849,9.14625291307531,9.77414921308141,10.3861452670663,8.94731101422328
3039,10.1013428778394,9.01354723343198,9.74988691184462,9.76939091947681,9.69438932050467,9.21702364535376
3040,9.29803167216639,9.91217731766906,8.73515285916143,9.57766851813201,10.0670807580571,9.83906008821629
3041,9.54961924707135,8.45749879228528,9.71398326862814,10.478027519847,8.93161812662734,9.8329597540873
3042,9.27569246615712,9.59674099442167,9.40971888227996,8.56466928289708,10.5442977876656,9.68332582317144
3043,9.2438244030363,8.04972022306803,10.261503632,10.0695122100901,9.43635813681607,9.80674155775253
3044,8.10000545973488,9.70696674121998,9.81296083040154,9.77256485890425,9.90882804546826,9.83906008821629
3045,9.31784523132953,10.3354021104841,8.36151543530407,9.5957013743521,9.3186593806332,10.0873073993699
3046,10.2813890730563,8.45354785223742,8.94689684073459,9.74050668724498,8.04572223703109,10.6004471773946
3047,10.4819921070344,9.18528250268096,9.63240013619595,9.56673956339424,9.08371086904213,9.3490125200864
3048,7.41478736115221,9.73162627437911,10.0368739896289,10.9836600317453,7.44194121537868,8.88083200103641
3049,9.54028010639209,9.3301322753688,8.85394079613866,9.37957431679847,9.55821232511363,10.532438963281
3050,9.97950129230179,8.78121763512207,9.45392826408919,9.72092405860447,9.62525433809902,9.91465871561208
3051,9.4553778849073,10.1119691945341,8.66162130475055,9.80702481870293,9.98668280602098,9.28117074604158
3052,9.32438970207958,10.0108366055498,9.70236935590258,9.32656606764404,9.6876230705683,9.58873911225266
3053,9.29136617892886,9.40154629792804,10.1955812852437,9.10774969537655,9.98392413972303,9.46006297277951
3054,9.80489929473987,9.71852701436264,8.69885618836905,10.7660804022677,9.29659206283602,7.74881249733246
3055,9.08072726787665,8.32535872001218,9.90847074557201,9.65365887314977,9.60205253681078,10.3849332286143
3056,10.8800845030966,8.92790668641111,7.91432395363582,9.91724113525677,9.09654139135898,9.26539955594464
3057,7.62089326817761,8.28144691977152,9.41582784459216,10.6561143224993,9.64808875374388,10.1426076863962
3058,8.84309812411508,9.42995404803892,9.26381611332147,10.2048846104195,9.48984695445326,10.0692577365565
3059,10.5607610697618,10.1840169814473,7.38326254914669,7.80542108776261,9.47223689080429,9.91176752493362
3060,9.98776901782047,9.44990801813453,8.80200557961683,10.4954188414353,8.22955319121685,9.68840307226594
3061,9.68459684246982,9.72181300057626,9.70569717127571,8.77879769468962,10.4037963019272,8.77657442767583
3062,10.1327477717272,9.16610850367164,6.76603208960873,10.4164664050269,10.1308168587828,8.76379770072866
3063,9.69809697584387,10.6519109294651,10.6694071648187,8.18056331931421,7.38427994490824,7.59100581778259
3064,8.85821520097605,8.97274320446682,7.17703508264392,8.91146488243183,10.3088966972295,10.8698842066324
3065,10.2768983084444,8.27250143971194,10.4459056217704,8.87352284490922,9.8433693566504,8.62938214460013
3066,9.87788886528612,8.16542002730294,9.50830274630248,10.6098456116308,9.72114126585153,8.50050881919444
3067,9.68290040524672,8.91934230337287,9.75310698853772,10.3553389624904,8.41320666617395,9.81913892326325
3068,10.6563460275665,9.24360858916492,10.0874945103874,9.01160308982225,9.27869175295063,8.13401320210741
3069,9.07297444255341,10.4714222003744,9.26607229641125,9.1978824247782,8.98779722861968,10.0404295908364
3070,8.80615664852852,8.97825094977113,9.91135586372334,9.75822679954564,9.29213777743734,10.3596971866378
3071,9.30687133073987,10.1648315115419,9.67546672084246,8.74363036335848,9.56376579401238,9.8706702611506
3072,10.1215206187667,8.34682217708085,9.77544843650983,9.71103212008442,9.07336358376287,10.0069553214256
3073,8.65159677095257,6.64332691678588,8.35728549842393,10.8068939696799,7.89498694029844,10.8586693149219
3074,10.136470820097,9.85646354703777,9.45590593147925,10.2859644026836,8.4173060427382,8.52722262933311
3075,9.96142363009542,9.3236578656972,10.0421483625919,9.46053155818757,9.43433845361253,9.29898621356308
3076,10.4273213844432,10.584026965092,8.57323625318054,9.19315181424125,7.47387618163076,9.35966187455264
3077,10.3417599204423,9.623341246876,9.27506188651682,9.06436903357005,8.46560911598275,10.1327095062968
3078,8.8092715370956,9.15399394403501,10.1177850216193,11.0314678362947,7.95831799960982,7.84917485338318
3079,9.53276499981762,10.1031773263824,9.95535257665639,9.34800378599793,9.34254958836487,9.16210880214711
3080,9.51189420338516,9.81090641165706,10.0849413518262,9.03029169208023,4.84497256984111,10.4865468072501
3081,9.96421959932747,8.85193431585063,10.48419173949,10.1930897794729,7.88908867471811,8.64688616477507
3082,8.52845166931061,9.12697803563925,9.52346901737936,9.64848521178136,10.7539242956721,9.01085824881958
3083,9.32438970207958,8.95609254338461,9.72877931826036,9.49360804909938,9.89420978749986,10.0324663314418
3084,9.49071689403877,10.1660381085681,9.98851607138265,9.15473747621111,9.80480909115859,8.46541777076001
3085,10.2078031097761,9.49093356718515,10.4268787453064,8.74686310166116,8.7123812642687,9.16454041009509
3086,8.70943377661069,9.82472528372737,9.43400095923058,10.121465793228,9.4221605838068,9.78478638769835
3087,9.77176684338731,9.27303055319522,10.0630550744223,9.73237954834597,9.43231593751766,9.22170144737194
3088,10.2644761263776,9.46958962625264,10.4329143892565,8.02399623686974,9.28318770877672,8.95856591193932
3089,10.2018929495835,9.83841300651109,9.0604565294711,9.24891969925012,8.77758618431712,10.0042435155035
3090,8.55468027414811,9.52707221843495,8.8569382897996,10.2212370026178,9.62879094463535,10.1512132233697
3091,8.94289831532188,10.5912304118919,7.29723250808577,9.27377641242457,10.4918656064913,8.81423855915671
3092,9.8219553054315,9.5586565635798,9.78963016877274,9.71598657045089,8.84605964374436,9.73331144629723
3093,9.05472068773736,8.07052245808537,8.29229768695611,9.62935472321553,10.1990094464026,10.6628161525984
3094,10.2914424655077,8.07567632268016,8.30991672535133,10.764487353668,9.9204169038416,7.20163311814528
3095,9.63982764650115,9.41784776399754,10.2705194186096,8.77879769468962,10.0193816949226,8.97251205041334
3096,10.385174944983,9.20420482522839,9.68392782953531,9.02763668176124,8.82462353988181,9.92329767601213
3097,10.0692389645455,8.7685568181357,8.86589354014931,10.6107324847204,9.37870938138724,8.92740093761677
3098,9.52331570400222,7.90662991941306,11.0988092064813,9.57948198501425,4.90090338852487,9.49138892123069
3099,8.76503812105714,9.43996554889226,10.0460915236313,10.53426674448,9.61993311284278,7.83088363883461
3100,9.99735517839082,10.2134925731225,8.88657520694136,10.123952870189,9.27418173306707,8.06791920687352
3101,8.59856125631979,10.7573340354526,8.10311302896849,8.09174021898054,10.3544595559257,9.47972129500672
3102,9.53276499981762,8.80621031950842,9.19443460873556,10.3521604913856,10.0017618721496,9.1838470158865
3103,9.27118278651241,9.72017094335131,8.83582370030746,10.0963562767332,9.22595467795229,10.0692577365565
3104,8.50558339796375,9.82625257259764,8.31428798420204,10.1039351346245,10.1182929572199,9.78162247211453
3105,10.0783003217397,9.06621560465859,10.8865295078065,8.56466928289708,8.11807059172379,8.99727999528551
3106,9.31565712307142,9.46174919002583,9.09893873761387,9.40842924285067,10.2641231604304,9.78478638769835
3107,9.00940326720457,9.95748056646961,10.5824874735304,8.26421888798969,9.08628612615018,9.61030101956942
3108,9.47903319020687,9.88898065186797,9.51400880684747,9.80237393659,9.69101016371941,9.14003776436838
3109,8.25894621672403,9.90496835522907,9.41988615453321,9.76302200842076,10.0903515165272,9.58329788246029
3110,9.25528688722896,10.5156323747334,10.3952857994246,7.96962233701895,7.79757780913754,9.59956036433131
3111,8.9485591202254,9.49861733294301,9.78806128973362,8.43835966616112,10.8032643714024,8.78923884846145
3112,10.2735210361053,9.34085876752974,8.58774743249677,9.73400864413958,9.70280273381772,9.49138892123069
3113,9.48488687550804,9.43396699353403,9.8837113906239,10.0209647436831,9.40163275343318,9.23101176201
3114,9.76376469373457,9.07908739626585,9.6703661247846,10.363780803721,9.08371086904213,9.18144778300766
3115,9.91304364103144,9.66490672326474,8.90406913419598,9.56307809462413,6.83786006135588,10.5869183961834
3116,9.79551029316595,9.25952575429351,10.1498974553728,9.63459734756716,9.60205253681078,8.82964594241211
3117,10.5882056848098,9.69865229852985,8.61633840210039,9.85721847329347,9.06816195322422,8.77339085233416
3118,9.93030483936982,9.45386588952736,9.82830753502604,9.32872424007617,9.75874809910629,9.14988885594883
3119,10.3997052887816,9.51196618377533,9.00208986379465,7.43133007554863,9.60385060402229,10.1314674441924
3120,9.52710285587228,8.88163032422855,9.00208986379465,9.37122286772186,9.87050795413788,10.3880569157854
3121,10.2335239227327,9.25045176084778,9.94130619391293,8.91146488243183,7.24303244733131,10.2609234788707
3122,9.69473377167845,10.3911520849947,8.84792703791405,9.15959562230505,8.8820812649089,9.93331149588076
3123,9.40687024067862,10.2829821325411,10.176522038785,7.56961326772898,9.54142243214378,9.31001011738722
3124,9.89703732583538,9.5586565635798,9.25248193092606,9.45461494774967,8.69223007879968,10.2506636738033
3125,9.50230669126957,8.54550093733957,9.63065043168299,8.97623938621707,8.5760586199576,10.8736032125113
3126,9.97257513333414,8.62140869608077,8.71216102689154,10.0950892530969,9.19527064378247,10.1706923409106
3127,8.77463169789487,9.58596197162445,9.45985314760494,10.5793628424415,8.14799631145845,9.84210060650723
3128,8.0639078486539,8.59296117881644,8.28785901286058,11.0274884673062,10.1419961438259,8.84791993971402
3129,9.421187653912,10.009492871926,9.36831733167087,7.95849623707776,8.74208919665311,10.6359156487556
3130,9.36304471538764,8.6732792243187,9.86894601220497,10.4052644786707,9.46235978819558,9.16696792342107
3131,9.73294503701295,10.2297395531155,9.55333126172001,7.36530293398821,8.05628330443312,10.4541271152929
3132,9.93885858499982,10.0609924626894,8.70552396732246,9.43271060786564,9.51681994719419,9.53901273621608
3133,8.53975104531916,7.90083138110485,9.21793473877706,8.45031132681466,11.2417628118637,9.38072748478906
3134,9.93743647890357,10.3006679683638,8.34024033016426,7.50214064472167,9.14180807339095,10.3681583510993
3135,9.49459051911841,7.92959279583728,10.2524311392701,9.15230224980856,10.4384633367725,8.94731101422328
3136,10.2253896689276,10.0713329578598,10.1644808433685,8.5499361794785,8.56131859902022,8.82657761734459
3137,9.01750469556316,9.92933322237094,9.61126225311941,8.58649013212462,10.2179152176957,9.60851645644201
3138,10.08986761321,9.62158308044305,7.23377144542418,10.2488454676853,9.52443474653697,9.34043603946449
3139,9.02288045995605,9.93500680719563,9.66866190935687,9.30699575153671,10.0220734336319,9.32964319600174
3140,9.51571143064954,10.4258141165588,9.18968826164302,8.96518134353291,8.6580054120793,10.0042435155035
3141,8.76503812105714,9.61982276789979,9.51400880684747,9.6188119489809,8.11302186107646,10.6498624055726
3142,9.10880278609554,9.46371329935936,10.2906012351293,8.47392106143639,8.97117223022987,10.294605174834
3143,7.8624266567156,9.70696674121998,8.45947481476303,6.55707775482191,8.62649216588939,11.4045413327274
3144,9.35667375205916,9.77813795341076,9.09386674814623,9.57221439411484,9.2071496077249,10.2124074253346
3145,10.0243982810748,8.18462476310572,9.4910478263276,8.93998610151477,10.1858664798146,9.84058114859897
3146,9.47119112752531,8.13118204635313,9.57532900077571,10.057852890565,9.50146864258439,10.0705545156007
3147,8.76503812105714,9.69698364231174,9.8510256805166,8.813127071062,9.99218435997034,9.90741984306559
3148,9.16092899427927,9.98508910654132,9.39947940848474,9.57039175904644,10.0031249113319,9.14003776436838
3149,9.74600209746009,9.30624927525787,8.60924369164434,9.29600746359066,10.0367888691336,10.0430742705272
3150,9.11636578603461,6.39854731847526,10.4459056217704,9.15959562230505,9.95745024860554,9.97960505780637
3151,8.2725611248023,8.91647616132386,9.53286756964816,10.1534680318043,10.0487180946618,9.77527374174287
3152,9.15359680325601,10.284093872891,10.4705646259857,9.19315181424125,9.21893149046541,7.52419456361733
3153,9.25528688722896,9.66831703653681,9.45392826408919,9.16443745136338,10.2354171195232,9.45609894227727
3154,9.04682632696348,9.23673278080157,10.1252592913235,9.58671313313461,9.78592745347393,9.45411283301006
3155,9.77336195908298,6.95675024692098,10.6031529806129,9.04349387725803,7.65879047911152,10.3586360428851
3156,10.1426546251418,9.29966647821804,10.1052411882977,8.77879769468962,9.53389704508844,9.12263468737719
3157,9.60799880890055,9.99326965860359,8.58774743249677,9.5483385383005,9.35754889942355,9.97822383548091
3158,10.0783003217397,9.35150604882574,10.2433012224571,9.40434229586763,8.89975994704796,8.9501329893686
3159,5.90721259945099,9.97823635739991,7.40809324942823,9.82853280467345,10.0460756689107,10.4391465310051
3160,9.02556084209478,5.30163103486294,10.441920766503,9.89847862193824,9.38708738028645,9.97960505780637
3161,9.28018808382474,9.44792500112791,8.85093705422156,8.88530407498004,9.89861084288693,10.4290723401351
3162,10.6502827532614,10.0308438180021,8.53255971038489,6.68544413498866,8.95153086988337,9.91465871561208
3163,9.84337525080355,9.47154309228997,7.70360274971624,9.26027135872209,10.4604589965773,9.50871523575156
3164,6.8229175504619,9.22519972203023,9.84801719076557,9.62584902201261,9.26284457142486,10.5914421022118
3165,7.81974113439573,9.83538249680364,9.66353714618571,10.5116536618088,8.84909607756238,9.45808231969753
3166,9.2415209294089,9.69028964298214,8.80511296314583,10.1412433600622,9.56745626053201,9.66455480058434
3167,9.04682632696348,9.43396699353403,10.2433012224571,8.74039035497397,9.62348277708959,9.86170925488919
3168,8.87614881431549,9.98235191264604,9.3514180126078,10.1667965771885,9.77160221073758,8.70485737812984
3169,9.7476259494038,10.6170454470279,8.79264301698543,9.62233477785273,9.26284457142486,8.21139872975111
3170,10.1152453432077,9.91505084382679,9.46967417294467,9.15959562230505,9.3745020558337,9.11259491978623
3171,9.31784523132953,8.83988241496334,9.88077038303038,8.5350507884067,10.417149904781,9.6437947641922
3172,9.09355669421766,10.2029506145257,9.54034255489382,9.47229244291353,9.45838992537588,9.42195730387801
3173,8.37287107495412,8.88163032422855,9.86597471016759,9.00621867721955,8.9683826567948,10.8298618052638
3174,9.22295943450083,9.768637141034,10.1872738352671,9.23056905862247,9.4403890362319,9.31439618585213
3175,6.87183733556746,9.11452868259594,8.61279541524902,4.50270031620481,3.49023065076089,11.7555629748386
3176,10.2450652858573,8.28144691977152,8.20081325102695,9.84972475450432,10.2214326280888,9.31439618585213
3177,10.4771067814449,7.96336324028754,9.19206338851592,9.40229447011587,9.25828462628441,9.99471184122541
3178,9.5625932584709,9.38505842527208,9.85702389860559,9.68768360317382,9.95604333381254,8.61877671076235
3179,5.48526768708824,10.8518309012207,10.400428468661,7.91310967056646,8.81222962156966,9.26992324188543
3180,9.56074695945747,9.22982402274353,9.28622061996067,10.060452007457,8.29341087632621,10.2264364635958
3181,8.10000545973488,10.5966094888334,8.41946529865893,9.68936394858617,9.71116734904168,9.50871523575156
3182,8.7904803906526,8.82467439101142,10.3342511408748,8.31740369739676,9.90299850962813,10.0975209799039
3183,8.84005558423571,9.17092596479544,9.83743778002046,9.94423155455549,9.15413393171565,10.0364534567515
3184,9.61868666685858,9.59852969106752,9.15114419781374,8.85865955502888,9.39749188331353,10.3307686947282
3185,8.65159677095257,9.5604930976854,10.7895164758796,9.08494618005467,9.28543044004354,8.83270774767734
3186,8.39792842898327,9.42391361141986,9.01556408174121,8.22299908947325,10.4634325857694,10.3479814490678
3187,9.57545158437821,9.5081648191029,9.44797893518875,9.68768360317382,9.44240026820257,9.70686820233256
3188,8.89971832283174,10.484054339659,7.67664779245834,9.91005363971545,8.83996751321315,9.97407221454103
3189,7.7171269420636,9.96996984856127,10.0315802587752,10.4564827154675,8.80911441280877,8.72147302739736
3190,9.89410790525283,8.61080661177079,10.4773942742024,9.1668522812111,8.46560911598275,9.7234519609029
3191,9.72142232494266,9.42391361141986,9.90413221826446,8.9707209702659,9.4403890362319,9.74310398515849
3192,9.13881958348232,8.37634323706695,9.13395159544404,9.75822679954564,10.5629012154601,9.46992563376376
3193,9.80489929473987,8.800002673053,10.0088625955776,9.57221439411484,9.7732009491206,9.05346854376079
3194,8.58408230997068,10.91777698825,8.70219393555723,9.36492738241255,8.50465954806679,9.59415988845669
3195,7.85640586980744,11.117453152001,4.65234632245859,8.40189757024583,9.21423028544433,10.1227429326013
3196,10.168340940076,10.2605654694825,9.08877684928967,8.71420457940604,9.54704081187558,8.79866464390281
3197,3.49023065076089,3.49023065076089,8.9912190535163,4.08267841278862,6.80034819897956,11.909854003777
3198,9.03623280204178,10.6064193351773,8.7448952754654,8.5237848929065,10.371445172344,8.33754937511224
3199,9.5827480482754,8.29033713159439,9.82065459529028,10.057852890565,9.24221027450592,9.76729832469704
3200,9.62576815161105,5.66440597891531,11.3992874965702,4.83969136639548,8.51998793333259,9.1838470158865
3201,9.5625932584709,7.91815724130615,9.03421884360486,9.98173780629686,10.3746078282961,9.3849039249836
3202,9.69641635415636,9.45386588952736,9.992608402557,8.37288555067777,8.87613984507238,10.1958658761801
3203,9.66238596203467,10.6876348123285,8.81130769811348,9.60996704189112,8.67521938438467,8.70819587448727
3204,10.4984795367998,8.27250143971194,7.4564976479207,9.67756020659183,9.00423264456081,10.3023523505028
3205,10.796276380821,10.0993929158561,8.43158533355373,8.32174829805212,8.07198084084304,9.47972129500672
3206,6.83530692815171,11.1634851367264,9.94834648445836,8.94843355059048,8.79028038235032,7.4380618907418
3207,8.04815560541217,8.73965652074533,10.1425500945971,9.71103212008442,8.36308136060662,10.5705145775877
3208,9.45338898034519,8.7685568181357,10.6102721453259,9.68431702730639,8.77758618431712,9.09485529126799
3209,9.75894200481794,10.7764191512953,7.74310858494339,9.6188119489809,8.88504281391691,8.6880478487743
3210,3.49023065076089,5.04705783818825,10.8546614543628,10.8660276835584,7.04420012643502,9.20997835956132
3211,8.29497021685611,9.5604930976854,8.90116818745645,8.9926689798548,10.6092817058855,9.79737309452467
3212,10.0390586611145,9.95049506003442,9.73530692728943,9.31572648092396,8.97395641480507,8.86895076924427
3213,10.4839416140706,8.97274320446682,9.55702093359007,8.58649013212462,8.86117823115284,9.91898466388385
3214,9.84489314242295,9.47349391551127,9.26381611332147,10.0925518619937,9.75227782423428,8.22078562569077
3215,10.5402978901843,9.29746551658403,8.07761440799732,9.15959562230505,9.82344672362556,9.30781206942135
3216,9.65028304101893,9.61098882917733,9.79744906589925,9.38580631173254,9.8448905283155,8.75090665525018
3217,8.86121967840377,10.9327401299966,9.98578138572251,8.16613522357144,7.83488493067201,9.06912815738351
3218,9.4553778849073,9.58956393877086,8.69215740392224,8.92864525744094,9.96166277744614,10.1351904264683
3219,9.50038151566124,8.24532639084099,10.5411780835526,8.63615544305692,9.54704081187558,9.69177800160864
3220,8.57312676878602,7.04398376554097,11.098176375485,8.70426088919812,9.94189818586039,8.57555637299231
3221,11.2507538145031,8.66305347192691,8.15766746238747,8.98173675335612,7.66571296830644,9.3575382867848
3222,9.20415584084014,9.96026532342764,8.95810583221106,10.1619640714839,9.00423264456081,9.53526017820615
3223,10.0757171660412,8.17505444771,8.41946529865893,10.5463690819716,6.8129630239346,10.1887181555095
3224,6.87183733556746,10.9917679308956,8.3741311679881,6.91167886235612,10.265259604181,9.33612859207581
3225,8.93150956082342,8.61434931813789,10.7658032390781,8.40599482098745,8.15292394428822,10.2744906792164
3226,9.26212088723921,9.97823635739991,7.86148470697821,9.80392589766852,10.3099984212379,8.86596509172009
3227,10.3025313330994,7.3897454261526,9.90702601938022,10.0115933911369,9.57664131751896,8.2160998340239
3228,10.4761277277864,9.28862791623119,8.68205045617248,9.78361896083819,8.31993411940206,9.68162942681518
3229,10.4444419097199,9.36837983110265,10.3136820422568,9.26928876927403,7.96393930232151,8.153753413942
3230,9.76055136032794,8.30795445990652,9.43800851236774,8.87352284490922,9.24912123935465,10.5760032694389
3231,8.80615664852852,9.55497646366155,10.2038411636152,9.65881404030981,9.26056640164857,9.39736114964826
3232,8.45475321367752,8.47319501695068,9.60414687525991,9.65021182867719,10.3275125179283,9.82068112777023
3233,9.34599252031419,9.92648803869128,9.58980992216584,10.0810780379844,8.63355493272312,9.21467904020314
3234,10.4917134017203,9.45584075883045,10.2108836072099,8.37706609755347,8.15292394428822,9.04028763875179
3235,7.69704214422843,11.1049257793139,9.69233958644918,9.99674284613493,7.4499920227725,3.91172610131385
3236,7.15431773003312,9.22519972203023,9.33431827111249,8.70758308457858,11.1308045657289,8.74766579060994
3237,9.78447864231757,10.0700444427756,9.77227791240082,8.78195256627495,9.33607323616171,9.10248473676074
3238,9.25300166948706,9.34725656666663,10.2260252945397,10.0552490816835,9.41807833078943,7.9931694251337
3239,10.1352308714112,9.50626037227427,9.38916669977372,9.64848521178136,9.48595215045141,8.72806599759105
3240,9.46922392986743,9.91217731766906,8.84491072091732,9.91293293748878,9.1117887735549,9.66798593684479
3241,8.87911617092722,10.8682316067902,10.364038710879,8.54251271676338,7.28869107657292,8.05222539127436
3242,10.1377097037909,8.68343289851251,9.57532900077571,9.31354875000616,9.77479791722185,9.3490125200864
3243,8.80615664852852,7.32175964703686,6.38333225158828,11.2611958055876,9.65850699460446,8.97251205041334
3244,9.2846697269951,9.7332553477014,9.40767679639541,9.2915885919057,9.8448905283155,9.5723534403338
3245,9.41097545728732,9.06879917484371,9.15601894238079,9.81011709540766,10.1419961438259,9.33828392432937
3246,9.94027929029859,7.69502149145313,9.35566144767095,9.41250463850199,10.2214326280888,9.54088535963356
3247,10.8126566538585,6.05917248417845,9.64632186957593,6.62983420798008,8.19652902778163,10.4531332352833
3248,9.41097545728732,9.95049506003442,9.92712167046907,9.2420655519861,9.3295676623006,9.13011889014523
3249,8.50558339796375,9.75907332537972,9.51020727636151,9.67416988755541,10.4394704493341,8.18286482967454
3250,6.70623571751263,8.28144691977152,10.6770552971623,8.64311272784702,10.4424875750729,9.25402785046821
3251,9.17789379060411,4.7805194108501,5.44707882762807,3.91061544736945,11.7659842323217,8.25316566897222
3252,9.44940292228824,9.71523352398508,9.70070256417309,8.44235458732094,8.93733561192563,10.2744906792164
3253,10.6494144870675,9.31062116832973,7.66982914004528,8.95683177427837,9.27869175295063,9.79737309452467
3254,9.21828147871016,9.69028964298214,9.69066115558027,9.66052834236029,7.99721299897741,10.1438401966334
3255,8.94573149712001,9.47933059958196,9.89395794540536,9.24663860223749,9.67228193034694,9.75121394674905
3256,10.1339898559004,8.96998141872047,9.02625349130532,10.3101901026297,8.90851861983824,9.09230314274466
3257,6.14922347816393,11.0992527742886,8.35728549842393,7.89571306739893,10.4515012726394,7.69587017245151
3258,8.22666793532492,8.66987869939837,10.0759695382333,10.0669293828035,9.22595467795229,9.94042189596174
3259,8.50942008589069,9.30186408507089,7.12796629658169,10.378436180843,7.20542360058286,10.8336852953182
3260,8.76503812105714,9.77022496251062,8.06209530505972,10.6483612405223,10.0407762501082,7.66864770982384
3261,9.28913748233369,9.80472193221095,8.86291463607578,8.25969679613662,10.0460756689107,10.0936993574819
3262,8.58408230997068,8.03391858520372,9.82830753502604,9.06954092446543,8.60868223028123,10.9346902214626
3263,8.19364878170633,8.9392472635071,9.40153312865118,9.87356886979699,9.45041726015175,10.3859752094391
3264,9.50998179375898,8.19413182343589,10.0236030539698,9.32872424007617,9.39541698025341,10.0430742705272
3265,8.59495514289715,10.1082078110784,9.92854641673666,10.2048846104195,8.99603836351304,8.07828737343493
3266,9.98088254185722,8.29917275565509,10.109015805764,8.87942549948977,9.34039403493367,9.79109347198197
3267,10.2496560979805,9.19949747797515,9.01556408174121,9.15230224980856,9.82190275366436,9.31876895197695
3268,8.88798175452254,10.1502730662479,9.95814551224043,8.65692729021923,9.09398440698364,9.77208886542142
3269,8.92578125524329,8.68680161446879,8.77373337692218,9.47033894473394,10.5517679733324,9.78636574645062
3270,9.6097856283928,9.36837983110265,9.01287929640371,9.77573182867217,9.46434062858155,9.78162247211453
3271,9.60620977271587,8.96721433054626,9.83743778002046,9.66736524467962,9.38290446585026,9.54275555442585
3272,6.24649811454269,8.72662347687076,9.9469411728851,9.6188119489809,9.43433845361253,10.5058462766984
3273,9.2869053352583,9.5401614227555,9.3321664733429,9.99538518378588,9.96446431032948,8.57920802087607
3274,10.170763567105,9.66661288796913,9.70070256417309,9.03029169208023,9.61280746441187,8.28930054999085
3275,10.2101604099994,8.19886189394229,9.34502935137802,10.2397012346937,7.90086108290607,9.70853518597685
3276,9.3986245765286,8.2680077579437,10.2260252945397,9.83613715373323,9.33607323616171,9.38698761738627
3277,9.69641635415636,10.1219518593162,9.1065134163091,8.90858146805896,9.95745024860554,8.77657442767583
3278,9.88233035876345,10.0544918046326,8.60211386078609,5.99399215606051,9.81726090175247,10.0311348366577
3279,7.79476720160052,9.06103453050198,8.76098765087988,9.02497677183338,10.0929141325516,10.6489946725059
3280,9.76857130955069,9.28418871822754,9.87339151923544,8.92864525744094,9.94473833517646,8.96136595653722
3281,10.342834519317,7.81092071496611,9.2502043625482,5.57571147459347,10.5245024864923,9.56316919067698
3282,9.67609463009859,10.0713329578598,9.93423136943373,7.70906590564625,9.21893149046541,9.49911521846635
3283,10.963487644601,8.42154382278083,10.0951269816079,7.93598217998994,3.49023065076089,9.45411283301006
3284,10.2007080060556,8.40527098845108,9.41582784459216,9.94844740523586,7.71992183635321,9.9671261797397
3285,9.73458364901214,8.35107672365804,8.92706885241318,10.2212370026178,8.79658578621286,10.0975209799039
3286,9.40892430996489,9.39126349269944,9.23415983588531,8.97623938621707,10.0301186403364,9.81140306697315
3287,9.27118278651241,8.68005628631938,9.78019119218149,9.02763668176124,10.4424875750729,9.17663730501206
3288,9.10373865127381,8.26349999810369,8.93276188301797,8.70426088919812,10.6550845613925,10.0015266014262
3289,8.99032094362384,9.96996984856127,9.14134497545172,10.0695122100901,7.94132091717763,9.95453839296665
3290,9.51761626166856,8.83988241496334,9.28622061996067,8.71420457940604,9.83573933887153,10.2845829877391
3291,9.61691084890501,9.06621560465859,10.1140333125242,9.47229244291353,9.36180591257942,9.20997835956132
3292,9.47707666919585,9.81706448465064,10.019597845618,8.85566841127976,8.56131859902022,9.80362549350858
3293,6.93070291411405,10.9978788311545,6.33159528171584,8.59369089293028,8.5760586199576,10.4158698195169
3294,9.67950153237529,10.0027553615348,9.08877684928967,8.91721446122269,10.3231538894423,7.87915176317541
3295,10.6658228372279,8.61080661177079,9.24105793728384,8.65348605056187,9.72775242752994,9.01894422216493
3296,8.94573149712001,9.40359408841251,9.51020727636151,10.470230225981,9.46037622296395,8.48111946726656
3297,8.58043971484239,10.9794679202406,9.36411103461416,4.08267841278862,9.59302841746305,9.01894422216493
3298,9.83576173753079,9.94769135677338,10.1215269977592,8.5499361794785,8.65106180818245,9.19102084945771
3299,9.44139759644521,8.75578375751606,10.4014548060547,8.81620774339855,9.31207457663908,9.66627138913099
3300,9.40481324108708,7.71499992136036,9.59520299670613,9.89993058951252,9.71283446603173,9.85269222465725
3301,9.84185576001536,8.35954827227427,9.97754608053613,9.94844740523586,9.39125819514214,8.8539601333715
3302,9.36516212943969,9.15399394403501,10.2705194186096,9.34374166615198,8.53515486869478,9.79423670101159
3303,9.2958132632611,9.93500680719563,10.024935655705,9.13019808524275,9.26739013969792,9.08974646758894
3304,10.4017691553871,9.53829879476844,8.70219393555723,9.14006402571809,9.79224883890264,8.66761402473534
3305,9.384080217413,9.62509727242733,9.56437207610402,9.2937997206685,9.38080844929903,9.73984718790255
3306,9.09355669421766,10.4167196231456,9.14380103296378,10.0810780379844,6.69515577646337,9.43208315020687
3307,10.1215206187667,8.70685013763707,9.70070256417309,9.14497179004938,8.26638956871401,10.1364292882058
3308,9.42525236681408,9.44195953471676,10.3038354550316,7.82393945571638,10.2720595282496,7.98767839763957
3309,9.14376217354841,9.59136155413827,9.75471433478773,9.84068059208876,9.21658280425511,9.33828392432937
3310,10.2404598161041,6.18182270925293,9.30389687857494,8.9624035249948,9.62525433809902,10.1815348389817
3311,9.68290040524672,8.69351550500952,9.61126225311941,9.47619151771309,10.0877843395329,9.07689462581122
3312,8.96819865308975,9.9222097118383,10.0849413518262,9.24891969925012,8.92875085540251,9.44813803857229
3313,9.06778262901842,7.99635816903275,10.3288665930589,9.61351151724298,9.70280273381772,9.36601393614045
3314,9.61335263923412,8.15084629785077,9.39330063850656,9.93150955757902,8.73881840588916,10.2403303700609
3315,9.58819627052033,9.03484607534494,9.81296083040154,10.121465793228,9.34470192402922,8.61166278868701
3316,10.1302603900184,10.7282244176768,9.47942876111894,8.65692729021923,7.98067245527858,7.30272334432679
3317,8.74565717234622,8.91647616132386,9.17775357360698,9.47229244291353,9.15658650685997,10.6244837755722
3318,8.79677137513933,9.81398873485474,9.66695567763633,9.11026129418709,9.72940049340908,9.62449857713636
3319,8.61645762228802,9.58415760860465,8.92991817886112,9.23056905862247,10.550836312946,9.22636412038608
3320,9.58638248254179,9.57691749474932,9.70070256417309,10.2154181204959,7.87721897277563,9.10501893804948
3321,9.06517969283072,9.64427373177649,9.35566144767095,10.1338585149375,9.41807833078943,9.08204912090017
3322,8.19841246013572,11.0852907804503,7.46440819445758,8.813127071062,4.95409078694007,10.2380239927722
3323,9.90724369471665,8.81854595217002,9.60948669728684,8.62565609851333,10.0852125853008,9.38072748478906
3324,10.0041636373856,10.0531881498613,9.93706546498041,8.9624035249948,8.22488161488598,8.85997511408797
3325,10.6980900240955,9.64773312906364,8.53630542207855,9.50319376989244,6.7618137400468,9.37653891224548
3326,9.91593489130267,9.37674324390168,10.376618886817,8.7692914183037,8.16760634734916,9.33828392432937
3327,8.67910365741324,8.51928243203201,8.63741523444586,10.6951032205318,9.73761269067559,9.33397003306525
3328,9.421187653912,8.83988241496334,9.65839410679609,8.80384533629539,9.35327928034081,10.3253473127691
3329,8.21260956909355,8.92505754342102,10.6287944906848,9.04874107765996,9.51681994719419,9.45609894227727
3330,9.33306970887603,9.62509727242733,8.69885618836905,8.84061884422373,10.1182929572199,9.83448725832165
3331,8.82782077235566,9.58054209541114,7.84947387537659,10.7889840713643,9.59483776459033,8.37585692885315
3332,8.04815560541217,8.07052245808537,11.4694744339049,8.02399623686974,7.78492347542121,8.88083200103641
3333,8.68250537816283,8.39706506566424,9.03156861412217,9.9114940071022,8.80599245433851,10.6849973931906
3334,10.217209283937,8.79064076779139,9.3321664733429,8.99810415401565,10.2889204033317,8.18286482967454
3335,9.41302369095175,10.3849478491746,10.0236030539698,9.02231194416267,8.50850696876514,8.55715794440356
3336,9.3778017272255,10.2354979805021,10.0048161874809,8.49330434658465,9.26056640164857,8.81113721357253
3337,9.76857130955069,8.70352803317798,10.6244059317027,8.45031132681466,9.67228193034694,8.17322634489556
3338,9.26892264588601,9.47544210306129,9.54034255489382,10.0513345337237,9.27869175295063,9.13756443682296
3339,9.17789379060411,9.05061617614364,9.52535363470399,10.265836211712,9.42419738447045,9.10754869193328
3340,8.84005558423571,8.51170290749085,10.2271834826265,9.26027135872209,9.4879008674328,9.90887052702905
3341,8.69603249727415,9.92648803869128,9.34289349152012,9.00081407431023,8.91142638775966,10.3231730419018
3342,9.098656662794,8.99736397887291,9.01018950074638,10.5163940423745,8.17246736220677,9.93900261743637
3343,8.86421790459207,9.53829879476844,8.99937983826614,8.84364135812255,10.2641231604304,9.81450239045413
3344,9.62223175594098,9.36417986232838,9.53660990571765,9.85871255606941,9.19527064378247,9.22868981405791
3345,9.84943725585059,10.1804390897931,9.44000811986231,10.2556658002596,7.0548296019361,7.35498839312037
3346,8.15496051210532,9.28418871822754,11.2477560997597,8.28661859260007,7.58035152386312,8.81423855915671
3347,9.58819627052033,9.9754861153353,9.01824387540728,9.54648545541807,8.78711730249881,9.67140892915152
3348,8.55468027414811,8.83077687514366,9.96510428128414,8.54251271676338,9.76839940739126,10.2597870976177
3349,9.81267704039946,9.37674324390168,9.22722857018562,9.33087918688603,9.65850699460446,9.41788697075918
3350,10.3406845204303,9.22519972203023,10.091315794441,8.18056331931421,7.64484441775398,9.6799310326499
3351,9.33739019488368,9.06103453050198,9.180148428586,10.3542802501177,8.35882438056809,9.80674155775253
3352,10.4878327418506,8.93642047439726,11.0892874690478,7.16621595977127,3.49023065076089,3.49023065076089
3353,9.36304471538764,8.60369494955514,9.93989400255733,9.64155799737899,9.95604333381254,8.89261607486076
3354,9.60620977271587,9.99869769666269,8.51368359559896,9.30699575153671,9.55077427404138,9.53901273621608
3355,8.96819865308975,6.95675024692098,8.52503893048569,8.9540378004202,9.28094148338297,11.0942822962526
3356,9.83117426298919,8.88456654291514,9.30609125083722,8.78510054490942,10.0993008243462,9.53713767785475
3357,10.6142482082499,8.83685362374806,9.23415983588531,9.13760386361666,8.97950870045882,9.23101176201
3358,9.4553778849073,10.0054541435371,9.82525123040573,10.0938211155041,7.4009931801432,8.5828504334064
3359,10.2892144257566,8.53432283515907,9.82678019229941,9.01160308982225,9.76036114234875,8.56085648182466
3360,9.72801800060513,10.1899604827085,9.45392826408919,9.01160308982225,9.03921252893583,9.03763693169401
3361,9.8157764322474,8.13612337420473,9.40767679639541,8.43835966616112,9.06294148377942,10.5941495321646
3362,8.58771571552826,6.73831569663513,11.2659015902618,9.36702893316209,7.82873401653757,8.76700252030058
3363,10.1265212562694,9.06621560465859,8.65474669229339,10.090009999351,7.22435196318865,9.94042189596174
3364,9.13137377768616,9.94909388966211,9.99124558187954,9.75982697466884,8.08750882979272,9.14988885594883
3365,9.68629128648547,9.62158308044305,9.05001869734897,9.01160308982225,9.88832074506199,9.39529240511507
3366,9.3778017272255,9.71193249507848,9.52911549625281,8.94280742301884,9.02317338612023,9.99334501686326
3367,8.97098258053654,10.524125932061,9.61834269571583,8.88823439437136,9.13436165150771,8.88967907801238
3368,8.56208724916848,9.54943864442651,9.992608402557,9.31354875000616,9.49953818738273,9.58147956721459
3369,8.11520268216593,10.6859535866284,10.3234618701781,9.40434229586763,7.4499920227725,7.66176057394715
3370,9.80333869963358,10.4136753388234,9.15601894238079,8.53878658573374,9.40576176577468,8.61522414176709
3371,8.2452012449035,9.86094110339384,9.62538854456466,9.31136772480193,9.17363868508215,10.0137126136324
3372,10.2183807545733,7.68829969186538,9.47553484073357,8.96795381844328,9.83879619151222,9.55021217285954
3373,10.1549432666752,9.56598870804199,8.72205963356621,8.61507965790828,9.21658280425511,9.91610214051
3374,9.36727643856026,8.20357646180534,9.13642027107218,8.15156092516817,10.1653161039207,10.3734214862657
3375,9.2869053352583,9.91648546288796,9.08366891400998,9.1351394957932,9.85398401922364,9.34043603946449
3376,8.04815560541217,9.10197087550092,9.79119734301642,9.73888491921736,10.0513556883337,9.34473065671804
3377,10.9238255980639,9.00817297966659,10.0733958793623,8.2506097498987,7.28869107657292,8.07311263669283
3378,9.18989042563552,10.9098767699002,7.2244707421488,6.03816373111943,9.76839940739126,9.37863471946729
3379,9.64854573077395,8.7589876545552,9.13888472626899,10.2533959373562,9.93191338809939,8.05747572243613
3380,10.6178036653445,9.70530768303218,5.44707882762807,10.1800030881396,9.29213777743734,4.08423288932377
3381,10.3244565643206,9.37674324390168,10.0061662518947,8.31740369739676,8.63002787826625,9.16210880214711
3382,11.0885458021477,8.90784337429257,9.15114419781374,8.75972200272471,8.37155773474948,8.09370076340204
3383,9.97396302846105,8.91934230337287,8.81130769811348,10.4225400787716,7.42570239747425,9.59235522618027
3384,8.52466542178063,9.52142598351021,9.01018950074638,9.65193638082192,9.24912123935465,10.2597870976177
3385,9.61157023668124,8.80930414242841,9.22258914361574,10.3616749705318,7.93561024179363,9.7576692397385
3386,10.6424494793062,10.0268645158237,9.4910478263276,8.63615544305692,8.0350830038801,7.86124081432598
3387,10.3244565643206,8.46536829417226,9.16087725834889,10.3123723967519,7.48174980299605,9.2028984747421
3388,9.20178805288269,10.9635970644703,8.5212637595198,8.67740385440233,8.92875085540251,8.61522414176709
3389,8.82474576830439,9.04799977878794,9.49490013577731,10.5528439123779,9.45440910293173,8.39256064482042
3390,9.5061493488664,8.80930414242841,9.57896288644056,9.85572284115716,9.3745020558337,9.48362100282399
3391,9.34384674576189,9.3236578656972,9.09640497366653,9.88973598609387,9.33173945005946,9.67140892915152
3392,9.49652343649338,9.11702716935237,9.8114171399814,9.57948198501425,8.86117823115284,9.71186338387033
3393,8.70609512610381,9.75907332537972,10.1511183850838,9.01696746255119,8.95435322015182,9.64901285749206
3394,10.0627315359929,9.66490672326474,9.00749467601601,9.69606581973831,9.38708738028645,8.43349113013519
3395,7.30385605071535,8.80930414242841,10.2581081307417,10.4475753386853,8.83691176198799,9.09740292917304
3396,5.9545478373017,4.71811471559459,8.43158533355373,10.7133840279251,10.3296869032826,9.7018556590906
3397,9.43536430028089,9.55681768756618,9.3974227589932,7.94164385630354,10.0301186403364,9.69514505142247
3398,10.4643269581179,9.68019002249644,7.77521898054733,7.80542108776261,9.35967897708558,9.82529787139323
3399,7.42297438713295,7.16555477974663,8.06209530505972,10.090009999351,5.58319610432995,11.2939897095327
3400,8.04286626475096,10.5758798568547,9.3300114593878,9.50128171665853,9.5282271199725,8.36743181425025
3401,9.00397690571298,7.95219439089341,8.86291463607578,10.3436501681124,9.96166277744614,9.47189009677826
3402,8.97653435483322,7.8293589030641,9.93848042715192,10.110220571281,10.0447526384652,8.48501828167882
3403,9.49265500729272,9.07908739626585,10.0951269816079,9.62935472321553,9.3186593806332,8.78923884846145
3404,10.2136891527529,8.65275460909588,8.90985356746618,9.15959562230505,7.58766240773671,10.4431565897945
3405,9.45338898034519,8.37216283217717,9.76272430444983,8.61861377434296,10.123315574267,9.6799310326499
3406,10.1755966484141,9.47933059958196,8.94970727211331,9.04086309645528,9.43635813681607,9.32964319600174
3407,9.54961924707135,8.41749282675459,8.17700332079169,9.70439959822219,9.84641009727469,10.0949743569992
3408,9.87788886528612,9.42592990318527,8.76418466868312,10.2870744425005,9.45440910293173,7.68911284772394
3409,9.36727643856026,9.26854299445835,9.56803364230611,8.98721323180277,9.60923139320491,9.80829706882541
3410,11.1481535339266,4.21315417214733,8.40724235713054,9.08749779161205,8.43358780359471,9.45411283301006
3411,9.35027451293666,9.46174919002583,9.60236253165615,9.22130539698882,9.68592653618437,9.36812508655582
3412,10.8334473464366,8.29917275565509,8.98575274594584,7.02332274735727,9.30324779435371,9.66798593684479
3413,8.72271153923571,9.37047523662644,9.2502043625482,9.07982936655355,10.2272759850499,9.61564149696832
3414,9.52710285587228,7.79849569060542,9.06564723756341,8.25969679613662,10.7724253410363,9.38698761738627
3415,9.66238596203467,9.34512711970269,9.35777849111938,9.53157443647386,9.9433189596049,8.5385214208244
3416,9.25528688722896,9.29305348786628,8.87479348152003,8.62213924044087,9.77000169814232,10.2756155401663
3417,8.67910365741324,8.77490113349239,8.90985356746618,9.99945434298577,9.79382486550561,9.92329767601213
3418,8.90555095613501,9.71523352398508,8.79889148019856,9.32007209962626,9.72610247616275,9.90451409043629
3419,8.42255706079186,8.60369494955514,7.64222556919301,9.68768360317382,10.1750233502672,10.3415507119559
3420,8.7027487201989,9.80472193221095,8.84188807676674,9.26253100437225,7.63076135781002,10.6628161525984
3421,10.7828785669002,9.80936277623775,8.45947481476303,6.71244672128913,6.55155281333526,9.94608508508958
3422,9.99871944370972,9.57873093386923,8.82055014888217,9.38373197148673,9.55449809522539,9.06912815738351
3423,9.8659775768336,8.61080661177079,10.3288665930589,10.2579320968839,7.5281032179476,7.4136426068107
3424,8.47058525531772,9.41378964263358,8.64437286176241,9.46642399094397,10.5207009586178,9.19340421618861
3425,9.14868787510271,11.0080064904696,9.01018950074638,8.15156092516817,8.3799844843109,8.7411621082729
3426,9.25756848848653,8.37216283217717,9.01018950074638,10.2316522001452,9.70949830267906,9.44414104397892
3427,9.68290040524672,9.99462858440296,9.58077640113749,7.39869756671284,8.57238773393747,10.0177518454796
3428,9.96282229221303,9.74622210926309,9.4716303767064,9.6724717345095,8.62649216588939,8.69142548280453
3429,9.1213858311962,9.69698364231174,9.29287463877861,9.58490874262563,9.08628612615018,9.7576692397385
3430,9.99735517839082,5.5440894840211,7.19619912198029,7.43133007554863,10.3405099351584,10.5659246606194
3431,9.55889829355282,10.0803204769399,9.07854281391537,9.12026415617643,9.3745020558337,9.21233061576308
3432,10.301426274511,8.0444722871328,8.92991817886112,9.57948198501425,9.67228193034694,9.21467904020314
3433,10.0297465850891,9.87281373728433,9.1039929433883,6.9461036302122,8.28894241578867,10.2472274576603
3434,10.1573884815756,8.53057743593791,10.3363993446581,7.74190851327092,9.71782428525986,8.34615071050326
3435,10.1828160415152,9.39949559502629,8.41540250518471,7.81162045832957,10.3746078282961,8.83270774767734
3436,9.47315564510678,8.58576063062192,8.04640684147591,8.9371592460446,9.6825274683129,10.5640845967869
3437,10.659799347809,9.20185307294094,9.31918780810121,9.45658984989183,8.86718153040805,7.3635163499851
3438,9.55519383673024,10.0713329578598,9.01018950074638,9.75502111309901,7.77215657545018,9.54648868328691
3439,10.0509436643016,9.75426752902495,9.55702093359007,8.58649013212462,9.08113100283629,9.16454041009509
3440,10.2947780856796,7.71499992136036,9.76591587733186,8.75972200272471,9.46235978819558,9.46006297277951
3441,9.0494625875196,9.4578129270982,9.56803364230611,9.38994606098416,9.51490994773882,9.60672968222114
3442,9.30466649182487,9.66831703653681,9.89395794540536,9.2420655519861,9.33173945005946,9.0349813409742
3443,10.3320523353488,3.49023065076089,10.219056568821,5.18155633896998,10.6568174947614,4.08423288932377
3444,9.54775625133428,9.76704756950354,9.72714278910827,9.03294182082412,9.14180807339095,9.25630937849775
3445,9.04682632696348,9.12945505617744,9.83135737667449,9.83310022371638,9.8824075583327,8.25316566897222
3446,10.6511504971645,9.47738766205585,7.33226852055236,9.36702893316209,9.73924953353653,7.37199372696085
3447,9.32003002389808,9.22288199744859,9.3300114593878,9.95265096905404,9.58029902184832,9.02965543626783
3448,8.55838852364868,9.71523352398508,7.9652882818913,10.1942736121548,10.3544595559257,7.71595320836446
3449,10.07312937588,9.38090682870209,8.3783119594229,9.77414921308141,9.51872742013655,8.88378706575227
3450,9.64854573077395,10.3450222592381,10.6591461675103,7.02332274735727,6.87440317482925,7.49346992391816
3451,9.68290040524672,8.95049929864563,9.91135586372334,7.79919482706418,9.87349207203737,9.48945086110936
3452,9.65548244950284,9.33228396731852,10.1498974553728,9.57948198501425,7.39266098212471,9.30340589490362
3453,9.83576173753079,9.10951867996561,9.80832479346181,9.33517944212998,9.38290446585026,8.90430456858884
3454,10.0055214810269,8.63890723855149,9.80987179551799,8.63963828598266,10.0487180946618,8.55344988394263
3455,9.17306704332497,10.0479617159434,9.63240013619595,9.47424329819155,8.67521938438467,9.22170144737194
3456,10.6589367924583,10.0622890859329,7.66982914004528,9.43070270517016,7.55819233427848,8.56454554508081
3457,8.26349884877543,9.65977608446648,9.74180512434353,9.80702481870293,8.89975994704796,9.64205119557581
3458,10.1695527622079,10.3952734667725,9.38709527733799,9.19078067503132,7.63076135781002,7.5542737966793
3459,10.55335345639,7.72816594499732,9.22491072315244,7.50214064472167,9.54704081187558,9.82529787139323
3460,8.70609512610381,10.390119897028,9.53099275328364,9.17886612410562,9.45838992537588,8.4772100669625
3461,8.9985300374313,9.26629396620246,8.50606331758311,10.0142771392685,9.98668280602098,9.23332997629694
3462,9.01210880608996,9.06621560465859,9.91567274860905,9.6188119489809,8.70904224723075,9.83753742197456
3463,8.69266260715658,8.8579226766137,10.1896522786124,10.3307897940547,8.5797201731119,8.70151112707203
3464,6.5185501547558,11.344889065991,4.58076952023924,5.44629202559523,7.18624061505541,10.2449320907943
3465,9.1754824370626,9.96720378349793,9.45985314760494,9.12772101346082,9.58212440083104,9.0349813409742
3466,9.17306704332497,9.82319637580289,10.0262670273805,9.74050668724498,9.36605039406978,6.33638046784908
3467,9.96561555406228,9.01890152278188,9.79588867393611,8.65692729021923,9.44641433581846,9.27443277842777
3468,9.14376217354841,9.78600776518654,10.4909573237707,8.92864525744094,9.35113972018928,6.53288921314376
3469,8.61645762228802,9.06103453050198,9.2972936515068,10.319984530786,9.86751764920808,8.46146544455375
3470,6.99826135452948,10.7692917892042,9.85252757533189,8.00249290916485,8.67863763099962,9.34687317789883
3471,9.20651974627723,9.67511356440884,9.58258763806946,8.89989644727222,8.99877497013973,9.90014445542914
3472,10.5071324789061,8.7685568181357,7.2244707421488,8.69759342556599,10.6012045219176,6.8342348332858
3473,8.11520268216593,9.12201118886775,10.1632711767758,9.20964148027618,8.17246736220677,10.2890458920838
3474,9.77336195908298,9.93359050193052,8.26093553436029,9.79302693501961,8.93733561192563,9.16696792342107
3475,9.35027451293666,8.38881209613992,9.53099275328364,9.50510329115793,9.27869175295063,10.0204383961293
3476,9.82964185647686,10.2874239620927,9.84198131890513,8.82234939866586,8.81222962156966,6.99716627548084
3477,7.76292602503923,8.11124517192211,10.8448866795593,9.44071437473746,9.77639311895874,7.66864770982384
3478,9.79707937753604,9.84294686484464,9.59340754524974,9.271534336909,9.66713173597781,6.60726167493547
3479,8.7358680443842,8.44162955863129,9.85402790778811,8.72079577939846,8.65453779402206,10.6324077886608
3480,9.47511748990812,9.20185307294094,8.07245996503438,9.49936712472942,9.98668280602098,9.65248112648043
3481,8.50942008589069,8.89915856207168,9.09640497366653,9.45065701041228,9.7827563401575,10.1573287531222
3482,8.75538023559489,9.72017094335131,9.46182271113712,8.61153684851225,9.80793213684739,9.70519928962035
3483,8.82782077235566,9.43396699353403,9.18253931174941,9.40229447011587,9.38917429578289,10.002885698187
3484,8.28156668270776,9.91648546288796,9.71728442307917,8.64311272784702,9.0123806020189,10.0483491266171
3485,9.36516212943969,10.722495358293,9.33646686228786,8.34754402662067,8.08750882979272,8.95856591193932
3486,8.8092715370956,9.59852969106752,9.32569174434002,8.93432683483322,10.1543167902777,9.23101176201
3487,5.64151441452744,6.86380155052363,9.37041588754031,9.86764469509119,10.96376561692,8.39256064482042
3488,10.398672247084,8.95888104666099,9.18253931174941,8.59727781768468,8.98779722861968,9.58873911225266
3489,9.12638845488094,9.86837294488645,9.26155639396798,8.29105699218347,9.66713173597781,9.74472962997413
3490,6.06611360916756,9.88165451171661,8.76098765087988,8.91146488243183,10.2330957659396,9.90305901587176
3491,9.26892264588601,10.1840169814473,9.98441209606485,8.69089495929991,8.65106180818245,8.88967907801238
3492,9.2438244030363,9.58235098509135,9.30609125083722,7.53252157816086,8.76799159638679,10.5125405485648
3493,9.84792414159884,9.314979844734,9.05001869734897,9.65365887314977,8.66835846063812,9.61564149696832
3494,9.73458364901214,8.97825094977113,8.70884631930328,9.32007209962626,9.55635640599112,9.84513472838566
3495,9.80333869963358,8.6178833320342,8.58774743249677,9.52217614077538,10.2214326280888,8.92453405327075
3496,9.37149577835882,9.56598870804199,9.24563840320839,8.59727781768468,9.85095922161031,9.53901273621608
3497,9.4313280324277,9.75105474493247,8.91848691566149,9.86764469509119,8.34597737074911,9.61030101956942
3498,9.06517969283072,10.0739065399715,9.23415983588531,9.40638721736905,8.85212612646935,9.49332438006408
3499,8.62355436656335,10.5456071738957,9.0604565294711,8.813127071062,9.63055600080144,8.67445755602955
3500,8.89386198684394,9.79695385194412,9.80832479346181,9.54648545541807,8.50465954806679,9.44013293912032
3501,8.7904803906526,9.9878211157787,10.2085399443305,8.64311272784702,9.37660725321258,8.48890656748549
3502,9.09099992751291,9.10700713380782,9.89395794540536,9.48202043275657,8.66491570556828,9.80829706882541
3503,8.59133997784411,10.0228742048403,9.98441209606485,9.51271619013931,9.10418524225472,8.41317135252611
3504,8.23132369341348,10.3787168132782,8.55488921736102,9.81320275622258,9.21423028544433,9.12263468737719
3505,9.94311650952606,8.86685881401158,8.83582370030746,9.5353166708321,9.70615440393032,9.17422603309331
3506,10.724713553407,7.73470392032503,7.64917644483774,6.29500122291716,8.12310165836782,10.6463883371206
3507,6.71968698573006,10.0674639542654,9.98988147230172,8.5900950127124,10.1283207626317,8.48111946726656
3508,9.60262502821228,8.15572063463943,10.364038710879,9.73400864413958,9.10925871679845,8.06791920687352
3509,11.5967357687744,9.65634548986614,6.33159528171584,4.41752395982353,3.49023065076089,4.08423288932377
3510,10.3168205836819,11.1550032564307,7.18664930372106,6.41576144603002,7.75279070494858,5.344059271782
3511,8.10000545973488,10.4055256968592,8.90406913419598,8.97623938621707,9.62702372550447,9.33397003306525
3512,10.0496279341922,10.1006554895939,9.61480681986279,8.3602705599885,8.4496874827715,8.74441761930625
3513,9.35027451293666,9.08420410058259,9.92283896777488,9.08749779161205,9.58212440083104,9.16696792342107
3514,9.40687024067862,10.3514002320299,9.09132404529961,7.93029810305837,9.30987294200428,9.31001011738722
3515,8.37707770924369,10.1804390897931,9.08622514419515,9.046119865177,9.99081093754552,8.85094320137967
3516,9.18989042563552,9.43796880186687,10.3158610747239,9.27601500667231,8.60149613212473,8.90721193888566
3517,9.72142232494266,8.82161342973762,9.58800773933823,9.53157443647386,9.02317338612023,9.4855669089538
3518,7.28599855692478,10.7645205754915,9.13888472626899,9.46642399094397,9.2212763565515,8.08344355164427
3519,10.2473625182881,8.29033713159439,8.30991672535133,8.7882416606865,10.3798635610175,8.72806599759105
3520,9.43536430028089,8.56394043182594,6.29600054327814,9.12523967784591,8.0350830038801,11.0116379595196
3521,9.72966221706336,9.68693095546773,9.83743778002046,8.76291887522545,8.45368442820579,9.3617823392561
3522,9.05995967665956,9.48514375379112,9.68392782953531,9.40229447011587,9.43029058056902,9.20997835956132
3523,9.90142033077329,8.67667174072927,9.55517727771655,8.59727781768468,9.71782428525986,9.41992357356517
3524,8.57678788346079,8.26349999810369,7.79414590946306,10.4982971188027,8.90560497300094,10.2170989483515
3525,10.1876089739957,8.97274320446682,10.219056568821,9.62409297040482,7.4009931801432,7.68232353387268
3526,10.3673318899723,8.97274320446682,8.49070070180071,9.58129317424981,9.36392971516712,8.71816519321782
3527,8.80615664852852,9.60031617184961,9.02891350270091,9.8824097548083,9.28318770877672,9.47581101217089
3528,9.17789379060411,9.5401614227555,9.26607229641125,9.23517866296836,8.7807702343146,10.0284681539586
3529,8.81857600322986,9.45188831177641,9.26832495429527,9.93859118278294,9.34039403493367,9.28340975567776
3530,9.95721948737332,9.99869769666269,9.14134497545172,8.77563589986132,8.95435322015182,8.9808154143065
3531,10.3620416517198,9.43796880186687,8.3783119594229,8.57562103396934,9.54142243214378,9.1176235441038
3532,9.3965557715829,9.18528250268096,10.4075975424959,7.47110099454928,7.6236676016236,10.0069553214256
3533,9.77972483798656,8.95888104666099,8.01450670225002,9.82088814873812,10.3693328761684,7.32035833751895
3534,9.384080217413,7.8293589030641,9.20388067893113,8.85267104576423,9.21423028544433,10.5305556579671
3535,9.34169777304874,9.45386588952736,8.81439510687524,9.75822679954564,9.91897337860619,8.57555637299231
3536,9.35454382649459,7.7859621707671,9.05263524999696,8.75008860247926,10.5461689638853,9.43006366160309
3537,11.8005319489653,8.36797025072479,4.3227677601237,5.60612627757858,3.91236714089699,3.49023065076089
3538,6.81041870004291,7.56892623326378,10.5262004870319,9.30261048067651,10.3996625065677,7.97107829026557
3539,9.39448399408385,8.9392472635071,9.29508583816916,9.70606059051727,9.28094148338297,9.5723534403338
3540,7.81974113439573,10.0348121719663,9.13642027107218,9.2328757031175,10.2202611107285,8.55715794440356
3541,9.30687133073987,9.78443723454709,7.62116840602101,9.87356886979699,9.28094148338297,9.52394355490715
3542,9.98226246992988,9.19713802774366,9.74988691184462,9.28493478625433,8.97395641480507,8.72147302739736
3543,8.45872757523069,10.0414019288643,10.3191234638895,9.04349387725803,8.73225446284672,8.519640547437
3544,9.20651974627723,9.37256760139562,8.6233983370148,9.40434229586763,9.48595215045141,9.91465871561208
3545,9.76857130955069,10.2134925731225,8.48683429997348,9.41046838050805,8.8820812649089,8.7541402460699
3546,8.45475321367752,9.56598870804199,9.36831733167087,9.01428777183467,9.69270073183175,9.79580575034846
3547,9.95300305443816,9.34938287328962,9.46378958812937,8.26421888798969,9.02585900170193,9.68671264122535
3548,9.54961924707135,8.6732792243187,10.2783622693694,8.73714304368935,8.72566047665035,9.55021217285954
3549,7.96669590524945,8.58936540464613,9.02625349130532,9.56124386807438,9.97561634092431,10.0808869890773
3550,9.87937088335495,9.53643375777759,6.92435401966163,9.6724717345095,8.09776842959313,10.1063989183074
3551,9.26439170744443,9.96720378349793,9.55148287954746,9.57039175904644,9.11431439746315,8.25316566897222
3552,9.75733085142879,8.29917275565509,10.3071251247434,8.68753400968462,9.39333908707472,8.82964594241211
3553,9.20415584084014,9.85795761087129,10.5005677296789,7.88399715747824,8.56131859902022,8.64688616477507
3554,9.23921376952246,9.73488258292901,8.77690226830808,8.95123839957274,9.60385060402229,9.67482381608766
3555,9.70980680709923,9.71852701436264,9.35354129122505,9.25347109419399,9.39541698025341,8.51201833171709
3556,9.38199042354521,8.97274320446682,8.65474669229339,8.13189589752329,9.54329765865468,10.4381422720614
3557,8.902637590308,9.38505842527208,8.83885907883034,9.33087918688603,10.0566164499199,9.38906830294917
3558,8.05867625598466,9.85646354703777,8.33594730847488,9.86467345757337,10.1295693506471,8.68466227667068
3559,9.06517969283072,9.99462858440296,9.34075446300704,8.78510054490942,9.36180591257942,9.40148975561732
3560,10.0575043717271,10.2852047570547,8.96367780508598,9.03029169208023,8.75185725038819,7.71595320836446
3561,9.15848907194532,8.81239133662264,9.43800851236774,8.39778862430937,10.2788275469608,9.43006366160309
3562,9.07297444255341,9.56598870804199,9.40767679639541,9.27601500667231,8.99329655097893,9.7688969403132
3563,9.30907280307382,9.0401219699386,9.45788089018,9.11776994046006,9.76197238349537,9.43409981438346
3564,9.94027929029859,8.14104778170486,10.0236030539698,8.65003657007905,10.068383474714,7.63387635545104
3565,9.47119112752531,9.64600446772662,7.18664930372106,10.6213326491935,7.20542360058286,9.19340421618861
3566,9.13881958348232,9.80006610663803,9.19443460873556,9.25347109419399,9.62170903712713,9.05084198779557
3567,9.88970258800189,9.42391361141986,9.08622514419515,9.264787113985,9.26511914699777,9.13011889014523
3568,9.16579648487593,9.75105474493247,8.84188807676674,10.0075583826856,8.65106180818245,9.31876895197695
3569,8.68250537816283,8.48097942412515,9.88077038303038,9.80857178581472,9.57297431209714,9.22170144737194
3570,8.23596443329913,9.0636273954461,7.61408004369763,3.49023065076089,9.03655170222411,11.2217163353887
3571,9.65028304101893,9.20185307294094,7.18664930372106,9.1351394957932,9.50532181715489,10.1499869998254
3572,8.78099211014678,9.28862791623119,9.43800851236774,8.48170571592834,9.5225348131692,10.1152225471312
3573,10.9245434962069,7.7605619072092,9.17775357360698,9.14251999643944,8.89389111737668,7.5012131188833
3574,9.25756848848653,9.68524867384373,8.67866565392771,9.41859621559395,9.71116734904168,9.2028984747421
3575,9.78447864231757,8.41343039901184,9.67376852579105,8.82234939866586,8.99603836351304,9.8913652684851
3576,9.38825074048851,9.90352222877735,8.65818809965205,9.98036593937383,8.64757741401449,8.97805293817607
3577,8.75214649991697,9.56598870804199,10.024935655705,9.17647135172762,9.28990546358882,9.00000589868048
3578,9.3986245765286,9.29305348786628,9.40767679639541,9.59031515505662,9.32303260172417,9.11511142470115
3579,9.35241074990131,8.97274320446682,9.82830753502604,8.96518134353291,10.0618580936685,8.28930054999085
3580,7.83819053705255,8.56027137262288,8.26545791079084,10.358510445317,9.58029902184832,9.89283218234474
3581,8.24979750751447,9.02157122708968,9.98441209606485,8.64657880914501,10.0354572888165,9.3617823392561
3582,9.09355669421766,9.39538541873288,9.70236935590258,9.22594466837193,9.4879008674328,9.15478927174614
3583,7.38156235615357,10.8412961630034,8.67187209574815,9.40842924285067,5.30879708818961,9.64030551638437
3584,10.0377320396935,9.88751839787908,10.0007583955355,8.5009851846807,8.35882438056809,7.78727541428583
3585,9.18510374474947,8.60012590687027,7.19619912198029,10.4770551599189,9.85850935427056,8.86596509172009
3586,7.98887391381242,8.81854595217002,8.68205045617248,8.02932217457788,8.4774358508068,11.1063437278675
3587,9.10373865127381,10.0242055354629,9.34075446300704,8.96795381844328,9.36816795846784,9.05870734068453
3588,8.45872757523069,9.74622210926309,9.87782336608277,9.16443745136338,9.7827563401575,8.35895709371809
3589,10.4593813352992,8.79064076779139,9.54406556721825,8.4971498870754,8.00268447642648,9.4952572445865
3590,10.2880991140074,9.51575755380711,10.0061662518947,7.860274647804,8.73881840588916,8.04166684819051
3591,8.78099211014678,7.8232391153066,8.60211386078609,8.7882416606865,10.5452336791743,9.8913652684851
3592,10.0456735272462,7.71499992136036,8.92991817886112,9.62233477785273,8.39253282630083,10.0443947941421
3593,10.1277687114878,9.83689854762956,8.01450670225002,8.91721446122269,9.52063237324426,8.72147302739736
3594,8.58043971484239,11.1910081788803,6.71352177095451,9.61528049333514,7.54322678923942,6.92961710319633
3595,9.0335722106454,9.93642172306026,10.5101145323826,6.9461036302122,9.03655170222411,8.28483300514193
3596,10.084738043757,8.48097942412515,8.79577063576136,9.51650762076566,9.60744002665765,9.04557447356463
3597,6.37211137436739,9.25499589637535,10.2660185692239,9.26703969861722,9.63583824431734,9.19102084945771
3598,9.67779908728385,8.49642310830684,8.70884631930328,8.52754999296377,10.2261092058483,9.57783604407776
3599,10.4171547434701,7.5167276512944,10.2478734042787,9.01964218051415,8.66146470260712,7.85522050756259
3600,9.11132819753243,8.6178833320342,9.20623255722267,8.30429063957553,10.5178432237519,9.24945393415061
3601,9.11132819753243,8.80930414242841,9.61303562552285,8.25969679613662,10.2108545600511,9.34043603946449
3602,9.5061493488664,9.50626037227427,9.18730921521341,9.33517944212998,9.41193319900825,9.12013129326534
3603,9.11887799388661,9.12201118886775,9.03156861412217,9.16926307271067,9.20478163251803,10.1289801067344
3604,8.08978400316586,8.97825094977113,8.94408091812535,8.60442497875295,9.36605039406978,10.6472576389096
3605,8.69939452272925,7.96336324028754,10.2283407415085,9.46053155818757,9.79382486550561,8.85094320137967
3606,8.2219970612404,8.00719025165415,10.3245444360202,9.6170473021457,8.3757772761776,9.90305901587176
3607,9.90433495176457,9.25272561893952,8.53630542207855,9.38373197148673,8.96558767357779,9.65939274119925
3608,9.05472068773736,9.41784776399754,10.2352648646926,9.67586604335142,8.61939459634258,8.11399824581784
3609,9.51571143064954,10.1768523012105,10.1140333125242,8.4971498870754,7.98620715041415,8.19720252932168
3610,9.81267704039946,6.54145561859809,10.2478734042787,8.90858146805896,10.0072063173394,7.58373436582897
3611,9.60799880890055,9.54943864442651,9.57896288644056,9.6977364325246,8.42953459419078,8.76058573651534
3612,9.13881958348232,9.64427373177649,9.59340754524974,9.87799608638009,8.29786550408316,8.98907121515643
3613,8.61289609441907,10.5231846693241,7.61408004369763,9.82242032500248,8.95435322015182,8.76700252030058
3614,9.29136617892886,9.60031617184961,8.35728549842393,10.2556658002596,8.3757772761776,9.25174270618238
3615,9.70647083169116,7.42256310719486,7.83736172628457,9.14986290264627,10.9326331448899,7.21112488451485
3616,9.63982764650115,9.57510177231349,9.74988691184462,9.15959562230505,8.7807702343146,8.85697076216958
3617,9.19227781922284,9.53829879476844,8.52880423024666,8.9953891289595,9.91318478667926,9.50488289477398
3618,9.826572150205,9.81859990327555,10.6651406157141,7.50979652507789,6.1311642471769,7.65484019741276
3619,9.8157764322474,8.97825094977113,9.28399577178797,9.1027133312226,8.90851861983824,9.70686820233256
3620,9.0201950839989,9.82930230687045,7.79414590946306,10.0810780379844,6.83786006135588,10.0190957463045
3621,9.78605976806178,8.72662347687076,9.59878720729135,9.06954092446543,8.07717549378537,9.96851806535351
3622,7.74998906671083,10.4388502011312,8.10311302896849,9.77097876231537,8.67863763099962,9.49718752174691
3623,9.8111248431633,10.6099700767078,7.61408004369763,9.15959562230505,8.21549270497432,8.48111946726656
3624,8.93150956082342,8.39706506566424,9.26155639396798,9.28937406689443,9.64808875374388,9.9919768960139
3625,8.9985300374313,3.49023065076089,11.4694744339049,8.49330434658465,5.83501466652338,6.43809255529115
3626,9.55333803358375,9.8831227198388,9.67546672084246,9.03029169208023,8.73225446284672,8.70819587448727
3627,9.48098706014865,9.16851924658091,9.34075446300704,9.53904921881494,8.37155773474948,9.7528304808094
3628,9.12888327140514,8.00178441569343,8.59135249662825,9.80857178581472,9.5857682416925,9.98374080629448
3629,8.54723500577343,9.21823533988928,9.13147868489301,9.28493478625433,9.28543044004354,10.1013325036719
3630,9.18030111745303,7.7859621707671,10.503438410447,7.86624211478919,9.91897337860619,8.71816519321782
3631,7.78211537669314,8.85493160696483,8.20081325102695,9.82700711168865,9.25828462628441,10.424008737632
3632,8.83700660654233,9.38505842527208,9.51780034183534,8.9789906908376,8.25726851276109,10.2275994143551
3633,10.1389475243212,9.71193249507848,7.00280331270008,9.42264301673977,8.89389111737668,9.25858730170613
3634,9.55704725467791,9.07908739626585,8.60568318801979,9.92724383247801,9.00150639060957,9.43812470099616
3635,8.66885002995428,9.97410902524202,9.15845014701059,9.31354875000616,9.28543044004354,9.26766317314085
3636,10.4202122664647,3.91050356568282,7.39158745241139,9.10523371283579,10.7628022304837,3.49023065076089
3637,9.73785529822025,7.5167276512944,9.26832495429527,9.81011709540766,8.46164518384088,9.90160247185996
3638,9.36092418726602,9.13439636475595,10.0513323588592,8.5009851846807,9.27869175295063,9.21467904020314
3639,8.25437913373099,9.10700713380782,8.93843251299731,9.18602666453552,9.45241456289788,10.2631935591353
3640,9.16822408090631,8.99464901514158,9.22258914361574,9.94141412584281,9.7457783904099,8.37165053588739
3641,10.3146314297581,8.65275460909588,10.6120464603189,7.50214064472167,6.88637762667106,8.28483300514193
3642,10.2969975549082,9.81859990327555,9.36831733167087,8.61153684851225,8.46560911598275,8.13401320210741
3643,8.7358680443842,9.00007383806802,9.64458898492882,9.8941139283273,9.02853962259395,9.30119774776302
3644,8.93436519790899,8.4011738742777,9.4716303767064,10.2001782453305,9.93191338809939,7.25765883989228
3645,9.46528146498746,8.44561329578513,9.18968826164302,9.8824097548083,9.12437287377445,9.45808231969753
3646,9.37360082711304,9.48900621123535,8.03585192934574,10.1907191953246,8.40909558266164,9.42804134064536
3647,9.63807768733859,9.79227284094737,9.07597291156405,8.37288555067777,9.25599923389369,9.40560657384215
3648,9.51571143064954,9.40359408841251,8.88363879368603,8.93998610151477,7.6794584872969,10.3056598735819
3649,8.39378237704949,9.25952575429351,9.52723579218986,9.48975584733056,9.67056724167696,9.27892825386794
3650,8.66541587059315,8.59654799803553,10.3256261900138,9.99945434298577,8.70904224723075,8.31143256347888
3651,7.69028422170097,11.3065631899174,5.94925531288213,6.34804598348791,8.37155773474948,9.26539955594464
3652,9.26439170744443,8.5748918552913,10.3169493578113,8.00249290916485,9.39956380485312,9.31220481947178
3653,8.83395116370018,7.66109292774253,8.8569382897996,9.55203757548654,10.5442977876656,8.89554709813947
3654,9.32221151081672,7.56892623326378,10.2490141888465,6.22095667706273,9.49953818738273,9.9559424733573
3655,9.82810782003948,10.0014040745326,9.76272430444983,8.39778862430937,8.89094771533673,7.77456864169096
3656,8.74240151453581,9.59495007640603,9.20623255722267,9.22362689880963,9.66023607424774,9.31001011738722
3657,8.7936293163351,10.4487984009648,9.04477129939805,9.14006402571809,7.4009931801432,9.49138892123069
3658,11.04299258868,6.96795197133498,8.88657520694136,8.3602705599885,3.91236714089699,9.58511390787721
3659,9.22994803002132,8.81239133662264,9.16087725834889,9.49936712472942,9.77957823894421,9.22868981405791
3660,7.0939330217517,8.66987869939837,10.3577072395259,7.99161937921444,10.2481182136588,8.94731101422328
3661,7.47900810302046,7.48602272885893,10.701427024274,9.12026415617643,9.94898810031157,7.95990404559328
3662,9.87045584578497,9.17812210519639,9.73855968573281,9.73888491921736,6.95617486878963,8.86596509172009
3663,8.39378237704949,9.65977608446648,10.1584223400816,9.55940730550546,8.51998793333259,8.65382864524462
3664,9.36092418726602,8.60369494955514,8.57687777831218,10.0746640309569,9.36816795846784,9.34473065671804
3665,4.42031633038884,8.27698113129867,7.47227525372253,11.5582519363355,5.26983295724657,7.84917485338318
3666,9.0201950839989,9.5604930976854,9.59699621553736,8.88530407498004,9.62170903712713,8.9808154143065
3667,9.82964185647686,8.99736397887291,9.54777899234557,9.5483385383005,8.73225446284672,8.87490363002875
3668,10.2914424655077,9.51575755380711,7.57079741935073,9.75180828529057,8.18214038273014,8.91300914207397
3669,9.09610893397278,9.0994461325885,9.79588867393611,7.74838776865365,9.2719214215351,9.9559424733573
3670,9.26439170744443,9.25272561893952,9.54406556721825,9.30261048067651,8.48916623194669,9.7234519609029
3671,10.2656098466191,9.73975330142002,8.57687777831218,9.34160587227151,8.42139377898277,8.4415394101903
3672,8.91425588139731,8.81547193047068,9.14380103296378,9.86912802160423,9.37660725321258,9.46795849081948
3673,9.67950153237529,9.5081648191029,8.91561487571822,8.68753400968462,9.53766464759572,9.28117074604158
3674,7.65600850045013,9.45978240171271,10.0976621899739,9.53157443647386,9.60564643211388,8.13401320210741
3675,8.9985300374313,9.23443353811317,9.16813416997539,10.1251948023779,8.71903617062951,9.16454041009509
3676,8.37287107495412,9.29746551658403,9.18968826164302,8.75330689819099,9.99629679787189,9.65248112648043
3677,9.47707666919585,9.19713802774366,10.546754831095,8.7338883964633,8.74208919665311,7.18245790536333
3678,4.42031633038884,4.5024395641909,10.6711102574367,7.73539986544367,9.71283446603173,10.050979338298
3679,8.25894621672403,9.99462858440296,5.90198596787001,7.90733418225098,10.6902001505077,9.02698508588944
3680,8.65159677095257,9.77497796505912,10.0874945103874,8.47001289365371,8.32430752052254,9.55207031845058
3681,10.4643269581179,7.12617333217289,8.11819793728019,4.41752395982353,10.897886202548,5.22720061240359
3682,9.10627294254171,8.59654799803553,9.45788089018,9.58129317424981,9.20478163251803,9.63855772149996
3683,8.77463169789487,4.32217650032491,9.6990338438141,9.44867396029944,10.0207281921951,9.57783604407776
3684,10.1573884815756,9.19713802774366,8.38248064281947,9.80082030368073,7.55072910689198,9.32747489845363
3685,8.52845166931061,8.68005628631938,9.91135586372334,9.61351151724298,9.35113972018928,9.2425657358578
3686,8.97376114089269,9.83234560590277,9.38709527733799,8.56100011341057,8.95998139349774,9.68840307226594
3687,9.12388931315637,9.04799977878794,9.25702630197706,8.86462328029231,10.5263995001694,7.21112488451485
3688,10.5972390725606,8.17984756501265,8.69551068987036,9.94844740523586,8.70234090580571,6.95249255256478
3689,10.1165025843068,8.88456654291514,9.00749467601601,9.22130539698882,9.26739013969792,8.86895076924427
3690,9.70145235509712,8.77490113349239,9.82065459529028,9.3981900727633,9.29213777743734,8.22078562569077
3691,9.25528688722896,8.93075020781675,9.05001869734897,10.0196297011106,9.31207457663908,8.87787086414012
3692,9.33954559262142,9.77813795341076,7.38326254914669,8.42630795565649,10.1882650346996,9.1523411461311
3693,9.87045584578497,9.90785626549576,9.25702630197706,8.71750394889632,7.58035152386312,9.33397003306525
3694,9.60620977271587,8.58576063062192,10.3267071333757,8.95683177427837,7.79757780913754,9.22636412038608
3695,7.14442972893281,8.07567632268016,7.17703508264392,9.82242032500248,10.2629858206216,10.077020980132
3696,6.78508456279568,4.58000949021127,6.88935782509231,4.65183681203331,10.3597890780439,11.0853299490472
3697,10.1659142372594,8.02328682222665,9.62010738786172,9.70439959822219,9.10164179301733,7.53931314449633
3698,9.33090460119685,10.1958795943321,8.40314487116193,8.98173675335612,7.77855422189433,9.78320529752022
3699,8.94289831532188,9.17572738077753,7.59260214607389,10.0759491161431,9.31427285447869,9.61386353439508
3700,9.80801542808202,9.44593925325182,7.66982914004528,8.89407721774901,10.159215732147,8.45352809353755
3701,9.47119112752531,9.21823533988928,8.48683429997348,9.01428777183467,10.1457034004497,8.81733324383186
3702,8.13024096986739,9.27973580962991,9.90413221826446,8.83151307566108,9.25828462628441,9.69514505142247
3703,10.3146314297581,9.27750418732383,9.12403439766164,8.38539094136709,9.03388595444888,8.80179292271534
3704,9.46330618302248,9.03748643657178,9.45985314760494,8.97623938621707,9.11935240872925,9.56501072600535
3705,8.2452012449035,9.79070912162318,9.18968826164302,9.17166983935655,10.0394483475186,8.44554674064493
3706,9.41097545728732,8.29917275565509,9.85402790778811,8.32607982231907,10.0274418877417,8.87193027351232
3707,10.0257372174426,8.63542449529316,9.25475590696168,9.66224060900164,8.4456794101134,9.07689462581122
3708,9.23458834361398,8.24532639084099,8.81439510687524,10.1350919510691,9.98668280602098,7.98767839763957
3709,9.74437641507263,9.29526118990411,9.60770895263969,8.8069458959839,8.45767030815412,9.40971167147918
3710,8.38127208551642,8.59654799803553,8.49840249782793,9.97624249215004,9.34685105152496,9.97407221454103
3711,7.98336141858297,8.79064076779139,10.4024804137274,8.71089763626698,9.63055600080144,8.91589902192255
3712,9.15604501295802,9.83689854762956,9.47553484073357,8.67061062321936,9.55635640599112,8.59732865823123
3713,9.8219553054315,9.67341743294576,9.89103777886687,8.89989644727222,7.94700898292325,8.43349113013519
3714,7.58489608578178,8.83988241496334,8.97475753884067,10.082357423854,9.99903192341493,8.91300914207397
3715,5.72696990061232,3.49023065076089,6.99185818466848,10.4134199511642,9.04716566370833,10.6849973931906
3716,9.10119989661218,9.47544210306129,8.67527287968541,8.8375899770738,10.3121993480507,8.43752089427018
3717,9.37360082711304,9.15642501419052,9.35989243070383,9.78989775759171,8.38417943120001,9.29677128189044
3718,9.06778262901842,3.49023065076089,8.98301179797672,11.0930541975481,7.98620715041415,7.85522050756259
3719,8.41848143859603,8.51549765674502,10.2283407415085,10.1631737165933,9.19765427998021,6.53288921314376
3720,9.21828147871016,9.00277861190386,9.30609125083722,9.83613715373323,9.10672421159288,9.04821063691504
3721,9.58092739043998,8.87868811065179,9.15358363061884,9.97210722273137,8.46560911598275,9.15723324692575
3722,10.1377097037909,9.90929805510142,9.92283896777488,8.11195822615287,7.58035152386312,7.68911284772394
3723,7.68349430468552,9.9462874587151,9.992608402557,8.91146488243183,9.56191701300887,8.14884370484101
3724,8.61645762228802,9.47349391551127,8.71546812523463,9.52782246531168,9.34899698040742,9.67652823202411
3725,7.24959918347497,9.09438334172844,7.91432395363582,8.90858146805896,11.0819825850357,7.15320258752715
3726,8.72271153923571,8.58576063062192,8.71216102689154,9.74697558368523,9.80637145933804,9.53713767785475
3727,9.43536430028089,8.76218444269372,8.82973369344752,10.1716129467013,9.39333908707472,8.29375426751701
3728,9.38616698681189,8.99464901514158,9.41988615453321,9.2166511483216,9.27418173306707,9.32964319600174
3729,8.75538023559489,8.7461290946232,9.49682243805061,9.23056905862247,9.85549404244425,9.25402785046821
3730,9.3903314871516,9.61806030399839,10.0695267601189,9.18602666453552,7.82873401653757,8.54973225118711
3731,9.13385998860364,10.237794930084,8.12319127760924,8.10693031344858,8.83691176198799,9.8736449334538
3732,10.2404598161041,8.35107672365804,8.96367780508598,8.07638792965761,10.1333086428764,8.20668221217589
3733,9.41915099252586,9.54758796866684,9.08110814264259,9.34374166615198,8.67179300720734,9.41788697075918
3734,7.70376837411569,8.39706506566424,10.4086187935437,7.81162045832957,8.98779722861968,10.0731445812945
3735,9.82349589640093,7.53183666533435,9.26381611332147,8.47001289365371,9.74088452074344,9.6437947641922
3736,9.83881196742527,9.23213062268064,9.2502043625482,9.25119719277738,9.08113100283629,8.7573665956908
3737,9.26665895658622,8.71347145183917,8.81439510687524,9.04874107765996,9.51681994719419,9.91031975334267
3738,9.73785529822025,8.7875065661486,8.48683429997348,9.00891339786758,9.61993311284278,9.55947904994245
3739,8.51324657830612,10.7573340354526,9.38916669977372,9.2166511483216,7.99172061066428,6.33638046784908
3740,9.64680632509466,9.77655882469879,8.65129704332757,9.02497677183338,9.26739013969792,8.92740093761677
3741,9.91737834590859,9.8216658453868,9.85702389860559,8.20899246745331,8.4173060427382,8.04695581390346
3742,8.25894621672403,9.7446076254286,10.0474035187549,8.87352284490922,8.71571256017597,9.1981591612882
3743,9.52331570400222,9.17332867174132,9.2592931272407,8.56100011341057,8.67179300720734,9.95172612497
3744,9.79079277142329,9.51575755380711,8.60211386078609,8.7692914183037,9.61459218007122,8.89261607486076
3745,8.52086919275052,8.11625536402592,9.78963016877274,9.1027133312226,8.99329655097893,10.1177337014507
3746,8.84309812411508,9.75266203161364,9.03156861412217,9.24663860223749,8.92875085540251,9.56501072600535
3747,10.3652181223007,8.82161342973762,8.58051011910662,8.83151307566108,9.39956380485312,8.70485737812984
3748,9.73948834385038,7.30424545748751,8.46734500427561,9.57039175904644,9.25371021298314,9.91176752493362
3749,9.27343938958148,8.90495424841522,9.31918780810121,9.21198182528315,9.86302053483361,8.77657442767583
3750,9.64680632509466,8.70685013763707,9.50257401701028,8.9789906908376,9.02585900170193,9.50488289477398
3751,3.49023065076089,10.0803204769399,9.50257401701028,9.98994171866924,9.68082492538066,3.91172610131385
3752,8.42662117717043,9.31932538418993,9.91423522213021,9.09765930900577,9.5282271199725,8.83576306082252
3753,8.97653435483322,8.84893077730497,9.41379439823412,9.12772101346082,9.8433693566504,9.14497172499308
3754,9.51380408011411,9.05843699303148,9.07854281391537,8.9624035249948,9.96586303880883,8.59010773875716
3755,9.0335722106454,9.50244391639825,8.75135381092924,9.20494936156592,9.60385060402229,9.31876895197695
3756,9.25300166948706,9.27973580962991,10.0500239342062,9.42264301673977,8.68884397163196,8.18286482967454
3757,7.99983587057113,9.71193249507848,8.90696425306774,8.33899671994981,9.9825428254298,9.59956036433131
3758,9.14129299682006,9.9279113321021,9.28399577178797,8.9200806714491,8.49693372831939,9.39322068819936
3759,9.56074695945747,9.05583476614877,9.12652010068147,9.48395818012654,9.38080844929903,8.82350274461487
3760,9.01480927588376,7.76695424477792,9.5215819337749,9.70273669070649,8.84301679801773,9.84210060650723
3761,8.77463169789487,8.21762816035195,6.06067160127279,8.14666981988601,10.6288376040119,9.9919768960139
3762,8.49013359290078,9.93642172306026,9.23646287223851,9.84068059208876,8.10287090690437,9.06912815738351
3763,8.79677137513933,9.72181300057626,9.58980992216584,8.88530407498004,9.26056640164857,9.03763693169401
3764,9.84185576001536,8.88163032422855,9.57532900077571,9.34587430094844,8.70569547313576,8.81733324383186
3765,8.19364878170633,9.90785626549576,9.09386674814623,9.30261048067651,8.76155952336645,9.64901285749206
3766,9.32438970207958,9.21823533988928,9.43600612806615,9.01964218051415,10.1370382664284,6.5926991735909
3767,7.62798546684061,9.90496835522907,7.39986416599397,10.358510445317,8.55760990001698,9.32964319600174
3768,9.83728765884292,9.57691749474932,9.02625349130532,8.23687065470613,9.24912123935465,9.11259491978623
3769,9.70145235509712,8.88163032422855,8.84188807676674,9.57403472845311,8.35455477257169,9.65594107443371
3770,8.89971832283174,9.19477470959713,9.54777899234557,8.83151307566108,9.63231889929307,9.22403466888142
3771,9.20415584084014,8.76218444269372,8.51368359559896,8.73714304368935,10.6688900867766,7.78093609079935
3772,8.91714587758715,9.75266203161364,10.2872736207966,8.11195822615287,8.25726851276109,8.88967907801238
3773,9.384080217413,8.57852390170195,9.02358856179944,8.53878658573374,10.0261016463041,9.39529240511507
3774,8.98206482557167,4.71811471559459,8.2789403771999,10.9440985299239,4.421285932026,9.65421213808927
3775,9.51761626166856,10.1490532036465,7.98188243040868,8.84061884422373,7.99721299897741,9.67482381608766
3776,9.19466126573403,9.34299452310258,8.35304309369109,8.86759591293916,10.2084933062075,8.79552955843758
3777,4.50573000684162,7.92388639769242,9.14380103296378,10.4643544713558,8.15783475149922,10.1214922547697
3778,10.4731865735078,7.94093803865207,9.07597291156405,8.05043075300581,7.15697326664508,10.0231199520818
3779,8.9793022429138,9.19477470959713,9.46378958812937,8.20899246745331,10.0447526384652,8.97805293817607
3780,8.94289831532188,9.33228396731852,9.01287929640371,8.56100011341057,9.41398448756365,9.8736449334538
3781,8.63061631597021,8.18938614769551,9.02625349130532,9.72584470033461,9.34254958836487,9.87809546995954
3782,9.12388931315637,7.84756329021998,8.13312624140302,10.5049908490424,8.0823514452248,9.72839012909758
3783,8.42255706079186,9.42189449625402,8.64783911312332,8.9953891289595,9.10672421159288,10.1646333267808
3784,9.69136270600586,8.23154393278995,6.63089560372629,8.56832912797621,10.2731897389167,9.64553622733285
3785,9.71479634601162,9.47349391551127,9.12154440099925,9.07726413234406,8.99603836351304,8.90139132094775
3786,8.99579886464679,8.46143891988412,8.65818809965205,9.50891476455734,10.5273470723181,7.39712834351397
3787,9.64680632509466,8.51928243203201,8.10311302896849,9.78046928199079,7.46595900483941,10.1499869998254
3788,10.5157338258709,9.35574304344968,8.019872800437,7.7866606902159,6.55155281333526,9.88253231542848
3789,9.37360082711304,9.59495007640603,9.34289349152012,8.93998610151477,9.59844966263505,8.13401320210741
3790,8.7936293163351,9.75907332537972,9.34075446300704,8.37706609755347,9.44240026820257,9.32964319600174
3791,9.41915099252586,9.47349391551127,8.70219393555723,8.3602705599885,9.62170903712713,9.45609894227727
3792,8.46269099597603,8.17505444771,9.20858060495931,10.5675352940049,7.87721897277563,9.31439618585213
3793,5.72696990061232,10.7573340354526,8.5695854970678,8.46609408872991,9.23294381755033,8.96694977848864
3794,9.43536430028089,9.75587124114703,8.49840249782793,9.07469432484076,9.55635640599112,8.69815708515186
3795,8.94005955290993,9.63210006972347,10.376618886817,9.26253100437225,7.80386338368892,7.38879913789815
3796,9.99871944370972,9.98235191264604,7.81899973081346,8.00249290916485,9.51108234244255,8.57189544272194
3797,9.57362168533597,9.24817431077986,8.61633840210039,9.71268549542686,8.29341087632621,9.46992563376376
3798,7.96669590524945,8.53432283515907,9.43199299810175,9.46838279647858,8.83078075003027,10.1609856638515
3799,9.55519383673024,8.90784337429257,9.57168593490467,8.26872681205171,9.21423028544433,9.50104034163812
3800,10.6106839663338,9.71523352398508,8.29672271173763,7.95849623707776,7.87721897277563,8.69815708515186
3801,8.7358680443842,9.12201118886775,8.5212637595198,9.74697558368523,9.36180591257942,9.54088535963356
3802,9.44940292228824,9.19003641864914,8.69215740392224,9.37540463880381,9.39125819514214,9.18144778300766
3803,8.60932573800394,9.14177671372027,8.83885907883034,9.15473747621111,9.42012090196883,9.88253231542848
3804,8.99032094362384,10.1466103791243,9.3953631718035,8.61861377434296,8.7289612423454,8.87193027351232
3805,9.96142363009542,9.31715425162627,9.59878720729135,9.2189801508616,8.85816717669005,7.05110257536922
3806,8.54349788722002,8.27250143971194,10.0823836659203,9.09258750436309,9.25828462628441,9.40560657384215
3807,8.9485591202254,9.07395246450051,9.50257401701028,9.51461315153438,9.1663552932906,9.06131961627519
3808,8.90845844415249,8.16542002730294,8.91561487571822,9.74374476244148,10.1713907842208,8.39670646210256
3809,8.89386198684394,10.785082819382,7.89692597520505,7.9015353778139,8.85212612646935,8.67786716815443
3810,8.49013359290078,9.58956393877086,9.67546672084246,8.7882416606865,9.4800901483823,8.93026213021582
3811,9.17789379060411,8.9864733033238,9.60948669728684,9.67756020659183,9.12186482688125,8.43752089427018
3812,9.53464745133991,9.3578568808423,8.4396090385771,9.32007209962626,7.69983284819985,9.96433837240616
3813,9.89264096072203,8.21295949492115,9.64978140456602,9.2915885919057,9.41193319900825,7.87320623348551
3814,9.4313280324277,9.69196605798456,8.9912190535163,8.82541043745557,9.21658280425511,9.00544228778437
3815,8.15005047792791,9.01890152278188,9.24563840320839,8.9789906908376,8.88504281391691,10.2310826515067
3816,10.217209283937,7.29540715894849,9.54034255489382,9.76461687489254,8.31554738735549,8.26228482012476
3817,8.76182601386706,8.66647012801063,10.0395135869923,9.31354875000616,9.57480898040139,8.20195017960229
3818,9.88380782233525,8.97549970808824,9.88517964856396,8.51622503024375,7.82873401653757,9.21936444362636
3819,9.02288045995605,9.25272561893952,9.44797893518875,9.36912742530011,8.93447970460574,9.23795525180337
3820,6.42265172519426,10.1306303738157,8.82055014888217,8.74686310166116,9.59302841746305,9.49138892123069
3821,9.48293828619936,9.62860292170442,9.44797893518875,8.98994368730491,8.77439508226396,8.74441761930625
3822,9.89557335928173,9.19477470959713,6.87749772298247,9.7788918593329,9.61637468973356,8.03635835041661
3823,9.04153929669048,8.1262236810968,9.68392782953531,8.86462328029231,9.43837499505728,9.62978683124718
3824,9.2935914357018,8.93358812980131,8.82973369344752,10.0182934216805,9.74251765650045,6.82184729238359
3825,9.76376469373457,7.74121223670058,8.06728697552835,10.3134623069734,8.23885108061773,9.34687317789883
3826,8.52086919275052,8.16057850739467,7.98188243040868,9.40842924285067,8.5123441368818,10.6696775476605
3827,8.37287107495412,5.5440894840211,8.88363879368603,11.0374163835208,9.09909384803032,6.08643382607579
3828,8.36865211062457,8.18938614769551,9.78491840239997,9.05917851887016,9.68082492538066,9.48945086110936
3829,9.05209403525875,9.27750418732383,8.66504634665435,9.89993058951252,9.27643850651681,8.78292055264771
3830,7.66981725792292,9.06103453050198,9.92854641673666,8.75651802095748,7.69307350394047,10.2506636738033
3831,8.54723500577343,8.91934230337287,9.66524742484445,9.73074861024879,8.50080181974666,9.42195730387801
3832,7.38994126358254,8.73640929643488,8.33594730847488,10.3500376130365,8.27545316942099,10.0137126136324
3833,9.85848275590313,8.92790668641111,9.0604565294711,8.97348281942241,9.24221027450592,9.00544228778437
3834,10.4643269581179,9.06879917484371,8.97751421444114,9.11276852452944,8.30673360284163,7.9315822056559
3835,8.44276387468176,8.30795445990652,9.31483549371763,9.8824097548083,8.85816717669005,9.73984718790255
3836,9.42930565369524,9.02157122708968,8.40314487116193,9.95404943894332,7.83488493067201,9.63330159122989
3837,7.92704109878584,8.5529050913987,10.6871901370154,9.24891969925012,9.13684806848121,6.89459687616389
3838,8.97098258053654,9.93359050193052,9.98578138572251,7.7866606902159,9.32303260172417,7.66176057394715
3839,9.95018523567964,6.88761634992461,8.39078196524083,9.75180828529057,9.69944325612194,8.73135120274147
3840,6.6227135025722,6.6983876594387,9.9953301869398,8.66378520414239,9.07336358376287,10.4411529538567
3841,9.23690291155162,8.2680077579437,8.97199558047027,9.04349387725803,9.1168356040421,10.0496648319925
3842,10.4464427952225,9.72017094335131,9.31047000132758,7.16621595977127,6.70874179035933,8.75090665525018
3843,8.76182601386706,10.1756547202625,9.06823559880938,9.62760293788592,7.44194121537868,8.82964594241211
3844,9.39448399408385,8.800002673053,9.83135737667449,8.93148884597665,8.53137808456911,9.37653891224548
3845,8.26803712128911,10.3181395849476,8.61987269514545,8.94843355059048,8.90851861983824,9.22170144737194
3846,8.9930625066261,9.50435340693045,9.2592931272407,7.84222198930605,9.69776057804247,9.33180823761577
3847,9.99188517626375,8.89042109309895,8.91273710064498,8.8007380902349,9.22595467795229,9.05870734068453
3848,8.60215836340135,9.12945505617744,10.4106591291379,9.38994606098416,8.07717549378537,8.18286482967454
3849,9.10880278609554,6.78985435587433,9.78019119218149,10.4235498760809,7.1068173268908,8.92453405327075
3850,8.90845844415249,9.0994461325885,9.042140419291,9.6028518481512,9.29881405565737,9.17663730501206
3851,5.30706165527198,7.94657723859076,8.9355999870512,8.77563589986132,11.1604236649435,5.344059271782
3852,9.63281503260066,8.84290485323793,8.8569382897996,8.5900950127124,9.22361741492881,9.72015042995538
3853,8.30383704547009,9.41378964263358,10.019597845618,8.93998610151477,9.03921252893583,8.92166145446324
3854,7.07322188800831,9.02157122708968,9.84952222008398,9.8482213271,9.45241456289788,8.38840285269277
3855,9.55333803358375,9.57510177231349,9.042140419291,9.00081407431023,8.018975026786,9.49718752174691
3856,10.1114670313958,6.34746009018674,10.9184258998172,5.13853548597692,6.2858911802217,8.18286482967454
3857,6.93070291411405,8.19413182343589,8.93843251299731,9.2915885919057,9.89714531608494,10.0351256392282
3858,8.96540933775701,8.56027137262288,9.82065459529028,9.271534336909,8.69223007879968,9.48945086110936
3859,8.846134253342,9.40768096515549,9.58077640113749,8.81003979805099,9.10418524225472,9.29233118423265
3860,8.03222883392036,9.1466760377441,9.65839410679609,9.46838279647858,9.38080844929903,9.01355861672038
3861,9.71479634601162,9.41378964263358,9.42998223688788,9.51081673001183,8.3023063846546,8.06791920687352
3862,8.45475321367752,9.78914370501678,9.15845014701059,8.47392106143639,9.17847391637813,9.61741727019834
3863,9.08843861775726,8.82772886365192,9.34289349152012,7.382097754041,9.65504260351535,9.82683350765263
3864,8.82166418800354,8.89915856207168,9.73530692728943,9.95125114189951,8.97117223022987,7.94864221704676
3865,9.81732363401826,9.52142598351021,8.18657463929152,9.65881404030981,9.02853962259395,8.01492610747947
3866,8.98206482557167,9.06879917484371,8.82667901065268,10.1954564740369,8.71903617062951,8.7247732839594
3867,9.384080217413,5.69282476622993,9.31918780810121,9.31790092749807,10.1081949484886,8.70819587448727
3868,8.87317533480479,9.67511356440884,8.84188807676674,9.35860428895613,9.36816795846784,8.81733324383186
3869,8.56945632341735,9.05843699303148,9.63763654830442,8.41008044306583,9.88536718210445,9.01355861672038
3870,8.48624509983325,9.81244839668726,9.53286756964816,8.58287620592136,9.09398440698364,9.17904455050532
3871,9.7669708835631,10.1599950047327,8.68542732385124,8.8705624260873,8.57238773393747,7.84917485338318
3872,8.97098258053654,9.38298412119717,8.96367780508598,9.70107186354674,8.77758618431712,9.14743238699516
3873,10.2288813960443,8.08592895450787,10.0565542205098,8.43835966616112,8.23885108061773,8.33322935351103
3874,9.54402302379014,9.28418871822754,9.02091869594631,9.58671313313461,9.61459218007122,5.95364248135375
3875,9.46330618302248,8.40935647470976,7.92580662929613,9.92010613440228,9.62879094463535,8.83270774767734
3876,9.25984648469596,9.5401614227555,7.95411808381218,8.89115876725684,9.81571029189631,9.02698508588944
3877,8.3257680038476,10.4850214761825,9.3235270238481,7.63405052206476,8.21549270497432,9.23795525180337
3878,10.0783003217397,8.70685013763707,7.920076764817,8.40599482098745,9.8188098462849,9.01894422216493
3879,9.78921682883141,9.1368606818495,8.41540250518471,9.58851526873454,8.91722438151935,8.82657761734459
3880,10.1695527622079,9.19949747797515,8.344520584446,8.64657880914501,8.94018587104066,9.07689462581122
3881,7.59940364318553,9.60031617184961,9.61657584148505,8.85865955502888,8.49693372831939,9.82683350765263
3882,9.5827480482754,6.96795197133498,10.5195985683208,9.03558708592722,7.71992183635321,8.61166278868701
3883,9.25300166948706,8.27698113129867,7.54119839924577,8.03991521035314,10.0447526384652,10.0575339600124
3884,9.10627294254171,9.33228396731852,10.1165355358596,9.49936712472942,7.70656048722856,7.90851572721438
3885,6.83530692815171,7.46255393320556,9.53847743803068,6.2768585929343,9.43029058056902,10.7176425784933
3886,10.256515036349,9.83841300651109,8.95251223365836,8.60798530321394,8.35027246129774,7.00811853643696
3887,10.1549432666752,5.57523304067769,9.64285401551146,9.48008007792257,9.23061786705751,7.4620713487816
3888,7.13447261650147,7.87740025506093,8.76098765087988,10.7508749379372,9.09654139135898,8.60092558711637
3889,9.27343938958148,9.26404142410132,8.87183293761766,8.80384533629539,9.37870938138724,9.35966187455264
3890,9.80333869963358,8.32535872001218,7.19619912198029,4.50270031620481,9.19288305989188,10.5529946496654
3891,8.59856125631979,7.37304974307352,9.816043263253,9.63285192291244,8.42953459419078,9.77208886542142
3892,10.3331341877281,9.13439636475595,6.25946671218455,4.9484466941695,9.2212763565515,9.8360131464784
3893,9.56995490637873,8.64238158121518,9.56437207610402,8.08664098202848,9.62348277708959,8.94731101422328
3894,10.231204527144,8.77490113349239,9.30389687857494,8.813127071062,8.05101246934261,8.91011345553086
3895,8.83700660654233,9.05843699303148,9.83743778002046,9.32007209962626,8.3330146531491,9.22403466888142
3896,9.76536867960977,10.2204779844452,7.84947387537659,8.81620774339855,8.07198084084304,8.81113721357253
3897,9.24842033853249,8.39706506566424,9.9953301869398,7.08632710230078,9.18569649066127,9.60672968222114
3898,9.01480927588376,9.82777824584014,8.11318719733615,8.60798530321394,9.55263738664171,9.27443277842777
3899,9.09355669421766,5.4458356033442,9.08110814264259,9.97348696363375,9.56929795813848,9.14003776436838
3900,9.13137377768616,9.88018480747478,8.92991817886112,8.30867494864148,9.07595737687312,9.26086163147427
3901,8.87911617092722,8.17984756501265,9.14134497545172,9.93717763661726,9.13684806848121,9.2028984747421
3902,9.34169777304874,9.27973580962991,8.47126402500445,9.03029169208023,9.47813084005232,9.22170144737194
3903,9.26439170744443,8.72662347687076,8.04640684147591,9.2166511483216,8.68204778560509,10.1658471674327
3904,7.64206545485382,9.21823533988928,9.05001869734897,9.61351151724298,9.79697176140654,8.83270774767734
3905,8.64114474224865,9.23443353811317,8.84792703791405,9.15716859576353,9.91173400137837,8.84489032172708
3906,9.28018808382474,8.70352803317798,9.2479231904523,9.50128171665853,8.0350830038801,9.67652823202411
3907,9.68290040524672,9.15885199149805,8.86886629888593,9.2937997206685,9.58758671520872,7.59100581778259
3908,8.07948936039533,8.80621031950842,9.23646287223851,10.0302756010819,9.36392971516712,8.7148497464935
3909,8.902637590308,8.99464901514158,9.54592347509314,9.01160308982225,9.35113972018928,9.08461947289578
3910,8.68928481544077,9.10197087550092,8.21491230511047,9.61174036854346,9.81260406185776,8.98632453265369
3911,9.67267966037549,8.51170290749085,9.01824387540728,9.27377641242457,8.95153086988337,9.30340589490362
3912,9.71479634601162,8.03391858520372,10.2716424400217,7.71569485476574,8.77758618431712,8.83270774767734
3913,9.60262502821228,7.95219439089341,8.52503893048569,9.56124386807438,9.69944325612194,8.86297321527608
3914,8.90845844415249,9.21823533988928,9.93139169402609,8.47781864978274,9.06555408189739,8.9501329893686
3915,8.71940355365062,8.70019825004918,8.6233983370148,9.81011709540766,9.33607323616171,9.37444005426269
3916,9.50806684450516,9.05061617614364,9.13147868489301,8.92579604706122,9.28543044004354,8.99727999528551
3917,8.13024096986739,9.47738766205585,8.45947481476303,9.65021182867719,8.86718153040805,9.6799310326499
3918,9.12888327140514,9.36628137596822,8.13312624140302,9.64329292297801,8.56131859902022,9.56501072600535
3919,8.55468027414811,9.63558875763261,8.65818809965205,8.93432683483322,7.65183440542811,10.1899119046757
3920,9.03090669903799,10.0879797419634,6.60223887997844,9.4002437318481,9.32521424806137,8.66761402473534
3921,8.21260956909355,8.98373772748977,8.95531174664163,9.80237393659,8.40083802539797,9.81140306697315
3922,9.09610893397278,8.62140869608077,10.1152849667881,9.94844740523586,7.63076135781002,7.5542737966793
3923,4.84361160430376,11.6138323007087,7.50331808553815,3.49023065076089,3.49023065076089,3.49023065076089
3924,9.03090669903799,9.81090641165706,8.00912049424945,8.96795381844328,9.34685105152496,9.22170144737194
3925,8.7936293163351,8.78121763512207,10.4617358671733,7.48670495343451,9.56745626053201,7.59100581778259
3926,9.7131350836847,9.18528250268096,8.41132821314652,9.44071437473746,9.03921252893583,8.7923876365966
3927,9.81267704039946,8.85493160696483,10.0355523772631,8.19010226810796,8.92299914218389,7.86124081432598
3928,9.32003002389808,9.98645575801409,9.03686420908522,8.9371592460446,7.81012155416509,9.03232084854728
3929,8.75538023559489,8.37216283217717,10.1535571485078,9.15959562230505,9.19527064378247,8.48111946726656
3930,9.31565712307142,10.0188728239565,9.0604565294711,8.9143425391621,8.42953459419078,8.57189544272194
3931,8.71940355365062,9.80472193221095,8.5437677428501,9.60996704189112,9.24221027450592,8.4049624472617
3932,9.69136270600586,5.4458356033442,7.17703508264392,9.16201856960502,10.0367888691336,9.61030101956942
3933,8.38545427516482,8.23154393278995,9.28399577178797,8.83151307566108,9.80480909115859,9.66283616633875
3934,7.26791488939402,10.1417122836532,9.74018331795694,8.05043075300581,9.61993311284278,7.79358686079315
3935,9.24612420217337,6.9454594081704,10.9397760080681,3.91061544736945,9.28318770877672,6.10735936233388
3936,8.3257680038476,9.10197087550092,8.98301179797672,8.6841652003082,9.89273977963481,9.39736114964826
3937,9.4553778849073,8.14104778170486,9.93281223058578,9.83157935728781,8.48135660597566,7.4620713487816
3938,8.63764381058081,8.79064076779139,10.6217663735098,8.75008860247926,8.05101246934261,8.18286482967454
3939,8.59133997784411,9.06879917484371,9.69736319035561,9.59928104312126,8.84605964374436,8.69815708515186
3940,6.69265485668046,8.68343289851251,10.1596360782246,9.20259756299287,7.91253778628556,9.83448725832165
3941,9.26665895658622,9.25952575429351,9.20388067893113,9.2143183772036,9.02853962259395,8.87787086414012
3942,9.73948834385038,9.33443245298368,7.81899973081346,8.88530407498004,8.75185725038819,9.59956036433131
3943,9.22295943450083,8.89042109309895,8.50606331758311,9.2143183772036,9.88684471963272,8.74441761930625
3944,7.97227258004244,5.22266043210438,10.1363985745277,9.81628182940528,8.49693372831939,9.49332438006408
3945,8.3644207435938,9.19713802774366,8.79264301698543,10.2624540360052,7.9067112999173,9.1523411461311
3946,8.70943377661069,9.5081648191029,9.18492623625956,9.34800378599793,8.61226187882883,9.29233118423265
3947,9.09610893397278,6.87575899718999,8.36573297756919,10.0329248436968,9.31207457663908,9.49911521846635
3948,8.77463169789487,8.7101645988108,9.03686420908522,9.6170473021457,8.97117223022987,9.51062759362364
3949,9.73458364901214,7.39802072170113,8.60568318801979,10.2826291486525,6.96748103001151,9.26313237912925
3950,7.46322111457289,9.16369372257395,10.2738858632671,7.75483789729501,6.92170562015072,10.0588413175564
3951,9.21123596041138,10.0255356383697,8.22423548739053,9.38373197148673,8.45767030815412,8.77975098413988
3952,9.07814762317292,9.70364671408488,8.61633840210039,9.84219189646955,8.17246736220677,8.70819587448727
3953,9.07556335360763,8.32967709538552,9.17535473358419,8.12196161551116,9.93334402673877,9.45411283301006
3954,8.87911617092722,9.60566237376761,9.85402790778811,7.50214064472167,9.15903491648899,8.85094320137967
3955,8.10508906801861,9.71523352398508,8.14299304020483,9.04086309645528,9.41807833078943,9.60851645644201
3956,8.45872757523069,8.91072671968635,9.90557984458061,9.26703969861722,8.8791136170274,8.98907121515643
3957,9.1706475958196,9.19713802774366,9.80987179551799,8.69759342556599,9.14675107073679,8.43349113013519
3958,9.48683283519478,8.79376816651786,8.06728697552835,9.58671313313461,9.61815499884782,8.66418002821861
3959,9.72637190746177,7.12617333217289,9.90557984458061,8.55732157179819,8.58337244081715,9.40766058355931
3960,6.67894182311477,9.9222097118383,10.4783673039673,7.34830842710623,8.7934365334793,8.08858130441303
3961,10.3524700539624,8.55659294184124,8.04640684147591,7.76765181920367,9.3339079714076,9.17422603309331
3962,8.88207742983292,8.81854595217002,9.94834648445836,9.1474194207438,8.51617110701635,9.07172163249629
3963,8.81548118557784,7.64034362572063,10.3038354550316,9.14986290264627,8.39253282630083,9.13756443682296
3964,8.95700885466612,7.55420545045068,9.30169916141982,9.36702893316209,10.069685015855,8.38423301618634
3965,9.52521052319969,8.68680161446879,9.24105793728384,9.07982936655355,9.18329298426857,8.9808154143065
3966,9.33954559262142,9.56781593389019,8.64437286176241,8.39778862430937,8.32866767169224,9.83753742197456
3967,8.57312676878602,8.65962869264513,9.63240013619595,8.18056331931421,9.26739013969792,9.80674155775253
3968,9.8219553054315,8.56760016716486,9.60414687525991,9.5353166708321,8.5797201731119,7.56169593115134
3969,9.19704077820852,9.34938287328962,8.74812816226304,8.12196161551116,9.39541698025341,9.56316919067698
3970,8.46664353610626,9.6953130531408,10.2805952737852,8.11696861948641,8.26638956871401,8.48111946726656
3971,6.42265172519426,9.96026532342764,9.76750901910675,8.30429063957553,7.58766240773671,9.82222168495173
3972,9.5772791643312,8.25444188847159,7.94286036263642,9.22825871766552,10.2629858206216,7.85522050756259
3973,8.50173645994496,8.56394043182594,9.09640497366653,9.31136772480193,8.92299914218389,9.91031975334267
3974,9.99462277040534,10.0308438180021,7.69691135535273,6.88825574345136,9.02048275718389,8.84489032172708
3975,9.36304471538764,9.34725656666663,10.0591580790878,7.13678026490838,8.11807059172379,9.15967308572989
3976,7.24959918347497,7.88329397161297,7.91432395363582,9.68768360317382,9.67228193034694,10.1026007766636
3977,8.5322279877885,9.81706448465064,9.30389687857494,9.57766851813201,8.22955319121685,8.62232053896848
3978,9.07814762317292,9.60744004574757,9.05524706147141,8.44235458732094,9.84641009727469,7.94864221704676
3979,9.23690291155162,6.46387312042592,8.36573297756919,9.1474194207438,10.6253016483843,7.66176057394715
3980,8.3430752791469,8.90495424841522,9.71398326862814,8.8007380902349,9.46829416470492,9.14497172499308
3981,9.53840499824595,10.3017661662037,9.31047000132758,7.60576881540646,8.89682851980187,5.54925822050195
3982,9.8614853595366,10.0930634161712,8.2789403771999,7.63405052206476,7.91253778628556,9.20053076554
3983,8.07431426406737,7.29540715894849,10.4695863169753,7.35683094048926,9.69607593436978,9.03232084854728
3984,9.38825074048851,9.21123715097269,9.66182483684748,9.13760386361666,8.7289612423454,8.22545620446189
3985,9.2869053352583,8.03391858520372,9.46378958812937,8.9624035249948,9.45440910293173,9.1523411461311
3986,8.93436519790899,9.55128694813236,9.24563840320839,9.62584902201261,8.15783475149922,8.76379770072866
3987,9.2438244030363,8.89625195468355,9.01824387540728,9.74536107777489,9.20951369980947,8.26228482012476
3988,8.75214649991697,9.43196191680684,9.34502935137802,8.74363036335848,9.26056640164857,9.08974646758894
3989,8.45872757523069,9.62158308044305,8.61279541524902,9.25119719277738,9.0914228787991,9.39114599034258
3990,9.18989042563552,10.1404851564883,9.7320468159086,8.39366791607262,7.81635255966547,7.83088363883461
3991,9.00125604461278,9.79070912162318,9.80212013791826,8.22763782156977,7.88316608632533,9.04293348009309
3992,8.9985300374313,8.58936540464613,9.05785414893846,8.25969679613662,9.93905243281227,9.32312849625572
3993,8.10508906801861,8.18462476310572,8.34878814721532,9.56307809462413,9.07076511484765,10.1911046667156
3994,8.49787921681366,9.47349391551127,9.58800773933823,9.65881404030981,7.64484441775398,8.95856591193932
3995,8.36865211062457,9.61098882917733,7.4564976479207,8.95123839957274,10.2663951532845,8.40907275122429
3996,9.80489929473987,9.93783525224845,8.09296778018938,9.63459734756716,6.44149643399779,8.30262056199314
3997,9.21358829436318,8.15572063463943,8.3783119594229,9.28271000956817,9.69270073183175,9.43208315020687
3998,9.30687133073987,9.46958962625264,9.45194788056577,9.04874107765996,9.12437287377445,7.7681728149591
3999,9.29803167216639,8.49642310830684,7.34946949327252,9.75822679954564,9.7441489449974,8.88673608316832
4000,8.16473057697634,10.7093142917841,6.91278434557305,7.89571306739893,6.72219812406738,9.83906008821629
4001,9.00397690571298,8.53805851828434,7.67664779245834,10.2107460544003,9.32521424806137,8.74766579060994
4002,9.62400103778587,8.12124816015971,9.36200327551762,8.96518134353291,9.50532181715489,8.63290000703043
4003,8.59856125631979,8.92220275655108,8.91848691566149,9.31354875000616,9.30766794030047,9.49138892123069
4004,8.93721518783304,9.48514375379112,8.49840249782793,8.31304594096491,9.40987898809299,9.60672968222114
4005,7.0092150842941,8.64930522643303,9.89832713935247,9.57585276786493,7.68628215243259,9.79266594279862
4006,9.58819627052033,8.56027137262288,8.71216102689154,9.33303091770716,9.34254958836487,8.91011345553086
4007,10.0588129397939,9.69698364231174,8.94408091812535,8.08152359562244,8.69223007879968,8.03635835041661
4008,9.62400103778587,8.7685568181357,9.24334998933201,8.62916439056151,8.67863763099962,9.45212398435611
4009,7.72375986276322,9.60388250774454,8.4396090385771,8.77879769468962,9.64808875374388,9.56501072600535
4010,8.76503812105714,8.70019825004918,9.20152495755699,8.4971498870754,8.78711730249881,10.0936993574819
4011,8.15496051210532,6.61496693430746,9.14870062998363,9.60106755085816,9.45041726015175,9.8237605983243
4012,9.92313776152045,8.20827562860447,8.36151543530407,9.43871759415328,6.66758429869505,9.87661348318781
4013,9.29136617892886,7.92959279583728,8.52503893048569,9.1668522812111,9.52443474653697,9.61564149696832
4014,8.06912047216825,7.83545271484671,8.59494855950104,9.22825871766552,9.97700430140647,9.71518391876415
4015,9.26892264588601,8.8579226766137,9.48911780539748,9.18125692493648,8.60149613212473,9.12762847082244
4016,8.68589908492973,5.99345060688355,9.97892190089559,10.1473686466517,9.13187093847233,7.16302123976269
4017,8.5657764995894,9.36417986232838,7.28833754448972,9.65881404030981,7.75927507785519,10.1114475994276
4018,9.62929589641833,7.92959279583728,7.0976925662284,5.66489888983902,10.9066517146398,7.56907980846617
4019,9.32221151081672,9.70364671408488,8.59135249662825,8.8007380902349,8.5123441368818,9.35328170514141
4020,6.56414182127948,10.5335049328872,9.40358392782983,9.79458898142144,6.17150688183114,6.60726167493547
4021,8.71940355365062,8.61434931813789,9.89103777886687,8.48944850824403,9.53011957316109,8.8539601333715
4022,8.43067385265014,6.20123925011127,7.54865569169844,8.50862526889877,10.7384598027144,9.34473065671804
4023,9.78763916230324,9.95049506003442,9.9761689465519,7.83615364268337,7.16679597986272,5.95364248135375
4024,11.118971159117,7.96891527620165,7.67664779245834,7.11681302177058,7.39266098212471,8.39670646210256
4025,11.2148169541803,9.52707221843495,5.92582792606477,6.16269175586777,3.49023065076089,5.344059271782
4026,8.89386198684394,8.89625195468355,9.37877970041546,9.30918339532328,8.88799828909602,9.19340421618861
4027,8.77144093141644,8.46536829417226,8.22423548739053,10.206058806239,8.94586953380547,9.09485529126799
4028,9.8659775768336,9.34299452310258,8.21022795746529,10.3003287149575,6.3220078631221,6.37111732081821
4029,9.13137377768616,8.58576063062192,8.42351665842835,9.85122661635922,8.57238773393747,9.47972129500672
4030,9.47707666919585,9.72181300057626,8.41132821314652,8.63963828598266,9.47223689080429,8.23011166907402
4031,7.32149301374314,9.01622686437529,7.78786462531746,8.31304594096491,9.38708738028645,10.4689537226692
4032,9.50230669126957,9.53829879476844,9.48718519778194,8.82541043745557,6.8129630239346,9.08718524970122
4033,8.52086919275052,9.55497646366155,7.42441071536327,9.10523371283579,9.4403890362319,9.57052126387323
4034,9.12638845488094,8.22692028209467,9.59340754524974,9.34800378599793,9.36816795846784,8.46541777076001
4035,4.72203453028519,10.2111565648828,6.20278778755911,8.84665754539894,9.00966973090413,10.0042435155035
4036,9.15604501295802,8.42961177632011,9.09132404529961,9.89702519118593,8.72566047665035,8.83270774767734
4037,7.78845522984317,8.50025828573978,9.37669329114954,9.33517944212998,9.60564643211388,9.27892825386794
4038,9.18270443104525,9.26629396620246,7.83736172628457,9.28937406689443,9.40782184647476,9.14003776436838
4039,8.01612360888359,9.40972006783926,9.18968826164302,9.42264301673977,9.22361741492881,8.91878311834331
4040,7.80730847929063,10.807677081647,8.26093553436029,4.32239355474389,7.83488493067201,9.46992563376376
4041,9.81732363401826,7.6542098057023,9.23415983588531,8.99810415401565,8.92299914218389,9.1981591612882
4042,5.22790408072017,11.4969291469207,8.10815893569189,4.08267841278862,3.49023065076089,3.49023065076089
4043,9.12638845488094,6.01571292340272,9.96232480122419,8.9926689798548,7.00086916501957,10.002885698187
4044,8.57312676878602,9.16127488972615,9.58077640113749,8.90858146805896,8.56131859902022,9.46598866061978
4045,10.305841438484,8.70685013763707,9.35566144767095,7.34830842710623,9.06294148377942,7.97107829026557
4046,8.15496051210532,9.14422845710643,7.89692597520505,6.99074155295653,10.4110020605754,9.47385188715865
4047,9.12888327140514,9.70862389304106,8.9692283190234,8.69089495929991,9.18809599653707,8.60092558711637
4048,7.54797118977985,10.2984690612118,9.736934223554,9.55203757548654,7.48958034926168,5.26741035315081
4049,8.62001036523555,8.88456654291514,8.57323625318054,9.47619151771309,9.45440910293173,9.26992324188543
4050,9.03888849137446,8.9392472635071,9.2592931272407,8.83151307566108,9.45838992537588,8.93026213021582
4051,9.00940326720457,8.94488426223509,8.96089451139155,9.44071437473746,8.61226187882883,9.40354963398699
4052,8.69603249727415,9.42995404803892,8.86291463607578,9.692718777189,8.55016372585641,8.94731101422328
4053,7.79476720160052,9.55497646366155,9.19680193514172,8.63615544305692,9.67741379778567,8.93311765364713
4054,9.3778017272255,8.34682217708085,9.69569059931204,9.32224000716159,8.40497272499795,8.85997511408797
4055,9.46725404480692,8.93642047439726,8.36573297756919,9.12275406368193,9.82344672362556,8.10895067325652
4056,9.11384919236753,8.17505444771,6.27785422469477,7.70240617908933,5.14478343559912,11.0350736364683
4057,8.26803712128911,9.76386316081522,8.52503893048569,8.11696861948641,9.80480909115859,9.09485529126799
4058,8.21260956909355,9.2413202947069,8.66504634665435,9.29600746359066,8.9571700541757,9.69346250915558
4059,9.7669708835631,8.91934230337287,8.36573297756919,8.75330689819099,9.38499743990443,8.90139132094775
4060,8.09490381441183,6.39854731847526,9.56803364230611,7.52498656121242,9.49760514434885,10.2744906792164
4061,7.83819053705255,8.67667174072927,8.21491230511047,9.84520976255986,9.23061786705751,9.65074803461733
4062,9.38199042354521,8.25444188847159,9.23646287223851,8.94843355059048,9.35967897708558,9.06131961627519
4063,9.12388931315637,8.86982525424571,8.75135381092924,9.18125692493648,9.45041726015175,9.02698508588944
4064,9.3965557715829,8.37216283217717,7.81282650165352,8.17096068790176,9.50724455028642,9.98649139838931
4065,9.64854573077395,9.34938287328962,8.09296778018938,9.89119677720704,8.7289612423454,7.2392269812907
4066,9.77654690754815,8.33398255187257,7.08745654604589,8.50481029392527,9.41807833078943,9.77208886542142
4067,8.61289609441907,9.3279773675446,9.29508583816916,8.98994368730491,9.40987898809299,8.65036158758506
4068,9.04153929669048,10.0014040745326,9.12652010068147,6.05972287191348,8.49693372831939,9.47581101217089
4069,7.97227258004244,9.66148832631694,8.21491230511047,8.6841652003082,10.2538546736238,8.01492610747947
4070,9.5061493488664,9.11702716935237,8.63392377719352,9.48202043275657,8.10287090690437,9.16696792342107
4071,8.74890548978313,8.57852390170195,9.70236935590258,9.18602666453552,8.43358780359471,9.38906830294917
4072,7.93848316850053,9.52142598351021,9.22954269670623,8.79762412886497,10.0072063173394,7.57642582370735
4073,9.11132819753243,8.6732792243187,8.45156136762802,8.79450342305963,9.01508638406206,9.92759782915439
4074,7.75647212542615,9.57328376080211,6.8166597307742,7.04463584911598,10.4860287164666,9.20053076554
4075,10.2690056707361,9.36837983110265,7.78786462531746,7.79294144075068,6.9447779158694,9.60851645644201
4076,8.24059025182639,10.2480861784975,8.99666470758796,9.1668522812111,8.99329655097893,6.91803953748859
4077,8.62708966925321,9.33443245298368,9.22491072315244,9.0721199276938,8.61583265286075,9.38281721703316
4078,6.38916284439067,9.91505084382679,8.61987269514545,9.35860428895613,8.58337244081715,9.54835162987068
4079,7.66981725792292,9.9236372313445,8.53630542207855,9.20729732983859,9.42623131209233,8.67445755602955
4080,8.28156668270776,9.38298412119717,9.042140419291,9.64155799737899,9.21893149046541,8.37585692885315
4081,9.65028304101893,8.9892036968176,7.77521898054733,8.87942549948977,9.39749188331353,9.12762847082244
4082,6.22758497697775,7.60507975895992,9.54777899234557,9.75822679954564,9.28990546358882,9.49138892123069
4083,7.93277352513624,8.73315473656603,9.76112586552513,8.28661859260007,7.45799778415282,10.2334001453755
4084,8.89679312972101,9.63558875763261,9.28176748503436,9.18840562943014,8.46956216479426,8.62585566936135
4085,9.33090460119685,9.11202585783449,7.57079741935073,8.46609408872991,9.00150639060957,9.93473638291905
4086,8.46664353610626,9.5081648191029,9.61657584148505,6.93472128687779,9.95463504530624,7.95428416538033
4087,8.02688045140244,8.24074689275773,8.91561487571822,10.3036233406512,9.63055600080144,6.94110093146803
4088,9.36304471538764,8.95609254338461,8.9802656274617,9.03294182082412,9.30987294200428,8.68126872903799
4089,9.83728765884292,7.1161554596559,8.83582370030746,9.49553029774405,9.4800901483823,8.13897371551276
4090,7.76935102806014,10.1169691630026,7.27037962827338,9.00891339786758,8.94018587104066,9.51062759362364
4091,8.60932573800394,7.91240514363607,9.36621571700717,8.12693733501375,9.32521424806137,9.98098495870055
4092,9.37360082711304,9.02157122708968,7.75603909627448,9.05396924563372,9.54142243214378,9.09230314274466
4093,10.6441938864832,8.92220275655108,7.68343417601901,8.24146494640995,8.26183626825553,8.32889632549224
4094,9.59903135056181,8.57125062599,8.43560277591073,8.37706609755347,9.4221605838068,9.45411283301006
4095,8.87317533480479,9.14177671372027,8.02521893897171,9.264787113985,9.75874809910629,8.79552955843758
4096,9.72307407394312,9.79383486666706,8.36151543530407,8.89407721774901,7.47387618163076,8.96694977848864
4097,8.86121967840377,9.91217731766906,9.11404850006005,8.86759591293916,8.12811518457739,8.91878311834331
4098,8.38962434895811,9.32149325227753,9.05524706147141,9.01160308982225,6.92170562015072,10.0614524830692
4099,9.56627878002367,9.31932538418993,7.63524082749803,9.46838279647858,8.71903617062951,8.93311765364713
4100,8.97098258053654,7.681546239197,9.55517727771655,8.33470395565799,7.28869107657292,10.3177229830601
4101,7.85640586980744,8.53057743593791,9.89249860118311,9.54462998818676,9.33173945005946,8.07311263669283
4102,9.93173399110482,9.44195953471676,9.63414772038379,7.74838776865365,8.06153488452876,8.04166684819051
4103,7.21224701740689,5.13813620683314,9.042140419291,3.49023065076089,10.7053507845038,9.67311738339019
4104,9.10627294254171,9.50053189397793,8.73515285916143,9.12523967784591,8.67863763099962,9.08204912090017
4105,9.04682632696348,8.82467439101142,8.49455674927975,8.8069458959839,8.93733561192563,9.86470244741985
4106,8.82474576830439,8.5492077728413,7.77521898054733,9.49744998735148,9.64983036223817,9.32095037184479
4107,8.49013359290078,9.5345663055407,8.67187209574815,8.75008860247926,9.58394747216917,8.97805293817607
4108,7.93848316850053,9.49861733294301,9.47942876111894,9.12275406368193,8.51998793333259,9.21936444362636
4109,8.55468027414811,8.4011738742777,9.45985314760494,9.50891476455734,8.93447970460574,9.14988885594883
4110,9.27794202725138,9.77497796505912,9.53473995168739,8.61153684851225,8.86117823115284,6.73195462889101
4111,8.93436519790899,9.05843699303148,8.28785901286058,9.30480478336292,8.82770543373278,9.61030101956942
4112,8.30383704547009,8.29476172505811,9.54592347509314,9.67416988755541,9.44240026820257,8.27585608726327
4113,7.29495521779007,10.1119691945341,8.85992956117552,9.8482213271,8.93161812662734,5.75340817014267
4114,6.6227135025722,9.42189449625402,5.44707882762807,9.78046928199079,7.80386338368892,10.3012481553206
4115,10.49268193767,9.36837983110265,9.02091869594631,8.11195822615287,7.4009931801432,7.01898702122838
4116,9.89264096072203,9.38919810248778,8.95251223365836,7.72886155579635,9.41398448756365,7.5317738047801
4117,5.93108797904055,10.8946733278685,6.40015879977287,9.65365887314977,8.14305173695282,5.38066918739587
4118,9.92744228053666,9.75747317194724,8.92706885241318,7.50979652507789,7.4499920227725,8.99181267321061
4119,8.9626146136218,9.09438334172844,8.82055014888217,9.43271060786564,9.40369873757786,8.34615071050326
4120,8.91425588139731,8.35954827227427,8.68542732385124,7.19505595307646,9.91028175528987,9.75121394674905
4121,8.97098258053654,9.47933059958196,9.50448612331419,8.59369089293028,8.26183626825553,9.09994607238899
4122,8.41848143859603,8.94769451501783,9.94834648445836,9.87652185697501,8.16272884795647,7.00811853643696
4123,4.21555013477111,6.6005694240769,10.1559917955486,5.33971909954946,10.8532414680175,4.32454807995716
4124,9.40687024067862,8.62843364354607,9.82678019229941,7.67545366048913,8.99054951267371,8.90430456858884
4125,8.26349884877543,8.89915856207168,9.91997675140348,8.47781864978274,8.72566047665035,9.31658422665899
4126,8.65159677095257,8.44561329578513,9.60414687525991,9.51461315153438,9.06555408189739,8.5422680698503
4127,8.25894621672403,8.50789813146206,9.2502043625482,9.80547619051159,8.68204778560509,9.1862422624425
4128,8.81237970645805,10.7093142917841,7.4325001689851,7.68223942622211,8.69223007879968,7.95990404559328
4129,8.406184879553,8.62140869608077,9.39947940848474,8.82234939866586,9.28094148338297,9.41992357356517
4130,8.85821520097605,8.10117211031758,7.80039982498105,9.9456382077575,8.99329655097893,9.47189009677826
4131,9.78605976806178,8.73640929643488,8.77373337692218,9.01160308982225,9.21893149046541,8.27134653908322
4132,8.92290854144979,8.54178453568465,9.54963212512256,9.47033894473394,8.70234090580571,8.7541402460699
4133,9.18989042563552,9.16127488972615,7.02444382670428,7.82393945571638,9.96166277744614,9.3617823392561
4134,8.68250537816283,9.49093356718515,7.68343417601901,9.4002437318481,9.82498904249151,7.9315822056559
4135,9.55889829355282,9.80936277623775,7.13791618723393,7.17589426892259,8.39669141548841,9.79580575034846
4136,8.41848143859603,9.63732994182314,9.38709527733799,9.36492738241255,8.8791136170274,7.78093609079935
4137,9.5845664103811,8.9864733033238,8.77690226830808,8.74363036335848,8.45767030815412,9.3723381366192
4138,10.1202677458407,8.38881209613992,7.30607240963073,8.84665754539894,9.62170903712713,8.25316566897222
4139,9.44540581480848,9.39126349269944,8.59135249662825,9.01696746255119,8.89094771533673,8.66761402473534
4140,9.10627294254171,9.14422845710643,9.02358856179944,9.02231194416267,9.55077427404138,7.9315822056559
4141,10.0548836686743,9.77497796505912,7.92580662929613,8.87352284490922,8.66146470260712,6.53288921314376
4142,10.0136418078517,9.83538249680364,9.27953574904756,8.79450342305963,6.08959780894912,5.9993644427573
4143,8.13521898702428,8.1262236810968,9.64458898492882,10.1978192917618,6.39153799277266,9.02965543626783
4144,8.44677142486176,9.59136155413827,9.36831733167087,8.77879769468962,8.75833268658349,8.9416504327197
4145,6.30173225191887,9.48320863843386,10.1920268065582,7.53252157816086,9.65504260351535,7.54681300370666
4146,8.38962434895811,8.01794130395406,8.93276188301797,10.1039351346245,8.91432830046712,8.89261607486076
4147,8.62355436656335,9.81090641165706,7.53370207508715,8.40189757024583,9.35754889942355,9.39114599034258
4148,9.1213858311962,8.59296117881644,9.9026831375143,7.50979652507789,9.25828462628441,8.80491442440459
4149,9.00940326720457,8.81854595217002,9.042140419291,8.7338883964633,8.94870298170054,9.50296289812791
4150,9.89264096072203,9.37882653915877,9.70735820378218,7.17589426892259,8.018975026786,8.12903551872603
4151,9.28018808382474,9.40768096515549,9.47553484073357,7.56961326772898,8.83691176198799,8.89847217212544
4152,3.49023065076089,7.84756329021998,4.58076952023924,8.06086993210612,7.60937388813876,11.2269589973343
4153,8.74240151453581,9.49478056798911,8.94970727211331,8.37706609755347,9.92761293806976,7.53931314449633
4154,8.40206257370191,6.88761634992461,9.77861200594336,9.02497677183338,10.2013862635838,6.67789387901374
4155,8.98206482557167,9.50435340693045,7.17703508264392,9.93434638143361,9.08371086904213,7.86723598631271
4156,7.63504274762969,8.07052245808537,9.06823559880938,9.48008007792257,8.54267885046116,10.0217797972814
4157,9.11132819753243,8.37634323706695,10.0798214365817,7.99706642804673,7.38427994490824,9.52961296772969
4158,8.655063994519,8.70685013763707,8.14790116970649,10.0526405638379,9.36392971516712,8.24858432729982
4159,8.15005047792791,9.0765222169342,9.50257401701028,9.46838279647858,8.22488161488598,9.15723324692575
4160,5.72696990061232,11.2795063109338,6.31391215543096,5.72114303905626,8.14305173695282,7.33777827683739
4161,8.55468027414811,8.2361527713907,9.34716205196024,8.9540378004202,8.5760586199576,9.84967397664884
4162,8.73259016476733,9.82013368903081,9.25475590696168,7.31370076611905,8.90268542340146,9.08974646758894
4163,8.8672099055302,8.81854595217002,8.75457225384644,8.03462845068507,10.0072063173394,8.92166145446324
4164,8.59495514289715,8.98373772748977,9.11154117934126,8.78510054490942,7.07585316903315,10.1026007766636
4165,8.23596443329913,8.39706506566424,9.22954269670623,9.17886612410562,9.18329298426857,9.49718752174691
4166,7.26791488939402,9.36417986232838,7.05629912652988,9.30261048067651,9.65850699460446,9.52394355490715
4167,5.64151441452744,9.33228396731852,8.91561487571822,8.82541043745557,9.80637145933804,9.21233061576308
4168,8.60215836340135,8.70685013763707,9.92140856958692,9.64155799737899,7.96953869900303,8.18286482967454
4169,9.68798374197373,8.5268222698544,10.0408315764111,8.79137594350277,8.58701547012907,5.26741035315081
4170,8.85520444615638,9.01354723343198,8.78636733817723,9.16201856960502,9.34470192402922,8.88378706575227
4171,8.8092715370956,9.19003641864914,8.87183293761766,9.17647135172762,8.80286371680923,9.2028984747421
4172,8.62708966925321,8.07567632268016,8.14790116970649,9.69439326946008,8.35882438056809,9.98098495870055
4173,9.43536430028089,9.80627054006953,8.53255971038489,8.93998610151477,7.88316608632533,8.74441761930625
4174,8.78099211014678,7.99091135636006,9.62889860169146,9.64675652518243,8.22955319121685,9.03763693169401
4175,9.48683283519478,8.3035703064906,8.87774795561339,9.46642399094397,9.17847391637813,8.34185646833168
4176,9.48293828619936,9.72672798418628,8.22887451837083,8.36448785352402,9.14180807339095,8.48111946726656
4177,9.05209403525875,9.83841300651109,10.2490141888465,7.02332274735727,7.13712232426214,7.4380618907418
4178,9.06257204773893,9.49861733294301,8.88657520694136,8.531305274407,8.7289612423454,9.1981591612882
4179,8.49013359290078,9.40154629792804,9.37877970041546,9.2328757031175,8.42953459419078,8.85094320137967
4180,9.2958132632611,9.26404142410132,8.74165511793481,9.5353166708321,8.82153504024594,7.92585021657944
4181,8.8672099055302,8.63193331065313,7.17703508264392,9.43471571842761,8.95435322015182,9.8329597540873
4182,8.52086919275052,9.24360858916492,9.952554222305,8.71750394889632,8.81222962156966,8.07828737343493
4183,3.49023065076089,8.33827516672525,10.847148282595,7.87810316641102,8.90268542340146,7.65484019741276
4184,9.5365274486848,7.61220228250213,9.74180512434353,8.92579604706122,8.8338495168249,8.53099875198235
4185,9.61513284149944,8.92505754342102,8.61633840210039,8.94280742301884,9.29436664029965,8.34615071050326
4186,9.18510374474947,8.17505444771,5.48069581039967,10.6629711424333,8.64408457067634,7.30272334432679
4187,8.17926235287928,7.61220228250213,7.73659936617821,10.5720958347022,9.13933020419904,8.28483300514193
4188,9.0494625875196,9.22519972203023,8.87183293761766,8.90279727380046,8.54267885046116,9.34473065671804
4189,6.02258085533561,9.16851924658091,9.69736319035561,8.92579604706122,8.92875085540251,9.34473065671804
4190,7.13447261650147,9.76386316081522,7.27037962827338,8.95962034216974,10.0247601583552,8.61522414176709
4191,9.098656662794,7.84756329021998,8.60924369164434,9.45263733707097,9.3054595612065,9.21467904020314
4192,8.26349884877543,9.11952133312766,8.90406913419598,8.16613522357144,9.91318478667926,8.97251205041334
4193,9.09099992751291,9.11952133312766,9.84801719076557,8.46609408872991,8.22019481939496,8.69479521595342
4194,9.10373865127381,8.15084629785077,7.30607240963073,8.84364135812255,9.83420847950075,9.50871523575156
4195,9.05734256241591,8.49257768861116,9.22258914361574,8.12196161551116,9.4702668753098,9.26086163147427
4196,9.98501837172686,9.06879917484371,5.37702885777875,8.74363036335848,8.05101246934261,9.64727559007864
4197,8.80615664852852,8.31232529749068,9.3300114593878,9.38787767204693,9.22595467795229,8.67103985440168
4198,8.62355436656335,9.11702716935237,8.85093705422156,9.87652185697501,7.97511636040425,8.89847217212544
4199,8.26349884877543,9.27303055319522,8.47907020935325,9.32007209962626,9.3702824175013,8.95856591193932
4200,9.21123596041138,8.16542002730294,9.58620330148504,8.63615544305692,8.14799631145845,9.55207031845058
4201,9.79707937753604,8.03920512182947,9.30389687857494,8.01865049076723,8.27545316942099,9.50680033838727
4202,10.1935778300114,7.8293589030641,9.66353714618571,6.16269175586777,5.67260959395123,9.54088535963356
4203,8.98757415578148,9.3279773675446,10.1608487959121,8.44633845382625,7.94132091717763,7.52419456361733
4204,9.2846697269951,8.34682217708085,9.08110814264259,8.66378520414239,9.00966973090413,9.38281721703316
4205,9.69809697584387,8.93358812980131,9.48911780539748,9.13267090783191,7.29765014878615,8.28483300514193
4206,8.77463169789487,8.65275460909588,9.14870062998363,9.69439326946008,7.46595900483941,9.35328170514141
4207,9.13137377768616,8.78121763512207,8.84792703791405,8.96518134353291,9.72775242752994,8.03635835041661
4208,7.97227258004244,9.48514375379112,7.88520913055873,8.97348281942241,9.19049151520104,9.5977624519091
4209,9.13385998860364,8.09102798332976,8.44360418373101,8.81928184326017,9.3339079714076,9.62449857713636
4210,9.79393949984438,7.42256310719486,9.94834648445836,7.76125916129259,8.40909558266164,8.84791993971402
4211,9.41302369095175,7.07536377800198,8.93276188301797,9.47813710859431,8.07198084084304,9.6013560380133
4212,10.2265545173796,9.92648803869128,7.38326254914669,8.5200099226607,6.8982517275118,7.89096948653513
4213,8.44276387468176,6.89937529971251,8.66846326415008,9.52217614077538,8.59427400001247,10.0614524830692
4214,8.58043971484239,8.08081177765473,10.2283407415085,9.28715613517875,8.89389111737668,6.71863254282013
4215,8.99032094362384,9.17092596479544,8.81747591439711,9.44469965965984,8.97950870045882,8.33322935351103
4216,8.27707094899638,8.97274320446682,9.34075446300704,9.51839960437587,8.23420964718284,9.13508685838252
4217,9.33739019488368,8.97274320446682,7.57079741935073,7.5548916486275,9.73924953353653,9.41175984590692
4218,9.81267704039946,8.02861253371777,8.64437286176241,8.22763782156977,9.36392971516712,9.08204912090017
4219,8.53975104531916,10.0188728239565,7.12796629658169,9.60996704189112,8.61226187882883,8.37165053588739
4220,9.46725404480692,7.79224261151799,8.22423548739053,9.59211279771096,8.61226187882883,9.37444005426269
4221,8.77463169789487,8.89915856207168,8.76418466868312,8.76291887522545,9.10672421159288,9.49138892123069
4222,9.26439170744443,9.32149325227753,9.1065134163091,8.8705624260873,8.74208919665311,8.43349113013519
4223,8.30383704547009,9.25726260442212,9.28622061996067,8.5237848929065,7.55819233427848,9.87215836420186
4224,8.49401161310413,8.84893077730497,8.06209530505972,9.93859118278294,9.48984695445326,7.98767839763957
4225,5.78100652852225,5.80073818534936,8.72534411264742,10.1152292742482,10.0993008243462,8.2160998340239
4226,8.2725611248023,9.48900621123535,8.79264301698543,8.96795381844328,8.8791136170274,9.21702364535376
4227,9.08072726787665,8.87868811065179,8.00912049424945,8.81928184326017,10.0085642235666,8.17322634489556
4228,8.91425588139731,8.50789813146206,4.65234632245859,7.56227136921082,9.63407964538117,10.2077005933354
4229,9.46330618302248,9.11952133312766,9.49682243805061,9.38994606098416,6.9447779158694,7.97663299399475
4230,6.10829956099708,9.3578568808423,6.70008296939837,7.08632710230078,10.1530894506217,9.86021032595031
4231,9.99188517626375,8.57125062599,9.47748311531949,8.98173675335612,7.06538022369333,8.11399824581784
4232,8.11015476677543,8.18462476310572,9.27281973841902,9.27601500667231,8.71571256017597,9.6437947641922
4233,8.74890548978313,9.19477470959713,8.30553214818929,9.42466216620804,8.018975026786,9.54275555442585
4234,9.21123596041138,5.26278729444225,10.0500239342062,8.56466928289708,8.91722438151935,8.87787086414012
4235,8.9485591202254,7.99091135636006,8.42755664880376,9.57948198501425,9.2514175520046,9.12762847082244
4236,9.05472068773736,8.74289644253617,8.44758827303224,8.82234939866586,8.95153086988337,9.58692764922776
4237,8.82474576830439,9.15399394403501,8.50987849742096,9.41250463850199,8.8791136170274,8.91589902192255
4238,9.70479994577815,8.39294449551152,9.38502087479497,9.45461494774967,7.35025562229439,8.31143256347888
4239,8.84005558423571,9.5081648191029,7.12796629658169,9.19315181424125,9.33607323616171,8.85997511408797
4240,9.44740575355552,10.6951761744922,4.41793827270096,6.39913897051142,8.4456794101134,7.6478862557902
4241,9.88085138014044,8.11124517192211,7.16735557370218,10.044786585381,7.38427994490824,8.7573665956908
4242,9.50038151566124,9.481270922698,8.99394445247094,8.61153684851225,8.55016372585641,8.24398835098645
4243,9.01480927588376,9.66148832631694,6.4167844459227,8.00249290916485,9.87349207203737,8.6880478487743
4244,9.09355669421766,8.8579226766137,9.45985314760494,8.46609408872991,9.66713173597781,7.09282542549063
4245,8.9985300374313,9.10700713380782,10.0236030539698,8.86164450281779,8.02973371055611,7.5089146589534
4246,9.0494625875196,8.17024530442477,9.37041588754031,9.25347109419399,9.10164179301733,8.55715794440356
4247,8.65852289239585,9.12697803563925,9.8719112055132,8.58649013212462,9.04980698668568,7.64089841984664
4248,8.38127208551642,7.86553975897112,8.68542732385124,9.64155799737899,9.35754889942355,9.1838470158865
4249,9.92744228053666,8.91360430770634,8.49455674927975,8.40599482098745,8.97117223022987,8.4772100669625
4250,8.92578125524329,8.07567632268016,8.32299086969219,9.88680995777211,7.48174980299605,9.65594107443371
4251,9.14376217354841,8.86090755060163,9.58439660295348,8.70426088919812,9.26284457142486,7.49346992391816
4252,8.58043971484239,8.98373772748977,8.48295748793131,10.0797975163001,7.6794584872969,8.86895076924427
4253,8.406184879553,9.03748643657178,9.99124558187954,9.68600129760728,7.58766240773671,6.63594157506193
4254,9.10119989661218,8.31232529749068,8.17219367111104,8.96518134353291,9.00966973090413,9.70352844336873
4255,9.62400103778587,9.1828996530205,7.74310858494339,8.25969679613662,9.26056640164857,8.96136595653722
4256,9.03090669903799,8.800002673053,8.12816733913292,9.72420635115071,9.65677583935735,6.57798405436906
4257,7.96109750253352,7.8415207712907,9.42393307432706,7.46323475122498,8.22488161488598,10.4056311663554
4258,8.74240151453581,8.35954827227427,9.26381611332147,9.58671313313461,8.35455477257169,9.03763693169401
4259,10.5327841704473,6.82731105627835,9.93139169402609,4.50270031620481,7.19586436805597,7.95990404559328
4260,8.56208724916848,9.21823533988928,8.84188807676674,9.6553793105773,7.6236676016236,9.10501893804948
4261,9.62929589641833,8.82772886365192,9.44000811986231,8.29989293217116,7.23372277914692,9.1862422624425
4262,7.99983587057113,7.64729347966966,8.36993819781206,7.65490153848725,9.85850935427056,10.0731445812945
4263,8.77781541376122,9.1368606818495,8.95251223365836,9.60819153192078,8.24808926649626,8.66073782576051
4264,8.74890548978313,9.11202585783449,7.62822188601598,9.11026129418709,9.56745626053201,8.95294944970102
4265,8.45076785062191,9.50053189397793,8.41132821314652,9.30918339532328,8.96278725953458,8.77339085233416
4266,9.90869586932974,7.84756329021998,6.40015879977287,10.5239463980083,7.23372277914692,6.35385746316283
4267,9.90142033077329,9.69196605798456,6.34905589060948,9.57039175904644,6.88637762667106,7.89096948653513
4268,8.43874513784764,9.34938287328962,8.24728248782687,9.68431702730639,8.68884397163196,8.7923876365966
4269,7.97782769558436,9.72345319029649,8.25184791375752,9.69104233840848,8.72235213105926,8.35895709371809
4270,9.55889829355282,9.66661288796913,8.50987849742096,7.79919482706418,8.96278725953458,8.36743181425025
4271,8.60574650909157,8.86388625457261,9.95115300651105,9.16926307271067,8.78711730249881,6.87075989971121
4272,8.89386198684394,11.1341943721228,4.9996709616172,6.58663428379027,3.91236714089699,6.5631129963659
4273,9.27569246615712,9.64600446772662,7.48009930499179,8.69759342556599,8.65106180818245,9.13756443682296
4274,9.16822408090631,9.42794337943953,8.07245996503438,8.9200806714491,9.1663552932906,8.59732865823123
4275,8.59856125631979,9.76386316081522,8.69551068987036,9.51650762076566,7.72655612941341,8.4772100669625
4276,8.75538023559489,8.82161342973762,9.24563840320839,8.77563589986132,8.95998139349774,9.09485529126799
4277,8.38127208551642,7.94093803865207,9.08622514419515,4.78084396874907,10.6226439821149,7.95428416538033
4278,8.56945632341735,8.27698113129867,7.81282650165352,10.2235579986985,8.56870746726997,8.90721193888566
4279,9.54402302379014,8.28589889138576,9.35777849111938,8.55732157179819,8.56131859902022,8.97805293817607
4280,10.1438882112058,8.64238158121518,8.11819793728019,9.84219189646955,7.51281822235448,5.85726817142942
4281,7.99983587057113,10.4418418714764,7.57079741935073,6.58663428379027,7.28869107657292,9.77208886542142
4282,9.08843861775726,8.72662347687076,9.66866190935687,8.32174829805212,9.18569649066127,8.14884370484101
4283,8.88798175452254,8.45354785223742,9.14134497545172,8.35604087325188,9.17363868508215,9.39736114964826
4284,8.08464589572231,8.62843364354607,7.34946949327252,8.57197969600233,10.2731897389167,9.02965543626783
4285,8.63061631597021,8.93075020781675,9.03950472840078,9.08239004373179,8.54267885046116,9.32095037184479
4286,10.3460535210322,7.85957257305444,6.75308653169767,8.93432683483322,9.08885679061399,8.19243915759913
4287,7.88033902332612,8.79064076779139,7.48788081960167,9.4002437318481,8.76477914923456,9.95874654023277
4288,8.66197350453303,8.99464901514158,8.48295748793131,8.47781864978274,9.27418173306707,9.48362100282399
4289,8.3601769005549,9.38298412119717,8.45947481476303,9.62760293788592,8.3673257873375,8.93311765364713
4290,7.91550716158689,6.33000493642269,5.34047311549187,6.60118236743929,4.95409078694007,11.2676630414015
4291,9.59181701687384,7.92388639769242,8.34878814721532,9.65193638082192,8.76155952336645,8.56822518267096
4292,8.17926235287928,8.03920512182947,9.11154117934126,8.77879769468962,9.33823525409422,9.57965895635582
4293,9.47315564510678,8.44958604011208,8.88657520694136,8.60798530321394,9.2212763565515,8.77020022698747
4294,9.10373865127381,8.89915856207168,8.97199558047027,9.55940730550546,8.27996364996141,8.4772100669625
4295,9.00669264014309,8.72006247281132,8.71546812523463,7.59141588482874,10.1469370382723,8.08858130441303
4296,9.658938336654,8.38881209613992,8.82667901065268,7.83005953837513,9.71283446603173,8.17805366074644
4297,8.55468027414811,9.12945505617744,8.77055750049208,9.47619151771309,8.3023063846546,9.09740292917304
4298,8.33876793331994,9.09184526252788,9.24334998933201,9.06954092446543,8.64408457067634,9.06653000758925
4299,8.9985300374313,9.3236578656972,10.2490141888465,6.7389418649302,7.34162145790367,8.25773246915855
4300,9.1213858311962,9.07137812261592,8.75135381092924,8.51622503024375,9.69101016371941,7.84917485338318
4301,8.64812118145658,9.57691749474932,9.2318531146475,8.81620774339855,8.56870746726997,8.4415394101903
4302,9.51761626166856,9.79227284094737,4.84027309694023,8.44633845382625,6.83786006135588,9.69682563299135
4303,8.47843646732053,9.68356442754057,9.12652010068147,8.28661859260007,8.99054951267371,8.59372272387249
4304,8.07948936039533,5.97081658005394,9.19206338851592,9.50510329115793,8.8338495168249,9.72015042995538
4305,8.32140846748718,7.5393318115565,8.30991672535133,8.813127071062,9.87795670406698,9.52015152521451
4306,7.76935102806014,9.03220086852163,9.10902948984548,8.813127071062,9.39125819514214,9.04557447356463
4307,8.10000545973488,7.80472164660397,8.96645573407607,10.5838862019136,8.38417943120001,6.08643382607579
4308,9.15604501295802,8.59296117881644,8.14299304020483,9.40842924285067,8.87017382735705,9.11511142470115
4309,9.50230669126957,9.72836259680148,8.86589354014931,8.16129351524167,7.63782018168363,8.69142548280453
4310,9.11636578603461,8.70352803317798,9.31047000132758,9.2420655519861,8.5797201731119,8.42539760356393
4311,8.05342555510324,9.35362610248822,9.87487031516595,7.5400171570367,8.48135660597566,9.06131961627519
4312,7.97782769558436,7.69502149145313,9.2479231904523,9.58851526873454,9.2696575608024,8.91878311834331
4313,9.27118278651241,6.76432013129232,8.82973369344752,9.57221439411484,8.46956216479426,9.31876895197695
4314,8.11015476677543,8.04972022306803,9.30389687857494,9.83461948807396,8.05101246934261,9.18144778300766
4315,8.91425588139731,6.18182270925293,9.92712167046907,9.76620997963522,8.56131859902022,7.2392269812907
4316,9.68120197011961,8.56027137262288,9.29066004292634,8.31740369739676,8.42139377898277,8.7923876365966
4317,9.21828147871016,8.56394043182594,9.34289349152012,8.62916439056151,9.56376579401238,7.26678626237118
4318,8.23132369341348,9.05583476614877,9.34289349152012,7.86624211478919,9.73269098591202,8.50435555422279
4319,9.27118278651241,8.35954827227427,8.84491072091732,8.51243016326046,8.99603836351304,9.34043603946449
4320,7.24959918347497,6.14214691701353,8.06728697552835,7.33973478195975,10.2629858206216,10.0337965982107
4321,8.51324657830612,8.5268222698544,8.41132821314652,8.55363360997353,9.28094148338297,9.73658301943358
4322,4.6552705660359,8.22692028209467,10.2073666833518,8.14666981988601,9.96025996775602,7.00811853643696
4323,8.18407383446021,9.23213062268064,8.91561487571822,7.52498656121242,9.1268765646055,9.64553622733285
4324,8.37707770924369,8.54550093733957,9.12154440099925,9.0513575320595,9.43433845361253,8.7573665956908
4325,8.08978400316586,7.67476083213424,8.28340660476729,10.1776108806216,9.1663552932906,8.62585566936135
4326,9.53840499824595,8.54550093733957,10.1813105119802,8.03462845068507,6.48972767104649,8.14884370484101
4327,7.51773022478594,9.02689584664915,9.39330063850656,9.46249837907583,7.97511636040425,9.16696792342107
4328,9.52331570400222,7.99091135636006,8.30553214818929,8.36448785352402,9.47420421854611,9.1523411461311
4329,9.10373865127381,8.64930522643303,9.65150806486733,8.85267104576423,8.94870298170054,7.61260137468789
4330,8.69603249727415,9.07137812261592,9.180148428586,7.93598217998994,8.89389111737668,9.3575382867848
4331,8.2725611248023,9.01622686437529,9.46771531175519,9.32656606764404,9.03121526735712,7.68911284772394
4332,9.21123596041138,7.13612122781297,5.57653621100723,9.67416988755541,8.24808926649626,9.97407221454103
4333,8.93436519790899,8.25444188847159,8.70884631930328,9.2328757031175,8.59427400001247,9.46598866061978
4334,9.80645820300808,7.95778966799,9.04739738626748,8.57925318851437,8.65106180818245,8.81733324383186
4335,7.97227258004244,9.41175629095668,9.1633002901664,8.43435362869669,8.43358780359471,9.45808231969753
4336,9.7492479750225,8.66987869939837,8.28785901286058,8.70758308457858,8.92299914218389,8.70819587448727
4337,9.06257204773893,8.21762816035195,9.22491072315244,8.26872681205171,9.64285127290517,8.50050881919444
4338,9.03090669903799,9.12449675144108,9.02625349130532,9.30480478336292,8.84909607756238,7.62681972347591
4339,6.22758497697775,9.42391361141986,7.46440819445758,9.86764469509119,8.78711730249881,9.16210880214711
4340,5.51807356835317,9.51575755380711,8.87774795561339,10.1177271185582,7.67260219770781,8.32019093449818
4341,9.19704077820852,9.19713802774366,8.7895085943591,8.76291887522545,8.24808926649626,9.05609032226933
4342,8.30825005584499,9.25952575429351,9.65667567637148,9.02497677183338,8.10287090690437,8.44954294785873
4343,7.85640586980744,9.65462712740591,8.78321921853942,9.61351151724298,7.99721299897741,8.50435555422279
4344,7.64206545485382,8.38466779928264,7.77521898054733,10.0950892530969,3.49023065076089,9.98236354069011
4345,8.846134253342,9.03484607534494,9.1633002901664,8.37706609755347,9.2696575608024,8.55344988394263
4346,10.0483110027783,8.48485590214892,8.3316414427982,8.20899246745331,8.35455477257169,9.02965543626783
4347,8.95419777739797,9.25726260442212,9.76910040296101,8.41008044306583,7.97511636040425,8.26228482012476
4348,9.32873623738819,8.17984756501265,9.69233958644918,8.54622923147948,8.25726851276109,8.78608316391659
4349,9.18270443104525,9.81859990327555,7.7300604806524,8.24604461378736,7.1169908213877,9.53149782954936
4350,8.73259016476733,7.7605619072092,8.20081325102695,9.43871759415328,10.0434283933393,7.62681972347591
4351,8.57678788346079,9.30624927525787,8.80511296314583,8.70093101473852,8.92299914218389,9.01085824881958
4352,8.67569388468545,9.15399394403501,8.08275043738614,9.6028518481512,8.50465954806679,8.92740093761677
4353,7.22167714582969,9.02689584664915,10.1413218875711,8.09682143519475,8.60149613212473,8.69142548280453
4354,9.13634191896028,7.96891527620165,9.02358856179944,8.4971498870754,8.6580054120793,9.60494069141862
4355,8.3430752791469,8.98099694958628,9.54777899234557,8.20899246745331,7.46595900483941,9.68502022641493
4356,8.15496051210532,8.95329863438652,9.20858060495931,8.29989293217116,9.76036114234875,8.31143256347888
4357,10.2496560979805,8.76218444269372,8.04640684147591,7.89571306739893,8.75185725038819,8.1635228350041
4358,9.11636578603461,8.98373772748977,9.36411103461416,8.02399623686974,9.32303260172417,7.95428416538033
4359,9.23690291155162,7.63335991513825,9.46771531175519,8.18056331931421,8.92011465433301,9.18144778300766
4360,8.20316041517888,9.81552742967459,8.43158533355373,7.69571538629944,7.01182638882134,9.93900261743637
4361,8.64463718549815,7.1161554596559,10.5752295093117,8.64657880914501,8.22955319121685,6.48629422183819
4362,10.1089426472054,9.51196618377533,8.3186460056061,8.79137594350277,7.43384484793282,6.43809255529115
4363,8.03222883392036,8.00719025165415,8.93276188301797,9.41046838050805,9.43231593751766,8.88673608316832
4364,9.64680632509466,6.71182301841621,7.920076764817,9.74697558368523,8.89094771533673,8.519640547437
4365,8.64114474224865,7.52430208532681,9.816043263253,8.49330434658465,8.5797201731119,9.27892825386794
4366,9.07556335360763,8.96998141872047,6.4494524389796,9.956842317439,8.72566047665035,8.23011166907402
4367,9.69977564130732,9.49093356718515,9.88811168795113,7.25104302004618,6.39153799277266,6.71863254282013
4368,7.85640586980744,9.50435340693045,9.21560188920114,8.89989644727222,9.00150639060957,8.23011166907402
4369,8.33876793331994,8.6732792243187,8.55857737102929,9.19551905989845,9.62170903712713,8.50050881919444
4370,6.66509395714112,9.93642172306026,9.03686420908522,8.90569227293216,7.92987677555016,8.98357260573209
4371,8.45872757523069,9.38712974951767,8.82667901065268,9.03558708592722,8.61583265286075,8.79866464390281
4372,8.7358680443842,7.99091135636006,9.20623255722267,9.0513575320595,9.21423028544433,8.79552955843758
4373,8.62708966925321,7.38142195637135,9.74504327600326,7.35683094048926,8.90560497300094,9.59054830267098
4374,9.73458364901214,7.27756473448571,9.51210929433607,8.9371592460446,7.83488493067201,8.55344988394263
4375,10.1327477717272,9.02157122708968,8.30991672535133,8.33899671994981,7.52048111486984,8.51201833171709
4376,9.02823624897118,8.5492077728413,9.16087725834889,8.3895353778496,9.04186845273597,8.96973359779269
4377,9.7669708835631,8.7875065661486,8.87479348152003,8.55363360997353,7.59493617910663,8.89554709813947
4378,8.11520268216593,8.38466779928264,9.26155639396798,9.43471571842761,8.65453779402206,8.97805293817607
4379,8.73259016476733,8.73315473656603,8.49070070180071,9.1351394957932,8.87613984507238,9.18863353591005
4380,8.2725611248023,8.25897807146863,10.3983736005512,6.33058882636116,9.37660725321258,6.82184729238359
4381,10.3036355457619,9.23902836245004,8.07245996503438,5.47989895985316,6.7618137400468,9.05084198779557
4382,9.20178805288269,9.29305348786628,9.72877931826036,8.21367651057009,7.85318113006207,7.81855873563534
4383,8.75538023559489,7.01189557400118,9.18492623625956,9.73400864413958,8.06153488452876,9.12263468737719
4384,8.65159677095257,8.13612337420473,9.49682243805061,9.26703969861722,8.56501777180502,8.71152665205475
4385,8.92003008989476,8.41343039901184,5.6657485747917,10.0382087755759,8.74535257867328,8.83576306082252
4386,9.17306704332497,9.36207528124936,9.736934223554,9.27377641242457,5.95670421005208,5.14249772010095
4387,8.39792842898327,7.84756329021998,10.0236030539698,9.43070270517016,4.50678197586685,8.90430456858884
4388,8.77781541376122,8.03391858520372,5.44707882762807,9.04086309645528,9.86901357665528,9.23564446891517
4389,8.41439424510921,8.90205931880494,8.8569382897996,8.84364135812255,9.25599923389369,8.82350274461487
4390,9.99598962143891,4.32217650032491,8.6233983370148,9.39613348452487,8.79658578621286,7.95990404559328
4391,9.05995967665956,8.15084629785077,9.2972936515068,9.79146319496899,8.30673360284163,7.25765883989228
4392,8.08464589572231,6.6983876594387,9.48718519778194,9.44668817922735,9.59483776459033,7.90269076405478
4393,6.63698267107531,9.02157122708968,9.13642027107218,7.76125916129259,9.6110205372863,9.28340975567776
4394,10.27914543837,5.85157315336121,8.3316414427982,9.30041283330574,7.82873401653757,8.33754937511224
4395,5.41699688263355,10.0943315400675,8.51747866535857,7.7866606902159,5.05340238401777,10.0190957463045
4396,9.32438970207958,9.9462874587151,7.34089488977818,7.02332274735727,7.95267461808993,9.30781206942135
4397,8.45475321367752,6.97906599904663,10.1115267408731,7.79294144075068,9.18569649066127,8.69479521595342
4398,8.5657764995894,8.91647616132386,8.3783119594229,9.25119719277738,8.93161812662734,8.98357260573209
4399,7.83206704148008,9.46174919002583,9.79119734301642,7.13678026490838,8.04572223703109,9.15723324692575
4400,9.33306970887603,8.78121763512207,7.69691135535273,9.15473747621111,8.01356533381854,9.40148975561732
4401,7.90970527735413,8.68680161446879,9.21560188920114,8.78510054490942,9.12937591449185,9.09740292917304
4402,9.17306704332497,8.35531873076555,8.5437677428501,8.88236778482258,8.76155952336645,9.25858730170613
4403,5.8581503263091,6.0376162110649,8.60568318801979,9.4427083940295,10.1906596077438,8.70151112707203
4404,7.92704109878584,9.34512711970269,8.31428798420204,9.94423155455549,8.13809010350552,8.26228482012476
4405,7.74998906671083,8.07567632268016,8.16736788432309,8.03991521035314,8.77758618431712,10.3628759422249
4406,9.11887799388661,9.83992587678902,8.344520584446,8.17096068790176,7.27967543604196,9.09230314274466
4407,9.34384674576189,9.38090682870209,8.39491474262367,7.41510688749409,8.81222962156966,9.01355861672038
4408,8.47451621281584,9.12201118886775,8.74165511793481,9.26703969861722,8.93161812662734,8.41317135252611
4409,8.50942008589069,9.94347555643856,8.91561487571822,8.47781864978274,7.74627689548368,8.56454554508081
4410,10.0014441092084,8.89333947296565,6.65897992409128,7.33973478195975,9.35113972018928,8.53476499860654
4411,10.185214498515,10.5306976300034,3.49023065076089,3.49023065076089,6.1311642471769,3.49023065076089
4412,10.0692389645455,8.95049929864563,9.5215819337749,7.94728330859426,5.95670421005208,7.38042112590378
4413,9.10880278609554,9.23443353811317,8.41540250518471,8.79450342305963,9.13436165150771,8.13401320210741
4414,9.69641635415636,9.54943864442651,8.12319127760924,9.28048179451825,7.92987677555016,5.75340817014267
4415,8.72930481022146,8.14595538470089,8.9912190535163,9.06436903357005,9.4800901483823,8.28035154662049
4416,8.66541587059315,9.10449120410002,5.51344635435834,9.45856205091032,9.05770203835215,9.06392716621619
4417,9.79236699384351,5.57523304067769,10.007515053807,7.64798484059553,5.00483969936878,9.15723324692575
4418,8.81237970645805,6.89937529971251,8.48295748793131,8.60442497875295,8.50850696876514,10.0936993574819
4419,11.2986108628865,5.37581942822197,5.97228315961306,3.49023065076089,5.00483969936878,6.51752926279333
4420,4.42031633038884,9.41582013096143,7.70360274971624,9.80547619051159,9.21893149046541,8.4772100669625
4421,8.69939452272925,7.91815724130615,8.88363879368603,8.99810415401565,9.04980698668568,9.22170144737194
4422,10.9676731867942,5.60564284352646,8.02521893897171,8.06086993210612,4.21631622607199,7.3635163499851
4423,6.02258085533561,10.6064193351773,9.60592901377254,7.64103461137613,7.00086916501957,4.21522859369004
4424,10.9856715057859,3.49023065076089,6.38333225158828,3.49023065076089,3.49023065076089,9.205262301677
4425,7.75647212542615,9.84445498925152,9.4499647734342,8.60798530321394,7.75279070494858,8.30262056199314
4426,8.89386198684394,9.5081648191029,8.22887451837083,8.14176202349639,9.00150639060957,8.84791993971402
4427,8.75214649991697,8.88456654291514,8.4396090385771,9.12026415617643,8.78711730249881,8.98907121515643
4428,8.90555095613501,9.9222097118383,7.98737150057716,7.61289173200334,8.62649216588939,8.84791993971402
4429,9.31784523132953,7.45464468966116,8.71876764923778,9.46642399094397,8.62649216588939,8.70485737812984
4430,7.20275412193395,8.39294449551152,7.26131524019753,9.55572714844566,9.3186593806332,9.50296289812791
4431,9.35241074990131,8.89042109309895,8.03054526633366,7.70240617908933,9.03921252893583,9.29898621356308
4432,8.25894621672403,8.86388625457261,8.81439510687524,8.8375899770738,9.16391929567537,8.95294944970102
4433,6.8597649607265,9.78443723454709,9.69569059931204,8.58287620592136,8.00268447642648,8.09880205886125
4434,9.79864675667031,8.27250143971194,8.23810794375188,8.97348281942241,8.15292394428822,8.83881190935376
4435,8.24059025182639,9.29746551658403,5.97228315961306,8.43835966616112,10.3544595559257,6.5926991735909
4436,9.384080217413,8.4011738742777,7.67664779245834,9.24663860223749,7.71325671876584,9.48362100282399
4437,9.32438970207958,8.89625195468355,9.19206338851592,8.22763782156977,9.08885679061399,7.57642582370735
4438,9.3778017272255,8.89915856207168,8.71876764923778,6.36528642719352,7.41751333191078,9.84361846531503
4439,7.55543270334039,8.56394043182594,9.19680193514172,8.98721323180277,8.3757772761776,9.53338023090209
4440,9.29136617892886,8.28589889138576,8.80200557961683,8.8007380902349,9.32303260172417,8.05222539127436
4441,8.49401161310413,8.70019825004918,8.72862112067329,9.18602666453552,9.40782184647476,8.08858130441303
4442,8.89092486992073,8.60369494955514,9.72222202970362,9.02231194416267,7.69983284819985,8.20668221217589
4443,7.49462286065942,9.27526910542902,9.01018950074638,9.23517866296836,8.11302186107646,9.06653000758925
4444,9.06778262901842,9.22751372648475,8.83885907883034,8.41415450244521,9.06816195322422,8.03635835041661
4445,8.12023293901801,9.37047523662644,8.73515285916143,7.30491624507385,9.13933020419904,9.33180823761577
4446,8.77463169789487,10.6766716572773,8.08786818474013,7.59861031955576,6.17150688183114,6.79674189062507
4447,9.03623280204178,8.31668290008603,8.48295748793131,8.9926689798548,8.50080181974666,9.3617823392561
4448,9.53464745133991,9.67171930428932,8.3990356886984,8.32174829805212,7.1169908213877,8.5422680698503
4449,8.96540933775701,8.39706506566424,8.17700332079169,7.94164385630354,9.66196308326032,9.09994607238899
4450,9.2958132632611,8.99192892758826,9.66353714618571,7.80542108776261,8.4496874827715,7.67550192476438
4451,8.72601194652879,8.41749282675459,7.60695645003763,7.66178502902173,10.0220734336319,9.04557447356463
4452,8.81857600322986,8.37216283217717,8.91848691566149,9.27825013045326,8.79972817067918,8.6080926079034
4453,8.29051622986644,6.51093686282776,9.12900152485273,9.2166511483216,9.77000169814232,8.18765995965972
4454,7.86842230503818,9.6092155290892,9.42595228287437,9.22362689880963,7.83488493067201,7.56169593115134
4455,9.11887799388661,8.2222817235214,9.85252757533189,8.11195822615287,7.86525034804955,8.7573665956908
4456,9.01750469556316,9.52331051930944,6.61664028386888,7.93598217998994,8.80911441280877,9.40148975561732
4457,9.42322144264257,8.33827516672525,7.57810259412141,8.76291887522545,9.28543044004354,8.84791993971402
4458,8.9930625066261,8.62843364354607,8.88069638476415,8.88823439437136,8.8791136170274,8.63290000703043
4459,9.08587274876332,8.39706506566424,9.20388067893113,9.07982936655355,7.99172061066428,8.81113721357253
4460,8.03755738937271,8.89625195468355,9.93281223058578,8.86164450281779,8.42546994096762,7.54681300370666
4461,8.86121967840377,6.76432013129232,9.66353714618571,6.643944073911,8.92875085540251,9.53526017820615
4462,8.83700660654233,7.74769116346266,9.54406556721825,8.88236778482258,7.73315988332753,9.24716152282836
4463,10.3222789771801,8.10117211031758,7.03514175974356,8.5009851846807,8.40909558266164,8.34615071050326
4464,8.35165148995037,8.79064076779139,8.75457225384644,9.07469432484076,8.35027246129774,9.32964319600174
4465,7.7171269420636,9.42592990318527,8.06728697552835,9.07469432484076,7.94132091717763,9.55947904994245
4466,8.5657764995894,9.5586565635798,8.24270252885058,8.43835966616112,8.16760634734916,9.31220481947178
4467,7.66292950234713,8.2222817235214,9.17054504516305,8.3602705599885,9.67912037012636,8.90139132094775
4468,8.68928481544077,8.86685881401158,8.48295748793131,9.046119865177,8.22955319121685,9.31220481947178
4469,9.01750469556316,8.66987869939837,8.71876764923778,8.04518259713648,9.26511914699777,8.90139132094775
4470,9.11887799388661,9.09184526252788,8.16252585144617,7.64798484059553,9.85850935427056,7.52419456361733
4471,7.21224701740689,8.69016247108751,6.93583007198554,9.53718415248398,9.46631875160165,9.14003776436838
4472,8.38962434895811,9.54573491475434,9.12652010068147,7.87810316641102,9.3295676623006,7.45411287622633
4473,8.10508906801861,7.31302939647798,9.52723579218986,9.47813710859431,8.77758618431712,8.53099875198235
4474,6.42265172519426,9.61982276789979,9.95674972048206,8.78195256627495,7.61653856340897,7.5317738047801
4475,8.03755738937271,9.35150604882574,8.31428798420204,9.63285192291244,8.48135660597566,8.25316566897222
4476,9.48488687550804,9.13439636475595,7.5634548040283,7.99161937921444,8.8338495168249,9.01085824881958
4477,7.54047060287036,8.16542002730294,8.71876764923778,9.60106755085816,8.91142638775966,9.07172163249629
4478,7.89803072692992,9.51764950723738,9.31047000132758,7.40692576256448,9.55449809522539,7.33777827683739
4479,7.96669590524945,8.56027137262288,7.83736172628457,9.07726413234406,9.84792806690264,8.54600499649845
4480,9.50422930005836,9.32149325227753,7.72349165518506,6.48033822397901,7.77215657545018,9.65074803461733
4481,8.32140846748718,8.66305347192691,8.72205963356621,8.74039035497397,9.47616886586289,8.64688616477507
4482,8.11520268216593,8.61080661177079,8.13806810273093,8.31304594096491,9.12186482688125,9.74959559871923
4483,10.2690056707361,8.1262236810968,5.30280361355525,8.72079577939846,8.67863763099962,8.23011166907402
4484,5.58126789361101,9.96443240355384,8.95810583221106,4.08267841278862,9.71616292970688,8.08344355164427
4485,7.74998906671083,7.87148225148677,9.33861225641744,8.90569227293216,8.47350438999335,9.55021217285954
4486,6.04452122729447,9.06103453050198,8.92991817886112,9.97761828479388,7.88908867471811,8.41725831776022
4487,9.61868666685858,9.28418871822754,8.76098765087988,7.95290071136868,8.83078075003027,7.07211694239356
4488,8.49401161310413,9.79695385194412,8.2789403771999,6.7389418649302,8.8820812649089,9.07431044973367
4489,7.47113637666478,9.89917512922114,9.01018950074638,5.09388079125123,9.55821232511363,7.90269076405478
4490,9.12638845488094,9.71027914287304,7.12796629658169,9.05396924563372,7.44194121537868,8.76379770072866
4491,9.78763916230324,8.17024530442477,8.82361783835288,8.06606123156755,7.52048111486984,9.23795525180337
4492,9.29136617892886,10.0570955846586,8.95810583221106,6.79048521650356,8.25726851276109,6.06518271018442
4493,8.66885002995428,10.1169691630026,8.36993819781206,6.61558130764953,8.50850696876514,8.50819204020625
4494,8.13521898702428,10.0803204769399,7.12796629658169,7.45532502909752,9.56745626053201,7.8968420820998
4495,9.07038087329295,8.63890723855149,8.81130769811348,8.82541043745557,8.80286371680923,8.6080926079034
4496,9.2935914357018,8.51928243203201,7.87339590981635,9.01964218051415,9.14675107073679,8.49665178010871
4497,8.74565717234622,9.05583476614877,9.21560188920114,8.56466928289708,8.09264778066704,8.85997511408797
4498,8.04815560541217,9.40563897474495,9.04477129939805,7.80542108776261,9.04451949167614,8.81423855915671
4499,9.96282229221303,7.8232391153066,8.54004141610603,8.93432683483322,8.40083802539797,7.97107829026557
4500,8.71940355365062,9.11202585783449,9.08366891400998,8.97623938621707,7.92412033502941,8.66761402473534
4501,9.30024667292851,9.03484607534494,8.4396090385771,9.0721199276938,8.92299914218389,7.18245790536333
4502,8.97376114089269,9.18528250268096,8.07761440799732,8.46609408872991,9.66196308326032,7.25765883989228
4503,8.25894621672403,8.51928243203201,7.920076764817,9.10018853511402,8.73881840588916,9.59956036433131
4504,8.3430752791469,9.18766142023534,7.76885412647585,9.19551905989845,8.45368442820579,9.23332997629694
4505,8.79990659698743,8.86090755060163,9.08877684928967,8.77246715129757,8.91142638775966,8.18286482967454
4506,8.73913848305618,8.54550093733957,9.40563181432244,8.71089763626698,8.29341087632621,8.81733324383186
4507,9.34813510621634,8.68005628631938,9.21326525857306,7.9806629481248,9.00695375152026,7.90851572721438
4508,7.7171269420636,8.45354785223742,8.25639889883132,9.65193638082192,8.27996364996141,9.40354963398699
4509,8.53599442924926,9.26629396620246,8.80821365972664,8.8069458959839,8.65106180818245,8.54973225118711
4510,8.18886927509712,8.48097942412515,9.00479480335383,8.56466928289708,9.54704081187558,8.53476499860654
4511,5.72696990061232,7.05452088215702,11.1966460856833,4.08267841278862,3.49023065076089,6.12796963130318
4512,8.54723500577343,8.5492077728413,8.68205045617248,9.05917851887016,8.82770543373278,8.99454892667256
4513,9.96002361034345,7.21329895614373,6.67281466004876,6.86443890902852,8.80599245433851,9.73167287246194
4514,5.90721259945099,5.92437901398059,4.58076952023924,7.14665989004964,10.6935807359814,9.47972129500672
4515,7.66981725792292,9.36628137596822,8.79264301698543,8.33470395565799,9.16391929567537,8.81733324383186
4516,7.47900810302046,8.89042109309895,7.70360274971624,9.55018924295689,9.47420421854611,8.37165053588739
4517,8.63764381058081,9.08420410058259,8.97475753884067,8.79762412886497,9.06816195322422,7.82473441343709
4518,9.30907280307382,10.2785265828145,8.10311302896849,3.49023065076089,8.18214038273014,7.51657499324996
4519,6.4714235952122,9.00547831944944,8.79264301698543,9.25574141482087,8.93161812662734,8.96973359779269
4520,8.40206257370191,8.59654799803553,9.12154440099925,8.88530407498004,8.64408457067634,8.9416504327197
4521,8.79990659698743,8.46143891988412,9.35777849111938,8.38539094136709,8.9430305042712,8.519640547437
4522,8.96819865308975,8.97549970808824,8.67866565392771,7.64103461137613,9.30987294200428,8.63991006129859
4523,9.79707937753604,8.45354785223742,7.95411808381218,8.76610866998112,8.76799159638679,8.1635228350041
4524,8.51324657830612,9.27750418732383,8.35304309369109,9.15473747621111,8.80911441280877,8.28035154662049
4525,9.11132819753243,8.85493160696483,8.93843251299731,8.63615544305692,8.79658578621286,8.18765995965972
4526,9.72637190746177,7.12617333217289,8.91273710064498,7.60576881540646,7.77215657545018,9.57052126387323
4527,7.43111481966023,9.73162627437911,7.62822188601598,7.26016426660356,9.3295676623006,9.27892825386794
4528,9.27569246615712,7.58349729127014,9.4910478263276,8.36869282643924,6.87440317482925,9.35328170514141
4529,8.55096245140493,9.61098882917733,6.08189986133939,8.17577001719415,9.30324779435371,8.93026213021582
4530,8.69603249727415,6.51093686282776,8.59494855950104,8.77563589986132,9.91173400137837,8.42133371295167
4531,8.20316041517888,9.08420410058259,9.09640497366653,7.91886203031596,8.77758618431712,9.14988885594883
4532,8.12524566084567,9.03748643657178,8.50223800241806,9.07982936655355,8.78711730249881,8.91300914207397
4533,8.89971832283174,8.96721433054626,8.56592546297323,8.74686310166116,8.66491570556828,8.76058573651534
4534,8.61645762228802,8.9864733033238,8.23349863855445,6.14270806143073,9.46434062858155,9.34258494707655
4535,8.50173645994496,9.45386588952736,8.50987849742096,8.82234939866586,8.83996751321315,8.11399824581784
4536,9.44139759644521,9.39744197140663,7.49562026112424,7.33110938188201,8.80599245433851,8.84489032172708
4537,9.13634191896028,9.82013368903081,7.47227525372253,7.40692576256448,8.69897850880851,8.59372272387249
4538,8.87317533480479,8.68680161446879,8.8569382897996,9.16926307271067,7.78492347542121,8.87490363002875
4539,8.44677142486176,9.14177671372027,8.79889148019856,7.66178502902173,9.44641433581846,8.46146544455375
4540,8.06912047216825,4.94808604438557,9.63763654830442,9.56673956339424,7.68628215243259,9.08204912090017
4541,8.52086919275052,10.8533296032861,5.90198596787001,6.542062570992,7.51281822235448,5.45082077556921
4542,7.99983587057113,9.76226831589233,8.49455674927975,9.09512563731167,8.12811518457739,8.19243915759913
4543,9.25528688722896,9.38298412119717,8.17219367111104,8.68753400968462,8.55016372585641,7.97107829026557
4544,8.41029541429604,8.56760016716486,8.94408091812535,8.63615544305692,9.32084764926204,8.46935927718016
4545,7.24035241989607,8.40527098845108,8.76737460811518,8.82234939866586,8.72235213105926,9.6437947641922
4546,8.72930481022146,7.48602272885893,7.92580662929613,10.0102496421535,8.69897850880851,8.25316566897222
4547,8.72601194652879,9.03220086852163,8.82667901065268,9.11026129418709,7.34162145790367,8.91011345553086
4548,8.75860672944273,8.90495424841522,7.39158745241139,9.01696746255119,9.41603286206667,8.31581841186455
4549,9.2958132632611,8.30795445990652,8.00371402456667,8.81928184326017,8.90560497300094,8.86596509172009
4550,7.51006913326126,8.28589889138576,8.94689684073459,7.74190851327092,9.09398440698364,9.73167287246194
4551,9.65028304101893,7.93527661659207,7.9982871395996,9.16201856960502,8.81222962156966,8.08344355164427
4552,5.93108797904055,5.51217199216302,3.49023065076089,8.65003657007905,3.49023065076089,10.9960274407342
4553,7.86842230503818,8.76537415345068,8.60924369164434,7.74838776865365,9.30324779435371,9.43208315020687
4554,9.56443719664881,8.41749282675459,8.38248064281947,8.73062638002948,8.84301679801773,8.12903551872603
4555,7.88626050545421,8.03920512182947,7.48009930499179,8.9371592460446,9.94047601118491,8.79552955843758
4556,9.43536430028089,7.20387716488521,7.26131524019753,10.2397012346937,8.09776842959313,6.80935030812249
4557,10.0601203217623,8.88456654291514,8.09804935247493,6.58663428379027,9.30324779435371,5.64068833253515
4558,9.05209403525875,8.94206851890447,9.54034255489382,7.73539986544367,7.35025562229439,8.80179292271534
4559,7.51006913326126,10.0544918046326,9.48718519778194,8.33039834886755,7.0965706080028,7.32909485741444
4560,9.20415584084014,6.96795197133498,9.43600612806615,9.35437343541618,8.38417943120001,7.58373436582897
4561,8.84005558423571,10.0583957141568,8.15279260592789,7.0760182721617,8.7934365334793,7.64089841984664
4562,9.0335722106454,8.90205931880494,8.39491474262367,6.86443890902852,8.77439508226396,9.44414104397892
4563,8.85821520097605,9.83234560590277,8.3741311679881,4.89543463319997,9.09909384803032,8.22545620446189
4564,8.35592050754758,8.95329863438652,9.11655146718581,8.59727781768468,9.29659206283602,7.5982405566409
4565,9.2935914357018,7.07536377800198,9.43600612806615,8.33899671994981,8.98227684277895,8.25316566897222
4566,7.51773022478594,9.57691749474932,8.57687777831218,9.90283014689344,3.91236714089699,8.08858130441303
4567,8.52845166931061,8.44561329578513,8.23349863855445,8.9926689798548,8.95153086988337,9.14250685559223
4568,8.40206257370191,9.05061617614364,8.12319127760924,8.65692729021923,7.85922841927598,9.65074803461733
4569,7.32149301374314,9.12201118886775,8.45552352815862,9.62409297040482,8.2107751708675,8.74766579060994
4570,8.90845844415249,7.5167276512944,9.34716205196024,7.76125916129259,9.24451761234847,8.81113721357253
4571,8.78732456797255,8.38881209613992,9.28622061996067,7.86624211478919,9.10164179301733,8.63991006129859
4572,9.1754824370626,8.51928243203201,9.17535473358419,8.44235458732094,6.88637762667106,9.20053076554
4573,7.79476720160052,6.36469857333794,7.81282650165352,8.69089495929991,9.8824075583327,9.44013293912032
4574,8.93436519790899,7.96336324028754,9.36411103461416,9.19315181424125,8.68544988648002,7.47785673545495
4575,8.91714587758715,9.23213062268064,8.6887962941321,9.22825871766552,7.82255663615875,7.94864221704676
4576,7.60660271387759,8.92505754342102,8.69885618836905,8.31740369739676,9.73104667810606,8.26682281325908
4577,8.51706292935481,7.81092071496611,8.71546812523463,8.68078849426846,9.38499743990443,8.90721193888566
4578,7.80105153736395,8.61080661177079,8.99937983826614,8.71420457940604,9.02317338612023,8.96416057170821
4579,7.88033902332612,9.83841300651109,9.22722857018562,7.09656179266438,7.82873401653757,8.80179292271534
4580,8.82782077235566,9.131927827695,8.09804935247493,9.17407259457561,8.63002787826625,8.23011166907402
4581,7.64206545485382,9.481270922698,8.64783911312332,9.56124386807438,8.06153488452876,7.7681728149591
4582,7.72375986276322,9.05583476614877,7.10785550202492,10.4554957187547,7.41751333191078,6.5926991735909
4583,8.91136007805583,9.07908739626585,8.27446024387953,8.96518134353291,8.48135660597566,8.52722262933311
4584,8.25894621672403,9.01086261141079,8.66846326415008,9.52782246531168,8.31114724266114,8.07828737343493
4585,8.84916399890631,8.45749879228528,9.33861225641744,6.51154064590304,8.9571700541757,8.99181267321061
4586,8.78416181797686,7.89500933887883,9.56253780065503,8.83151307566108,7.85318113006207,8.7573665956908
4587,8.82782077235566,8.57852390170195,8.43158533355373,8.98173675335612,8.22955319121685,9.13756443682296
4588,7.82591731618819,8.29033713159439,8.78321921853942,9.48589332703439,6.70874179035933,9.53526017820615
4589,8.11520268216593,8.49257768861116,9.13888472626899,8.66378520414239,8.60509366292263,9.09994607238899
4590,9.18989042563552,8.80621031950842,9.9026831375143,7.08632710230078,6.536350525909,8.32889632549224
4591,9.09610893397278,7.68829969186538,7.47227525372253,8.3602705599885,10.2202611107285,6.48629422183819
4592,8.28156668270776,8.00719025165415,9.40358392782983,9.68600129760728,6.9447779158694,8.40907275122429
4593,9.10880278609554,10.5335049328872,6.33159528171584,7.24186309928311,6.77477569342644,7.24847266934486
4594,8.51706292935481,9.61982276789979,9.56986094486772,8.03462845068507,7.16679597986272,7.72258555201924
4595,8.47843646732053,8.69016247108751,8.7384076568487,8.78510054490942,9.00695375152026,8.57189544272194
4596,8.38962434895811,8.80310983929945,8.75778352317994,8.59727781768468,9.08885679061399,8.59372272387249
4597,9.84337525080355,8.63890723855149,8.46734500427561,8.9143425391621,5.2295798425786,8.39670646210256
4598,9.55704725467791,8.25897807146863,8.79264301698543,8.54251271676338,8.02436443499315,8.62938214460013
4599,7.89803072692992,8.34255501650295,8.69215740392224,9.37540463880381,9.34899698040742,7.86723598631271
4600,8.91136007805583,7.50145750603179,6.71352177095451,9.49553029774405,8.4852667137605,9.40560657384215
4601,8.13024096986739,9.17812210519639,6.51258137620039,8.69089495929991,9.11431439746315,9.24486546061588
4602,8.29941046046826,8.58936540464613,8.39491474262367,9.12772101346082,9.2696575608024,8.28483300514193
4603,8.54349788722002,8.97549970808824,6.96971158842134,8.58649013212462,9.36180591257942,8.90721193888566
4604,8.77463169789487,8.73640929643488,8.36151543530407,9.956842317439,7.47387618163076,7.26678626237118
4605,8.9485591202254,8.22692028209467,8.70884631930328,8.531305274407,8.95998139349774,8.7923876365966
4606,7.74998906671083,9.36837983110265,9.61657584148505,9.1978824247782,7.51281822235448,6.38816555697102
4607,9.15359680325601,9.65118424775899,7.39158745241139,7.32243159213489,7.61653856340897,9.28117074604158
4608,8.28156668270776,6.75137779298277,9.09386674814623,10.4963789054835,5.90934217209267,5.30633312590158
4609,8.52845166931061,9.08675565783144,9.11154117934126,8.3517987200886,8.64408457067634,8.35043217826748
4610,8.21260956909355,8.5268222698544,9.50448612331419,8.9953891289595,8.61226187882883,7.80612710100435
4611,8.45076785062191,8.99736397887291,8.71216102689154,8.63615544305692,8.65106180818245,8.77020022698747
4612,8.68928481544077,6.43159268666248,8.70219393555723,8.42630795565649,9.91608198665575,8.19720252932168
4613,7.67667208697594,8.47709248131454,7.97637231267394,9.74212663362331,9.52063237324426,6.78401999420125
4614,9.12888327140514,8.34682217708085,9.30389687857494,8.40599482098745,8.50465954806679,8.20195017960229
4615,8.91136007805583,8.81854595217002,9.53847743803068,8.39778862430937,6.45775928678011,8.67786716815443
4616,8.17443472235506,9.21357365719444,6.22194072356456,9.41656854797015,8.2709285055778,9.13011889014523
4617,8.49787921681366,8.43362886080234,8.59135249662825,8.84966743251432,9.22361741492881,8.48501828167882
4618,8.85520444615638,8.57125062599,8.57323625318054,8.3895353778496,9.27643850651681,8.37165053588739
4619,7.32149301374314,8.26349999810369,9.30828228837933,9.23977357572575,8.97395641480507,8.2160998340239
4620,7.59940364318553,9.5100667540631,7.95411808381218,8.12693733501375,9.60744002665765,8.11399824581784
4621,7.96669590524945,7.86553975897112,9.58980992216584,8.5009851846807,9.35113972018928,7.8968420820998
4622,7.86842230503818,7.83545271484671,9.80987179551799,9.12523967784591,8.5123441368818,7.78093609079935
4623,9.40069041744338,8.87278560044573,6.92435401966163,6.82794524242332,9.5225348131692,8.61166278868701
4624,8.92864825412879,10.2285851038792,6.10280312593575,7.85428227813826,8.62649216588939,6.8342348332858
4625,10.4099952189674,5.99345060688355,9.29949808915253,6.96859802791732,7.23372277914692,7.40540931305687
4626,9.25300166948706,8.83381845279668,8.34024033016426,8.28216646065897,8.76477914923456,8.50819204020625
4627,9.16822408090631,9.31715425162627,8.88069638476415,9.24663860223749,7.26147153025214,5.61092274829318
4628,6.59373304282261,9.66831703653681,8.91561487571822,9.07726413234406,7.95267461808993,8.27585608726327
4629,8.55468027414811,7.87148225148677,9.12652010068147,8.9926689798548,8.92875085540251,8.35895709371809
4630,8.17926235287928,8.47319501695068,8.19133652065165,9.14006402571809,8.72235213105926,9.15478927174614
4631,7.80730847929063,6.76432013129232,8.58413332185449,7.72886155579635,10.0539884675706,8.98357260573209
4632,7.68349430468552,8.28589889138576,6.12339168452091,7.88986705881114,8.18695260779668,10.4290723401351
4633,7.38994126358254,5.94779744189527,5.13922380258745,8.08152359562244,7.52048111486984,10.7910589756092
4634,7.96109750253352,8.63890723855149,8.46734500427561,7.71569485476574,9.08371086904213,9.5220487865305
4635,8.3601769005549,9.61982276789979,9.14625291307531,7.00168517766975,8.51998793333259,8.26682281325908
4636,9.10119989661218,8.20357646180534,8.7448952754654,8.53878658573374,9.12437287377445,8.153753413942
4637,7.94417021001051,6.78985435587433,9.67376852579105,7.71569485476574,9.66023607424774,8.20195017960229
4638,9.97118590140995,8.30795445990652,9.54406556721825,6.99074155295653,7.32419501359677,7.01898702122838
4639,9.17306704332497,8.61080661177079,7.84947387537659,8.93998610151477,8.05101246934261,9.04557447356463
4640,7.72375986276322,7.5167276512944,9.35777849111938,9.62057443912745,7.99172061066428,8.59732865823123
4641,6.88380768123249,8.48097942412515,8.3316414427982,8.9371592460446,8.66146470260712,9.6227315076036
4642,8.12524566084567,8.59654799803553,7.84343057274451,9.22825871766552,8.15292394428822,9.44813803857229
4643,8.62001036523555,7.98544382057693,8.86886629888593,7.66178502902173,8.61939459634258,9.58873911225266
4644,8.82474576830439,8.40935647470976,8.75135381092924,8.09682143519475,8.96558767357779,8.91011345553086
4645,9.16092899427927,6.85174227420575,8.55488921736102,9.18840562943014,9.63231889929307,5.05122067317236
4646,8.76503812105714,6.6005694240769,8.42351665842835,9.06954092446543,8.46164518384088,9.47385188715865
4647,8.84309812411508,8.97549970808824,8.41540250518471,8.65692729021923,8.80599245433851,8.32019093449818
4648,8.40206257370191,8.13612337420473,6.72683369348392,8.90858146805896,8.89094771533673,9.63505576408741
4649,8.35592050754758,8.38051153607889,8.2789403771999,9.9013810968526,8.3673257873375,7.70929005736656
4650,6.87183733556746,8.03920512182947,7.7168926127835,6.95739539284952,9.19527064378247,10.1887181555095
4651,8.46664353610626,6.62921843028152,8.32299086969219,7.25104302004618,9.66713173597781,9.51253741873338
4652,9.06778262901842,8.33398255187257,9.11404850006005,8.00789897789922,8.53137808456911,8.7247732839594
4653,8.59856125631979,9.23213062268064,8.921353243313,9.09258750436309,7.6236676016236,7.92585021657944
4654,9.22529273253055,9.623341246876,8.72862112067329,8.05565981837144,7.69307350394047,7.4620713487816
4655,8.92290854144979,9.12201118886775,9.09893873761387,7.30491624507385,8.18214038273014,8.7148497464935
4656,8.82166418800354,8.91360430770634,9.78019119218149,7.09656179266438,7.77855422189433,8.15864641945665
4657,7.74347658277047,9.91361479636982,8.55119159406553,7.70240617908933,8.26638956871401,8.58648365725928
4658,9.50230669126957,7.90083138110485,8.50223800241806,8.15156092516817,8.81533810978038,8.63640929868737
4659,9.18989042563552,8.32967709538552,7.64222556919301,8.80384533629539,9.13187093847233,8.43349113013519
4660,8.43471515160037,9.69865229852985,8.69885618836905,7.01254514644709,8.51998793333259,8.51583448289206
4661,9.07038087329295,9.11452868259594,8.9912190535163,8.40599482098745,8.3373485444027,7.57642582370735
4662,9.07297444255341,9.64945972075717,7.54119839924577,8.10188475801824,9.07854651099045,6.78401999420125
4663,8.846134253342,8.6732792243187,7.74310858494339,8.53878658573374,8.56501777180502,9.27892825386794
4664,8.31703568478651,9.66661288796913,8.18657463929152,8.07123385262032,7.58035152386312,9.14743238699516
4665,8.71940355365062,7.74121223670058,8.88657520694136,9.19078067503132,8.77119689680662,8.33322935351103
4666,10.0808788595489,8.20827562860447,8.04640684147591,8.13683742132881,8.08750882979272,8.00951773641785
4667,8.64812118145658,9.37882653915877,8.11819793728019,8.45031132681466,8.61226187882883,8.51583448289206
4668,9.49071689403877,9.83689854762956,8.12816733913292,8.23687065470613,6.61076602319271,7.06164856593993
4669,8.30825005584499,5.77457371622791,10.0302537847091,9.23056905862247,7.69307350394047,7.77456864169096
4670,9.06517969283072,7.35615675733555,9.4910478263276,7.48670495343451,9.08371086904213,8.27134653908322
4671,9.20415584084014,9.07908739626585,8.36151543530407,8.02932217457788,7.75279070494858,8.99727999528551
4672,8.33876793331994,7.07536377800198,8.81130769811348,9.41656854797015,9.30324779435371,7.80612710100435
4673,8.50942008589069,7.49376091970717,7.71026307257155,9.02231194416267,9.30103262932556,9.08204912090017
4674,8.69603249727415,9.43796880186687,9.35989243070383,7.3904217503303,7.84100960546189,8.12404054570927
4675,8.97376114089269,8.69686075261967,8.97475753884067,8.40189757024583,4.78592370004973,9.34258494707655
4676,8.87317533480479,6.75137779298277,8.67527287968541,7.61997942356362,8.17246736220677,9.92329767601213
4677,9.1511444287061,8.35954827227427,7.48788081960167,8.86462328029231,8.92587786820795,8.67786716815443
4678,9.95159483319347,8.94206851890447,8.44360418373101,5.13853548597692,8.82770543373278,6.8465148669387
4679,8.69939452272925,8.95049929864563,7.39158745241139,9.88094003222947,7.33293480444103,7.96550203034427
4680,6.22758497697775,9.93642172306026,3.49023065076089,9.89702519118593,8.55389162551662,3.49023065076089
4681,8.97376114089269,7.21329895614373,9.74342510899583,7.35683094048926,7.42570239747425,9.20053076554
4682,4.6552705660359,3.49023065076089,3.49023065076089,5.30206151732519,11.1444555152892,5.93018817196434
4683,8.59133997784411,7.79224261151799,8.82055014888217,9.6398209820896,8.28894241578867,8.00951773641785
4684,8.77781541376122,8.35531873076555,8.69551068987036,9.39613348452487,8.29341087632621,8.02031420324773
4685,8.03755738937271,7.87148225148677,10.2478734042787,8.82846498729181,7.73973337951031,5.22720061240359
4686,8.82782077235566,7.6542098057023,8.28340660476729,9.65193638082192,8.07198084084304,8.5828504334064
4687,9.23227005376973,9.08930270650701,8.80511296314583,8.19010226810796,7.77855422189433,8.31143256347888
4688,9.66066317959509,7.87740025506093,8.10815893569189,8.8069458959839,8.95153086988337,7.30272334432679
4689,7.7171269420636,8.25897807146863,8.38663728826559,9.51081673001183,8.15292394428822,9.11007401400767
4690,8.3601769005549,9.15885199149805,7.83126711809602,8.96518134353291,8.32430752052254,8.87787086414012
4691,9.14622712816741,7.91240514363607,7.89692597520505,8.29548174407832,9.3054595612065,8.7411621082729
4692,8.68928481544077,8.90784337429257,7.97637231267394,9.20024192159299,8.38836218826462,8.4415394101903
4693,8.03222883392036,6.54145561859809,9.98851607138265,9.22594466837193,7.57300314420884,7.97663299399475
4694,9.20887978191485,8.34255501650295,9.53660990571765,7.64103461137613,7.80386338368892,8.37585692885315
4695,6.93070291411405,8.77806284575272,7.28833754448972,8.82234939866586,9.3702824175013,9.18863353591005
4696,9.04418523593728,8.77490113349239,8.50606331758311,8.25516044691646,8.99054951267371,8.08858130441303
4697,7.17389023559536,7.48602272885893,8.547484452302,9.81011709540766,8.61583265286075,8.72806599759105
4698,8.98482212312654,8.57852390170195,8.39491474262367,8.47001289365371,9.41193319900825,7.2392269812907
4699,9.5365274486848,6.77714493268161,6.48137327805363,7.95290071136868,9.86901357665528,8.17805366074644
4700,8.83700660654233,8.11625536402592,8.38663728826559,8.79137594350277,9.29659206283602,8.06270694795902
4701,8.44276387468176,8.94488426223509,8.26093553436029,8.7882416606865,8.16760634734916,9.04557447356463
4702,9.26665895658622,8.8579226766137,7.7300604806524,8.55363360997353,8.96278725953458,7.90851572721438
4703,9.58092739043998,8.31668290008603,8.58413332185449,7.65490153848725,7.84710826488798,8.9808154143065
4704,9.0335722106454,9.0401219699386,8.46734500427561,8.03991521035314,8.22488161488598,8.77339085233416
4705,8.38962434895811,8.19413182343589,7.68343417601901,8.64657880914501,9.12186482688125,9.26086163147427
4706,8.0639078486539,8.86388625457261,8.50987849742096,8.57197969600233,8.17246736220677,9.31001011738722
4707,8.63061631597021,9.23213062268064,7.27938682149161,8.3517987200886,9.02317338612023,8.65036158758506
4708,8.88798175452254,7.90662991941306,7.62822188601598,9.52406070652196,7.89498694029844,9.00544228778437
4709,10.0949790049872,7.91815724130615,8.30991672535133,6.87639738094837,9.1663552932906,5.83205247386019
4710,7.69028422170097,8.56394043182594,8.26545791079084,9.55203757548654,8.92875085540251,8.06270694795902
4711,8.77781541376122,8.88456654291514,9.87487031516595,6.51154064590304,8.12811518457739,7.39712834351397
4712,8.79677137513933,7.21329895614373,8.95531174664163,8.6942480857978,9.25828462628441,8.11902816213845
4713,8.28156668270776,8.86685881401158,8.72205963356621,8.48558231664466,6.86232663023504,9.4816724672148
4714,8.02688045140244,8.5748918552913,8.90406913419598,7.62703223900767,9.61993311284278,8.16838277304466
4715,4.32491566984269,8.41749282675459,6.67281466004876,7.19505595307646,9.32521424806137,10.1438401966334
4716,9.21123596041138,6.46387312042592,8.50606331758311,8.76291887522545,9.30987294200428,8.09880205886125
4717,9.2958132632611,7.14600012955063,8.50223800241806,9.35225334399766,7.07585316903315,8.85094320137967
4718,8.59856125631979,6.65729530472568,9.36200327551762,9.19551905989845,7.39266098212471,8.90430456858884
4719,8.90555095613501,8.55659294184124,8.68542732385124,8.45031132681466,8.40083802539797,8.73462893362402
4720,8.27707094899638,7.62634201431698,8.26996611771466,8.00789897789922,8.94870298170054,9.66969844857448
4721,9.73785529822025,7.50911293619433,9.38502087479497,6.67174625890897,5.51995926585793,9.03763693169401
4722,6.4714235952122,7.25037586996325,8.26996611771466,9.52594281256228,9.34685105152496,8.78292055264771
4723,6.87183733556746,9.00007383806802,9.38294348355263,8.68078849426846,8.84605964374436,7.69587017245151
4724,8.50173645994496,8.29033713159439,8.60211386078609,9.29821183103223,8.92299914218389,7.61972817969658
4725,7.54797118977985,8.02328682222665,6.01719621164525,9.31354875000616,8.61583265286075,9.7018556590906
4726,8.46269099597603,8.18938614769551,7.06676093588278,9.35225334399766,9.56191701300887,7.5317738047801
4727,8.49013359290078,9.11952133312766,8.00912049424945,7.66178502902173,9.43837499505728,8.23937764597671
4728,9.15604501295802,9.5081648191029,4.41793827270096,7.10672341603038,8.90851861983824,8.7411621082729
4729,8.43874513784764,8.85193431585063,8.547484452302,7.37372500846738,7.65879047911152,9.67311738339019
4730,8.0639078486539,8.91934230337287,8.29672271173763,8.17577001719415,8.73881840588916,9.1862422624425
4731,8.79677137513933,8.44958604011208,8.3011341711061,8.08664098202848,8.9430305042712,8.93881178265331
4732,8.76503812105714,8.61434931813789,9.0604565294711,8.23226164471627,8.46164518384088,8.44554674064493
4733,9.56811801460485,7.76695424477792,8.11819793728019,8.84665754539894,8.3373485444027,8.34185646833168
4734,9.13137377768616,8.5748918552913,6.71352177095451,9.74374476244148,7.70656048722856,7.93729141505638
4735,8.82474576830439,8.75257271984592,8.79889148019856,9.06954092446543,8.08750882979272,7.7681728149591
4736,8.89386198684394,7.21329895614373,7.10785550202492,6.99074155295653,9.65850699460446,9.37023315037624
4737,8.98206482557167,8.60369494955514,8.38248064281947,8.65003657007905,8.61939459634258,8.37165053588739
4738,8.84916399890631,9.96858747911497,8.72534411264742,7.13678026490838,7.68628215243259,6.8465148669387
4739,7.82591731618819,8.50789813146206,9.12900152485273,8.18056331931421,8.40497272499795,9.1523411461311
4740,7.99436534414312,8.77173246785084,8.15279260592789,8.47001289365371,7.71325671876584,9.65594107443371
4741,8.51324657830612,9.05843699303148,8.11819793728019,8.9624035249948,7.85318113006207,8.77339085233416
4742,8.81548118557784,9.73488258292901,7.62822188601598,7.02332274735727,9.1168356040421,7.30272334432679
4743,8.16473057697634,8.72662347687076,8.81747591439711,9.00081407431023,7.4009931801432,8.96136595653722
4744,9.10880278609554,7.77965412660039,6.87749772298247,9.66565905535758,5.58319610432995,9.20053076554
4745,8.0639078486539,5.57523304067769,9.02358856179944,9.33303091770716,8.95998139349774,8.49278438150814
4746,9.32873623738819,7.96336324028754,8.26996611771466,9.38165464271821,7.93561024179363,7.78727541428583
4747,8.31703568478651,5.85157315336121,8.99666470758796,8.84966743251432,9.14675107073679,8.70819587448727
4748,7.19319760850786,7.88916360056415,8.79889148019856,8.14176202349639,9.60205253681078,8.79866464390281
4749,6.81041870004291,9.61806030399839,7.87931466663728,6.55707775482191,8.89682851980187,9.29010599717895
4750,8.44276387468176,8.75257271984592,8.344520584446,8.68753400968462,8.91142638775966,8.38005106515911
4751,8.71608795484169,8.56760016716486,8.82055014888217,8.25516044691646,8.79658578621286,8.35895709371809
4752,8.91425588139731,9.20185307294094,8.3741311679881,7.21396353365021,9.2719214215351,7.32909485741444
4753,8.61645762228802,8.17024530442477,8.99666470758796,8.90279727380046,8.49305521784954,8.22545620446189
4754,8.85520444615638,7.02267232630773,9.23876223546936,9.2443538903106,7.88908867471811,8.1635228350041
4755,7.64905392772322,9.43596928597872,8.48295748793131,8.20899246745331,8.27996364996141,8.85997511408797
4756,5.69909863723584,5.57523304067769,6.74002116210801,9.11776994046006,9.20240976140222,9.92186143787493
4757,9.06517969283072,7.77965412660039,9.09132404529961,9.09765930900577,7.5281032179476,8.16838277304466
4758,9.35241074990131,9.270788519822,7.89107950107066,7.61997942356362,8.21549270497432,8.31581841186455
4759,7.40655320063087,8.09102798332976,8.22423548739053,7.69571538629944,8.53892177344408,9.96433837240616
4760,7.88033902332612,8.02861253371777,8.27446024387953,9.63459734756716,8.81533810978038,8.05222539127436
4761,7.87439302478316,8.99464901514158,9.18492623625956,7.5400171570367,7.57300314420884,9.25858730170613
4762,9.19466126573403,8.77173246785084,8.05688481773718,8.5200099226607,8.22019481939496,8.4772100669625
4763,8.12524566084567,8.57852390170195,8.08275043738614,8.97623938621707,8.14305173695282,9.20762225906434
4764,8.78416181797686,8.96721433054626,7.15760987326319,8.60798530321394,9.49373126695315,6.85868927763479
4765,9.02823624897118,7.61220228250213,8.11819793728019,8.98173675335612,8.85212612646935,8.44554674064493
4766,8.03755738937271,7.99635816903275,8.69551068987036,8.88236778482258,9.21187392149552,8.28483300514193
4767,8.89679312972101,9.00277861190386,8.85992956117552,8.82234939866586,7.0965706080028,8.03635835041661
4768,8.64463718549815,8.51549765674502,8.53630542207855,8.86164450281779,8.66491570556828,8.21139872975111
4769,7.64905392772322,9.21590638275871,8.55119159406553,5.77508374117995,7.26147153025214,9.84967397664884
4770,9.02823624897118,8.5268222698544,8.75778352317994,8.21834535169846,8.17246736220677,8.61166278868701
4771,9.3965557715829,7.79849569060542,8.83885907883034,8.9624035249948,7.41751333191078,8.10895067325652
4772,9.48293828619936,8.00178441569343,7.33226852055236,7.31370076611905,9.56929795813848,7.97663299399475
4773,7.78211537669314,8.89333947296565,8.91273710064498,8.85566841127976,8.80286371680923,7.70259580983172
4774,8.69266260715658,9.03484607534494,8.67187209574815,8.36869282643924,7.99721299897741,8.49278438150814
4775,10.3036355457619,7.43869382386202,4.41793827270096,7.5548916486275,5.80929157946183,9.19102084945771
4776,8.63413434906578,9.18051285822395,7.61408004369763,8.35604087325188,9.37870938138724,6.94110093146803
4777,7.63504274762969,8.80310983929945,8.49070070180071,9.4427083940295,7.04420012643502,8.81113721357253
4778,9.56811801460485,7.27756473448571,6.48137327805363,7.64103461137613,8.92875085540251,9.22403466888142
4779,9.38825074048851,8.06535005094243,8.41132821314652,8.00249290916485,8.58337244081715,8.51583448289206
4780,9.61335263923412,9.65634548986614,7.57810259412141,6.34804598348791,7.82255663615875,7.56907980846617
4781,8.82474576830439,9.22056054075068,8.54004141610603,7.46323475122498,8.4496874827715,8.37165053588739
4782,9.05995967665956,5.37581942822197,8.84188807676674,9.09004489440833,6.17150688183114,9.28564529358332
4783,8.62355436656335,8.9392472635071,8.55119159406553,7.91310967056646,8.73554017261855,8.45352809353755
4784,9.26212088723921,8.40527098845108,9.38916669977372,6.75200516342642,7.35883793402311,8.57555637299231
4785,7.23104534096481,8.66305347192691,7.27037962827338,9.046119865177,9.34039403493367,8.61166278868701
4786,8.50942008589069,9.07137812261592,7.59979727073429,8.93148884597665,8.35455477257169,8.50819204020625
4787,8.91136007805583,8.91360430770634,7.24301190962848,8.68753400968462,8.70904224723075,8.35470094757965
4788,7.88626050545421,9.22751372648475,8.76098765087988,7.13678026490838,9.3054595612065,7.83700663855919
4789,8.19364878170633,8.6732792243187,10.2073666833518,5.66489888983902,7.68628215243259,6.97500510684151
4790,8.52466542178063,6.9454594081704,8.03054526633366,9.45065701041228,8.5797201731119,8.76379770072866
4791,8.77463169789487,5.4458356033442,8.34878814721532,7.21396353365021,9.18569649066127,9.51444471778397
4792,8.78416181797686,8.8757398776272,7.65609378327802,8.17577001719415,8.49305521784954,8.98357260573209
4793,9.4313280324277,8.08592895450787,8.65129704332757,8.69089495929991,7.97511636040425,7.8968420820998
4794,7.18357660860687,8.09102798332976,6.8534753737588,9.95125114189951,9.11431439746315,7.54681300370666
4795,9.25300166948706,9.23213062268064,7.62822188601598,7.43937319107438,8.77119689680662,7.94297802587515
4796,8.69266260715658,10.0917941763812,6.1833646991275,8.08664098202848,8.35027246129774,6.37111732081821
4797,9.15604501295802,8.97274320446682,7.73659936617821,8.12693733501375,8.81843990641138,7.94297802587515
4798,7.66981725792292,5.72064128635977,9.13888472626899,7.21396353365021,10.3143969217949,3.49023065076089
4799,8.902637590308,8.20357646180534,8.66504634665435,9.20494936156592,8.29341087632621,7.45411287622633
4800,8.62708966925321,9.34938287328962,7.59979727073429,8.5237848929065,7.95267461808993,8.64340233628727
4801,8.43471515160037,8.68680161446879,9.85252757533189,7.73539986544367,7.24303244733131,7.69587017245151
4802,9.14622712816741,7.57623028595481,7.41627525247764,7.37372500846738,8.74535257867328,9.52394355490715
4803,8.47058525531772,5.04705783818825,9.34716205196024,5.99399215606051,8.22488161488598,9.73494816054862
4804,9.28018808382474,9.12449675144108,8.51747866535857,8.01865049076723,8.0823514452248,7.4620713487816
4805,7.64905392772322,8.40527098845108,7.87931466663728,8.60085583154619,9.16878718150723,9.01085824881958
4806,9.56443719664881,8.44958604011208,9.03950472840078,7.61997942356362,7.86525034804955,7.57642582370735
4807,7.43920919048163,9.57328376080211,8.6887962941321,8.36448785352402,8.48135660597566,7.73575895396155
4808,9.3903314871516,7.06498050392835,8.20081325102695,8.41415450244521,9.21423028544433,7.7552950034568
4809,7.81974113439573,8.20827562860447,8.45156136762802,8.9540378004202,9.55635640599112,6.97500510684151
4810,9.26439170744443,7.22265891508273,9.20623255722267,7.9015353778139,8.38836218826462,8.30703330766538
4811,8.17926235287928,8.83988241496334,8.83582370030746,8.23687065470613,8.53892177344408,8.50819204020625
4812,8.76503812105714,8.42558345138515,7.9597140377542,9.00621867721955,7.91253778628556,8.84489032172708
4813,8.55468027414811,7.76695424477792,8.02521893897171,8.61153684851225,8.15783475149922,9.47581101217089
4814,8.08464589572231,9.16127488972615,7.70360274971624,7.99706642804673,7.41751333191078,9.57052126387323
4815,8.90555095613501,8.0549490700293,7.59979727073429,8.71420457940604,8.96278725953458,8.57920802087607
4816,8.52086919275052,8.33827516672525,8.82361783835288,7.88399715747824,8.90268542340146,8.57189544272194
4817,8.11015476677543,7.69502149145313,7.8554918493158,8.89115876725684,9.63934902164451,7.9821663082058
4818,8.66541587059315,8.96166416511476,8.02521893897171,8.64657880914501,8.35455477257169,8.42945005450532
4819,8.57312676878602,8.61080661177079,8.29672271173763,8.59727781768468,7.98620715041415,8.99727999528551
4820,9.27118278651241,7.71499992136036,9.1065134163091,8.81928184326017,4.21631622607199,8.56454554508081
4821,8.33011437407417,8.41749282675459,8.43158533355373,9.20259756299287,8.30673360284163,8.31581841186455
4822,7.82591731618819,8.97825094977113,8.38663728826559,8.41008044306583,8.02973371055611,9.14250685559223
4823,7.75647212542615,8.99464901514158,9.85402790778811,6.79048521650356,7.73315988332753,7.98767839763957
4824,8.902637590308,9.00277861190386,8.23349863855445,9.18602666453552,6.73552728359426,7.94864221704676
4825,6.87183733556746,8.45354785223742,10.4157473777269,6.08094631865249,6.58147166991009,7.81855873563534
4826,9.08843861775726,8.41749282675459,8.23810794375188,8.09682143519475,8.49693372831939,8.67103985440168
4827,8.28604841393844,7.24119658081025,7.8554918493158,8.7692914183037,9.46434062858155,8.61877671076235
4828,9.2958132632611,7.91240514363607,5.09455385569348,7.60576881540646,9.89714531608494,7.46998580584812
4829,8.08464589572231,8.7461290946232,9.09893873761387,8.33470395565799,8.74860858548301,7.80612710100435
4830,8.03222883392036,9.11202585783449,7.81282650165352,5.30206151732519,8.82770543373278,9.43208315020687
4831,8.31703568478651,8.06015896687345,8.91561487571822,9.17647135172762,8.46560911598275,7.80612710100435
4832,7.87439302478316,8.38466779928264,8.95810583221106,8.54251271676338,7.35025562229439,9.27443277842777
4833,9.30907280307382,6.75137779298277,8.5437677428501,7.94164385630354,8.47350438999335,8.98632453265369
4834,9.29803167216639,7.90662991941306,9.52346901737936,7.7803523336753,6.48972767104649,8.22078562569077
4835,9.14376217354841,8.33827516672525,6.25946671218455,9.04086309645528,9.00423264456081,7.70929005736656
4836,9.10880278609554,8.29033713159439,8.4396090385771,7.92459144679159,9.31207457663908,6.95249255256478
4837,8.18407383446021,8.00719025165415,8.65818809965205,8.62213924044087,8.67863763099962,8.82657761734459
4838,6.08736943513696,9.19003641864914,7.2244707421488,9.74536107777489,4.78592370004973,9.00000589868048
4839,6.83530692815171,8.98373772748977,9.47748311531949,8.32174829805212,7.35883793402311,8.59732865823123
4840,8.13521898702428,8.0549490700293,8.38248064281947,9.55018924295689,7.91253778628556,8.38840285269277
4841,8.51324657830612,8.0549490700293,8.32299086969219,7.81162045832957,9.26739013969792,8.70485737812984
4842,8.87911617092722,7.6542098057023,9.14380103296378,8.82846498729181,7.88316608632533,8.10895067325652
4843,8.28156668270776,8.37634323706695,9.07854281391537,8.2506097498987,8.58701547012907,8.37165053588739
4844,6.33736784158635,9.82013368903081,7.30607240963073,8.67740385440233,7.99721299897741,8.61166278868701
4845,8.2725611248023,5.4458356033442,8.39491474262367,7.94728330859426,9.18329298426857,9.42195730387801
4846,8.28156668270776,7.85957257305444,9.57350861826527,8.00789897789922,8.77439508226396,7.65484019741276
4847,8.23132369341348,8.68680161446879,9.07081932049484,8.50862526889877,8.31554738735549,8.06791920687352
4848,9.50998179375898,7.43869382386202,6.33159528171584,9.6188119489809,7.5051140981682,7.95990404559328
4849,8.05342555510324,8.49642310830684,8.47907020935325,9.06954092446543,8.80286371680923,7.85522050756259
4850,8.79990659698743,8.86982525424571,8.3990356886984,7.89571306739893,8.46164518384088,8.48501828167882
4851,7.69704214422843,8.19413182343589,8.55119159406553,8.77246715129757,7.69983284819985,9.40354963398699
4852,8.71276470763469,7.52430208532681,9.05785414893846,9.37122286772186,7.87124712917755,7.35498839312037
4853,9.18030111745303,5.63535581534401,5.82780817418412,8.68753400968462,9.68082492538066,8.12404054570927
4854,9.27343938958148,9.10197087550092,8.84491072091732,7.40692576256448,7.0965706080028,8.03103017525307
4855,8.1695908337906,8.40935647470976,9.52723579218986,8.60085583154619,8.40909558266164,6.6640482555406
4856,7.22167714582969,7.31302939647798,9.11154117934126,8.76291887522545,6.52098146798012,9.65421213808927
4857,7.69704214422843,6.62921843028152,8.96645573407607,7.63405052206476,9.30324779435371,9.13011889014523
4858,8.5322279877885,9.09184526252788,8.59135249662825,7.46323475122498,8.11302186107646,8.77975098413988
4859,9.38616698681189,8.43763476751851,7.30607240963073,8.47001289365371,7.80386338368892,8.7923876365966
4860,8.59856125631979,8.44162955863129,9.02891350270091,8.06606123156755,8.39253282630083,8.38005106515911
4861,7.23104534096481,8.35107672365804,8.9355999870512,9.00351890902146,8.78394726339699,8.09370076340204
4862,7.4868367736628,8.35531873076555,9.13395159544404,9.04349387725803,7.88908867471811,8.48111946726656
4863,7.91550716158689,7.7605619072092,6.84130960684368,9.07726413234406,9.6654109091967,8.07311263669283
4864,8.12524566084567,9.03484607534494,8.12816733913292,9.2328757031175,6.17150688183114,8.74766579060994
4865,8.88503261607018,7.8232391153066,8.5437677428501,8.75330689819099,6.95617486878963,9.13260501439819
4866,8.02688045140244,8.75257271984592,8.58051011910662,7.860274647804,9.02853962259395,8.49665178010871
4867,8.74890548978313,7.53183666533435,9.28399577178797,7.99706642804673,8.10287090690437,8.71152665205475
4868,8.28604841393844,8.91934230337287,8.76418466868312,7.80542108776261,8.49305521784954,8.53476499860654
4869,8.37287107495412,8.84893077730497,8.81130769811348,8.5900950127124,7.43384484793282,8.54973225118711
4870,7.69028422170097,8.76537415345068,9.26381611332147,8.30867494864148,6.59619523272178,8.97528515702334
4871,8.72601194652879,6.76432013129232,9.80367380606992,7.68223942622211,8.60868223028123,7.21112488451485
4872,8.62708966925321,8.6178833320342,8.14299304020483,7.3904217503303,8.73225446284672,8.98907121515643
4873,7.44725802222059,8.10117211031758,8.92991817886112,6.93472128687779,9.3186593806332,8.87787086414012
4874,6.83530692815171,9.14422845710643,8.71216102689154,7.79919482706418,7.99721299897741,9.1981591612882
4875,9.54775625133428,7.94657723859076,9.09640497366653,7.93598217998994,7.30655336520854,7.78727541428583
4876,8.62001036523555,8.80310983929945,7.64917644483774,8.70426088919812,8.60149613212473,8.30262056199314
4877,5.90721259945099,4.58000949021127,9.15114419781374,7.88986705881114,6.19124239789009,10.2194390000545
4878,7.99983587057113,8.00178441569343,8.3316414427982,9.34160587227151,8.68204778560509,8.05747572243613
4879,8.10000545973488,8.03920512182947,8.344520584446,8.86759591293916,9.43837499505728,7.10306775497543
4880,8.89971832283174,7.7605619072092,8.04113907319881,8.62916439056151,9.39749188331353,7.05110257536922
4881,7.74347658277047,8.46143891988412,8.42351665842835,7.51741168588756,9.04980698668568,9.06131961627519
4882,9.50998179375898,6.54145561859809,7.38326254914669,8.75972200272471,8.12811518457739,8.81733324383186
4883,8.35592050754758,7.01189557400118,9.36831733167087,9.06177611258225,7.85922841927598,8.04166684819051
4884,8.98482212312654,7.95219439089341,9.13642027107218,8.31304594096491,6.9447779158694,8.60092558711637
4885,8.02151209316844,8.9864733033238,8.79264301698543,6.57193385065323,9.44841718702529,7.14331580378719
4886,8.58408230997068,8.69351550500952,9.42191103419901,7.88986705881114,8.3023063846546,6.74515209149872
4887,7.80105153736395,8.69016247108751,8.41540250518471,8.63266415827942,8.24808926649626,8.85997511408797
4888,9.75571789613767,8.84893077730497,7.13791618723393,6.18238884119731,8.82462353988181,7.22992099091321
4889,8.64812118145658,9.08164801875701,7.35799295438366,9.00081407431023,6.39153799277266,8.7573665956908
4890,8.10000545973488,8.03920512182947,9.76432097374698,5.60612627757858,6.3572078049491,9.21936444362636
4891,8.35592050754758,4.71811471559459,6.14367532553498,4.21334402504749,10.7028367031152,3.49023065076089
4892,9.18749907186767,7.62634201431698,8.3186460056061,7.59861031955576,8.93447970460574,8.46541777076001
4893,8.35592050754758,7.38142195637135,9.18253931174941,9.22825871766552,8.3023063846546,7.11323691753358
4894,8.93150956082342,7.95219439089341,8.05688481773718,9.39613348452487,7.38427994490824,8.1635228350041
4895,9.03888849137446,9.06103453050198,8.49455674927975,8.27322065705497,6.80034819897956,8.1635228350041
4896,8.26803712128911,7.17523239243271,9.29949808915253,4.50270031620481,9.80949112734286,6.96379345901084
4897,6.38916284439067,8.42961177632011,5.26394015144231,10.5964766669392,5.30879708818961,5.93018817196434
4898,8.08978400316586,9.10700713380782,7.76885412647585,8.8069458959839,8.4774358508068,8.14391717735965
4899,8.02151209316844,8.68680161446879,8.25639889883132,8.77246715129757,8.21549270497432,8.70151112707203
4900,8.72930481022146,8.16542002730294,8.22887451837083,7.91310967056646,8.96278725953458,8.56822518267096
4901,8.57678788346079,8.5268222698544,7.9652882818913,7.59141588482874,9.42826237477055,7.95990404559328
4902,7.79476720160052,6.22038579273727,9.19206338851592,8.59369089293028,8.86718153040805,8.61877671076235
4903,8.81548118557784,7.43065120213671,9.3953631718035,8.85865955502888,7.79126458822492,7.17277270432983
4904,7.43920919048163,6.46387312042592,9.58258763806946,5.41176625921135,9.86901357665528,6.90636666504437
4905,9.04418523593728,9.40972006783926,8.44360418373101,7.91886203031596,6.80034819897956,7.74230057074752
4906,9.05734256241591,8.85493160696483,7.51859066997967,8.12196161551116,8.87315992368717,7.6478862557902
4907,8.52086919275052,7.88329397161297,8.60211386078609,8.56100011341057,8.69897850880851,8.41317135252611
4908,9.62223175594098,8.84893077730497,7.82514652746457,7.37372500846738,7.55072910689198,8.20195017960229
4909,4.72203453028519,10.5089915255056,3.49023065076089,7.93029810305837,8.40083802539797,3.49023065076089
4910,8.32140846748718,9.11452868259594,8.58774743249677,7.44737134090316,9.02853962259395,7.33777827683739
4911,8.56208724916848,8.03391858520372,9.3235270238481,8.15156092516817,8.28446003607146,7.90851572721438
4912,7.96109750253352,9.15399394403501,8.07761440799732,8.24146494640995,8.48916623194669,8.51201833171709
4913,9.28018808382474,8.99464901514158,7.44854312671498,6.96859802791732,7.55819233427848,8.95576041675509
4914,9.14376217354841,8.66305347192691,9.27506188651682,7.61997942356362,7.4499920227725,7.24847266934486
4915,9.00940326720457,8.28589889138576,8.79889148019856,8.9707209702659,7.06538022369333,7.67550192476438
4916,8.38545427516482,3.91050356568282,9.99124558187954,8.48558231664466,8.46164518384088,4.41990936131352
4917,7.92704109878584,8.78121763512207,8.7448952754654,7.36530293398821,8.21549270497432,9.07172163249629
4918,7.2587864167521,8.36797025072479,9.34502935137802,8.18534070104628,8.13809010350552,8.66073782576051
4919,8.47843646732053,7.73470392032503,8.79264301698543,8.32607982231907,8.71903617062951,8.48111946726656
4920,7.56285555139322,6.01571292340272,7.39986416599397,10.3553389624904,5.05340238401777,8.38840285269277
4921,9.27794202725138,8.01794130395406,7.15760987326319,7.9015353778139,7.63782018168363,9.34258494707655
4922,9.72307407394312,7.13612122781297,8.50606331758311,8.07123385262032,6.19124239789009,8.70485737812984
4923,8.2078927505892,8.86685881401158,8.50223800241806,7.15647147429919,8.96278725953458,8.41725831776022
4924,6.97609718511574,8.09102798332976,8.76737460811518,8.24146494640995,6.69515577646337,9.7576692397385
4925,8.08464589572231,8.59296117881644,8.14790116970649,8.4971498870754,8.52379466956313,8.77339085233416
4926,8.90555095613501,7.61928958466468,7.86745265810681,8.63615544305692,8.76155952336645,8.519640547437
4927,7.77574739345164,5.92437901398059,8.55857737102929,8.5009851846807,9.42826237477055,8.64340233628727
4928,7.38156235615357,8.29476172505811,8.63741523444586,8.81620774339855,8.39253282630083,8.76058573651534
4929,6.26515569720567,7.48602272885893,8.4396090385771,8.64657880914501,7.95831799960982,9.72180214018578
4930,8.40206257370191,6.18182270925293,9.15845014701059,7.79919482706418,8.10287090690437,9.26992324188543
4931,9.2507128237701,8.07052245808537,6.8655374847741,9.66224060900164,6.2858911802217,7.70929005736656
4932,8.21731097240586,8.5268222698544,8.45156136762802,8.77246715129757,8.18695260779668,8.42539760356393
4933,9.00669264014309,8.29917275565509,8.39491474262367,7.74190851327092,7.81635255966547,8.91589902192255
4934,8.87317533480479,7.36462820673368,8.72862112067329,8.5900950127124,8.56501777180502,8.05222539127436
4935,6.10829956099708,10.0387696378083,8.36151543530407,4.21334402504749,7.30655336520854,8.81113721357253
4936,8.61645762228802,8.11625536402592,7.88520913055873,8.65003657007905,8.68884397163196,8.51583448289206
4937,8.10000545973488,8.47319501695068,9.34502935137802,9.08749779161205,7.63782018168363,5.83205247386019
4938,8.73913848305618,8.68343289851251,8.66162130475055,8.09174021898054,7.65879047911152,8.51201833171709
4939,8.58771571552826,8.08081177765473,8.04113907319881,9.01696746255119,7.65183440542811,8.79552955843758
4940,7.32149301374314,8.18462476310572,8.04113907319881,8.19957837584144,9.03655170222411,9.10501893804948
4941,6.84758876991783,9.58776407980288,7.38326254914669,7.89571306739893,8.35027246129774,8.85697076216958
4942,4.32491566984269,3.49023065076089,4.3227677601237,10.5657070330073,8.64408457067634,6.43809255529115
4943,7.79476720160052,7.70171193500792,8.98848849121479,7.67545366048913,9.15658650685997,8.51583448289206
4944,8.12524566084567,6.86380155052363,8.76737460811518,8.62213924044087,9.44841718702529,7.27585569124446
4945,8.01071484650326,8.6732792243187,8.79264301698543,8.9926689798548,6.50544183105969,8.50819204020625
4946,8.47058525531772,9.1828996530205,8.05688481773718,8.63963828598266,7.94132091717763,7.83700663855919
4947,3.91191561034864,9.88605465989016,9.11154117934126,8.45031132681466,4.65646275287189,7.37199372696085
4948,8.63061631597021,8.53805851828434,7.86745265810681,7.77401612610903,9.26739013969792,7.8968420820998
4949,8.79677137513933,8.09102798332976,8.62691537002575,8.29105699218347,8.38417943120001,8.29375426751701
4950,7.69028422170097,8.82161342973762,9.74988691184462,8.14666981988601,6.66758429869505,7.34640924347289
4951,8.26349884877543,7.66794316501464,9.12403439766164,6.9797129533348,8.74860858548301,8.79552955843758
4952,8.13024096986739,7.05452088215702,9.14625291307531,9.06695729862934,8.67863763099962,7.12333396449979
4953,8.74565717234622,7.90083138110485,9.34075446300704,6.44842329021879,8.63002787826625,8.04166684819051
4954,9.24612420217337,9.4578129270982,8.06728697552835,7.04463584911598,7.60217321536483,7.28486786638948
4955,7.88033902332612,7.13612122781297,5.37702885777875,9.47033894473394,9.73597398794218,6.28258802680719
4956,8.42255706079186,8.76537415345068,8.89243014395197,7.86624211478919,8.48916623194669,7.73575895396155
4957,7.75647212542615,8.24074689275773,7.04575979254189,8.08664098202848,9.55635640599112,8.58648365725928
4958,8.26349884877543,8.15084629785077,8.89243014395197,8.12693733501375,8.91142638775966,7.84310363642582
4959,8.74240151453581,8.37216283217717,7.78786462531746,8.02932217457788,8.61583265286075,8.72147302739736
4960,8.51706292935481,7.66109292774253,8.85093705422156,8.44633845382625,8.46956216479426,8.32889632549224
4961,9.6275331027254,6.95675024692098,6.4494524389796,6.33058882636116,4.421285932026,9.88400823600632
4962,5.22790408072017,5.77457371622791,9.42191103419901,8.34327671830986,9.73924953353653,6.51752926279333
4963,8.97376114089269,8.24989135869126,7.920076764817,8.84966743251432,7.47387618163076,8.50819204020625
4964,9.45139732867321,9.10197087550092,7.62822188601598,7.99706642804673,7.60937388813876,7.26678626237118
4965,8.86421790459207,4.89508519762384,9.81758201272653,7.04463584911598,8.16272884795647,7.83088363883461
4966,7.97227258004244,8.21762816035195,8.51368359559896,9.08239004373179,8.44166014797445,7.92585021657944
4967,7.54797118977985,8.7685568181357,8.2789403771999,8.58649013212462,7.95831799960982,8.90430456858884
4968,7.37313405190207,8.6732792243187,8.74165511793481,8.89989644727222,8.26638956871401,7.9931694251337
4969,8.54723500577343,7.98544382057693,8.12319127760924,8.63266415827942,8.05101246934261,8.89554709813947
4970,8.48624509983325,6.25789943528745,6.31391215543096,5.924910965286,10.4782092747449,5.344059271782
4971,7.74347658277047,8.80310983929945,7.99283968398616,7.16621595977127,8.4774358508068,9.28340975567776
4972,8.32140846748718,7.67476083213424,9.15358363061884,9.3920114870617,7.41751333191078,6.5926991735909
4973,8.29497021685611,4.58000949021127,5.2237926083785,8.63615544305692,7.29765014878615,10.1026007766636
4974,8.31264957480225,8.41343039901184,8.3186460056061,8.8705624260873,8.68544988648002,7.4380618907418
4975,8.21731097240586,8.79376816651786,8.76737460811518,7.94728330859426,8.49305521784954,7.94864221704676
4976,8.45475321367752,8.43362886080234,8.13312624140302,8.95962034216974,8.07198084084304,8.15864641945665
4977,8.95138120643005,7.7605619072092,8.06209530505972,7.10672341603038,8.50080181974666,9.11007401400767
4978,8.41848143859603,8.32102734779976,8.9355999870512,6.34804598348791,8.93447970460574,8.26228482012476
4979,7.84428802676965,8.80310983929945,8.25639889883132,8.57197969600233,8.48916623194669,8.25773246915855
4980,8.17926235287928,7.42256310719486,9.07854281391537,8.61507965790828,8.56131859902022,7.9931694251337
4981,8.83700660654233,8.4011738742777,8.68542732385124,7.91886203031596,8.30673360284163,8.02031420324773
4982,8.29941046046826,8.83988241496334,7.97084098469456,8.85267104576423,7.47387618163076,8.47329002301066
4983,6.56414182127948,7.30424545748751,8.66504634665435,8.54622923147948,3.49023065076089,9.91176752493362
4984,9.19704077820852,7.17523239243271,8.84491072091732,7.64103461137613,6.00246212979823,9.13756443682296
4985,9.19704077820852,6.89937529971251,8.2789403771999,8.74039035497397,7.47387618163076,8.62938214460013
4986,7.74998906671083,7.94093803865207,9.85851956343271,7.06563420535307,7.43384484793282,8.31581841186455
4987,8.02688045140244,9.05061617614364,8.24270252885058,8.02399623686974,7.79757780913754,8.77975098413988
4988,8.9930625066261,8.53805851828434,7.51859066997967,6.96859802791732,8.12310165836782,9.09740292917304
4989,7.39827135492043,9.88458943488516,6.24083123533114,7.47110099454928,8.58337244081715,8.02031420324773
4990,7.81353826635321,8.65962869264513,8.00371402456667,8.72735696089438,7.35883793402311,9.06392716621619
4991,7.80730847929063,9.52707221843495,7.23377144542418,9.10523371283579,7.99172061066428,6.45434535179683
4992,7.37313405190207,8.57125062599,8.598535666028,8.10693031344858,8.24808926649626,8.9501329893686
4993,7.94417021001051,8.34255501650295,9.54220526255006,7.58418514608638,8.35455477257169,7.40540931305687
4994,8.2219970612404,9.25045176084778,7.98737150057716,7.51741168588756,8.5123441368818,8.21139872975111
4995,8.69939452272925,7.71499992136036,8.10311302896849,9.10523371283579,8.76477914923456,6.8827285193275
4996,8.70943377661069,8.34682217708085,8.03054526633366,8.5200099226607,8.0667673502917,8.49278438150814
4997,8.85218738762754,7.25949649237138,8.21491230511047,8.57197969600233,8.97395641480507,7.68911284772394
4998,9.227622260313,7.68829969186538,8.45947481476303,8.05043075300581,8.43762963357258,7.84310363642582
4999,7.87439302478316,9.02955079826742,7.42441071536327,9.03822750522509,8.54642615098556,7.37199372696085
5000,8.7027487201989,8.44561329578513,7.78155573070428,8.96518134353291,7.92412033502941,8.04695581390346
5001,7.74347658277047,7.59072762567123,9.43800851236774,8.14666981988601,8.50465954806679,7.92585021657944
5002,4.21555013477111,5.47943670696888,8.11819793728019,4.65183681203331,10.6367619561386,4.08423288932377
5003,9.3986245765286,8.16542002730294,7.0976925662284,9.22362689880963,7.39266098212471,6.91803953748859
5004,8.55838852364868,7.47824247770215,6.61664028386888,8.47001289365371,9.28543044004354,8.47329002301066
5005,6.354848212934,8.89042109309895,8.13806810273093,9.09765930900577,8.61939459634258,7.6478862557902
5006,7.62089326817761,7.33043686781264,7.60695645003763,8.9200806714491,9.08371086904213,8.65382864524462
5007,8.67569388468545,8.53432283515907,8.08275043738614,8.45822433426271,8.30673360284163,8.03103017525307
5008,7.43920919048163,6.49542429289939,8.20552830630752,4.9484466941695,10.417149904781,4.08423288932377
5009,8.78732456797255,8.48485590214892,8.29229768695611,8.51622503024375,7.88316608632533,8.03103017525307
5010,8.31703568478651,8.35954827227427,8.70884631930328,7.99161937921444,8.8791136170274,7.54681300370666
5011,8.35592050754758,8.86982525424571,9.34502935137802,8.35604087325188,6.1105388573829,7.029773020439
5012,8.78099211014678,7.7605619072092,9.45985314760494,7.40692576256448,8.31554738735549,6.9861289167993
5013,8.18886927509712,9.01890152278188,8.12816733913292,6.88825574345136,8.98779722861968,8.02568217573722
5014,6.02258085533561,7.21329895614373,3.49023065076089,7.66178502902173,10.0314551561041,8.9444835026035
5015,8.7027487201989,8.22692028209467,8.68542732385124,8.5350507884067,7.77855422189433,7.9931694251337
5016,7.10417665036212,8.46536829417226,8.96367780508598,9.13760386361666,7.98067245527858,7.35498839312037
5017,8.07948936039533,8.79376816651786,7.44854312671498,8.66378520414239,8.7123812642687,8.01492610747947
5018,10.6345734371669,4.7805194108501,3.49023065076089,7.60576881540646,4.90090338852487,6.67789387901374
5019,7.86842230503818,7.5467879375742,7.87931466663728,8.29989293217116,9.46829416470492,8.18765995965972
5020,8.83088922819983,7.70171193500792,8.51747866535857,8.33039834886755,9.03388595444888,6.54808256627631
5021,8.72271153923571,8.79376816651786,7.78786462531746,8.78195256627495,8.24808926649626,7.09282542549063
5022,8.36865211062457,8.87278560044573,8.04113907319881,7.91310967056646,7.36736901789192,8.95856591193932
5023,8.04286626475096,6.68482298260169,10.2097122517669,5.82691562641513,7.1169908213877,7.74230057074752
5024,8.39378237704949,8.37216283217717,8.9692283190234,7.20454107955011,7.79126458822492,8.73462893362402
5025,7.26791488939402,7.87148225148677,8.86291463607578,8.75330689819099,8.018975026786,8.70485737812984
5026,9.55147983908866,8.30795445990652,9.46182271113712,6.62983420798008,4.21631622607199,5.88201749536229
5027,8.69939452272925,9.0994461325885,8.45156136762802,7.09656179266438,8.06153488452876,7.86723598631271
5028,7.92704109878584,8.5748918552913,8.81747591439711,8.69089495929991,8.15292394428822,7.4136426068107
5029,8.89679312972101,7.8415207712907,6.10280312593575,8.88823439437136,8.8338495168249,7.91431716401179
5030,8.23132369341348,8.79688879183375,7.8554918493158,8.25969679613662,8.77758618431712,7.80612710100435
5031,9.72966221706336,8.80621031950842,6.22194072356456,7.05517378012709,8.49693372831939,6.30075185696348
5032,7.02008501743342,7.97444594218767,8.15279260592789,8.5900950127124,9.39956380485312,7.77456864169096
5033,8.23132369341348,8.71677073162002,8.88363879368603,8.2042931227411,7.98067245527858,7.66176057394715
5034,8.29051622986644,8.85493160696483,8.67866565392771,6.41576144603002,8.3799844843109,8.40907275122429
5035,6.81041870004291,8.01794130395406,8.96645573407607,7.84826479609528,7.27060250080604,9.42195730387801
5036,7.85640586980744,8.45749879228528,6.95850738452383,8.89407721774901,7.22435196318865,9.24945393415061
5037,7.88626050545421,9.34725656666663,8.87479348152003,4.78084396874907,4.421285932026,9.03763693169401
5038,8.64114474224865,7.79224261151799,7.9982871395996,8.22299908947325,8.46164518384088,8.69815708515186
5039,8.24059025182639,8.18462476310572,8.93843251299731,7.65490153848725,8.48135660597566,8.22545620446189
5040,8.39792842898327,7.7605619072092,9.12154440099925,8.71420457940604,7.52048111486984,7.81235637573058
5041,8.68250537816283,8.98099694958628,5.48069581039967,9.07726413234406,6.15148380355095,8.50819204020625
5042,8.54349788722002,8.57852390170195,9.20388067893113,7.66178502902173,7.44194121537868,7.7681728149591
5043,4.89949412114092,8.63890723855149,8.3316414427982,4.71842536543495,9.23989923801863,9.11007401400767
5044,6.97609718511574,7.75414096627821,4.08294838842259,5.44629202559523,10.2049441620474,8.44554674064493
5045,7.60660271387759,8.82161342973762,7.57079741935073,9.00891339786758,7.31540142486018,8.7148497464935
5046,8.20316041517888,6.75137779298277,9.40563181432244,8.75008860247926,6.24880671123508,8.42133371295167
5047,8.88207742983292,8.36376542140273,9.5916098555995,7.02332274735727,5.95670421005208,7.35498839312037
5048,8.56208724916848,8.18938614769551,8.28340660476729,8.3517987200886,8.55016372585641,7.95990404559328
5049,8.25894621672403,7.70837131539189,8.35304309369109,8.74686310166116,8.65453779402206,7.97663299399475
5050,8.7936293163351,7.95219439089341,8.13806810273093,8.12693733501375,9.0914228787991,7.01898702122838
5051,8.63764381058081,9.31932538418993,7.19619912198029,8.48170571592834,7.5281032179476,7.62681972347591
5052,8.7682430829868,8.03391858520372,7.80662661053213,7.76765181920367,7.93561024179363,9.07947417735458
5053,7.15431773003312,9.49478056798911,7.28833754448972,8.28661859260007,8.19652902778163,8.21139872975111
5054,8.02151209316844,7.85957257305444,8.3316414427982,9.2166511483216,7.77855422189433,8.18286482967454
5055,8.03755738937271,8.16542002730294,8.75778352317994,8.30867494864148,8.3673257873375,8.17805366074644
5056,6.94218834368021,7.77331823403072,8.92706885241318,6.85237859160897,9.44641433581846,8.10895067325652
5057,9.16336479394979,8.2680077579437,7.84343057274451,8.12693733501375,8.11302186107646,7.96550203034427
5058,6.7722451251194,8.83077687514366,8.598535666028,8.3517987200886,8.56131859902022,8.01492610747947
5059,8.25894621672403,6.92260453993047,9.08366891400998,8.48944850824403,8.18695260779668,8.20195017960229
5060,8.85218738762754,8.06015896687345,8.6408982490368,8.40599482098745,7.40927710980319,8.11399824581784
5061,8.04815560541217,7.37304974307352,8.4396090385771,8.96518134353291,8.59427400001247,7.96550203034427
5062,7.9554772012276,7.5393318115565,8.68542732385124,7.08632710230078,8.95435322015182,8.76700252030058
5063,8.69939452272925,7.19439270942546,7.42441071536327,9.83157935728781,7.5051140981682,6.33638046784908
5064,7.18357660860687,8.33827516672525,8.05165537617599,8.75008860247926,8.71571256017597,8.34615071050326
5065,7.69028422170097,8.33827516672525,7.59979727073429,7.85428227813826,8.86117823115284,8.93311765364713
5066,7.83819053705255,7.88329397161297,9.11404850006005,7.4232414815715,8.7807702343146,8.11902816213845
5067,6.84758876991783,8.69351550500952,8.46341528708442,8.56832912797621,8.83691176198799,7.5317738047801
5068,8.23132369341348,7.71499992136036,7.48788081960167,8.67061062321936,8.57238773393747,8.7411621082729
5069,8.24979750751447,8.15084629785077,9.06823559880938,8.16613522357144,7.07585316903315,8.47329002301066
5070,8.20316041517888,7.85957257305444,7.66297790856436,8.62213924044087,9.15167717684711,7.72258555201924
5071,8.48234607707144,8.35107672365804,8.18657463929152,8.29548174407832,8.35455477257169,8.153753413942
5072,7.75647212542615,7.47041970286251,7.44054413513692,8.79137594350277,7.78492347542121,9.38698761738627
5073,6.38916284439067,8.28589889138576,8.78636733817723,7.77401612610903,9.10418524225472,8.18765995965972
5074,9.52331570400222,7.10606660586382,7.41627525247764,8.86462328029231,7.65183440542811,7.53931314449633
5075,8.32140846748718,8.72006247281132,7.90274874757632,8.34754402662067,8.26183626825553,8.13897371551276
5076,8.0639078486539,7.77965412660039,8.6233983370148,8.42226819416586,8.34597737074911,8.43349113013519
5077,8.15005047792791,8.3035703064906,8.03054526633366,7.70906590564625,8.21549270497432,9.04557447356463
5078,7.67667208697594,6.46387312042592,8.82667901065268,8.42630795565649,8.45368442820579,8.82657761734459
5079,7.79476720160052,8.64238158121518,8.70552396732246,8.02399623686974,8.04041246368511,8.37165053588739
5080,8.35165148995037,8.53057743593791,7.31485793334971,8.00789897789922,8.21549270497432,8.91011345553086
5081,9.12638845488094,6.20123925011127,6.96971158842134,8.41821706452894,9.45440910293173,6.48629422183819
5082,8.69266260715658,9.09438334172844,7.86148470697821,7.34830842710623,8.26183626825553,7.81235637573058
5083,7.90387986329305,8.27250143971194,8.88069638476415,9.32224000716159,7.37584948737805,5.75340817014267
5084,9.42322144264257,6.44782622915025,8.42351665842835,8.83151307566108,7.79757780913754,6.45434535179683
5085,7.81353826635321,8.51170290749085,7.51097474139475,9.15230224980856,8.02973371055611,8.10895067325652
5086,8.18407383446021,8.53057743593791,8.71216102689154,8.60442497875295,7.88316608632533,7.42996835938218
5087,6.79780838629848,7.02267232630773,6.65897992409128,9.90572388677304,8.52759136901399,7.66864770982384
5088,8.33444765764523,8.9392472635071,7.94850024960196,8.25516044691646,7.63076135781002,8.28483300514193
5089,8.46269099597603,8.21762816035195,6.38333225158828,8.01328478782072,8.66491570556828,8.90430456858884
5090,7.71046320893493,8.38881209613992,8.15279260592789,8.56466928289708,8.66146470260712,8.04166684819051
5091,8.49013359290078,8.29476172505811,9.02891350270091,8.24604461378736,7.65879047911152,7.42996835938218
5092,8.60932573800394,8.48485590214892,8.55488921736102,5.74838851489514,7.70656048722856,8.92166145446324
5093,7.89215767340925,8.46536829417226,9.09386674814623,8.07638792965761,7.48174980299605,8.14391717735965
5094,6.14922347816393,7.06498050392835,9.79432659191402,6.12242887914586,8.84301679801773,7.93729141505638
5095,7.50236682829875,10.3630204394558,4.08294838842259,5.74838851489514,7.92987677555016,5.344059271782
5096,8.49787921681366,8.51170290749085,8.33594730847488,8.47001289365371,7.5281032179476,8.11902816213845
5097,8.94005955290993,8.16542002730294,7.79414590946306,8.77879769468962,8.3330146531491,6.69160470886295
5098,8.67569388468545,7.70837131539189,8.45552352815862,8.72735696089438,7.60937388813876,8.11399824581784
5099,8.55468027414811,8.44561329578513,8.06209530505972,7.37372500846738,8.49693372831939,8.4415394101903
5100,8.18407383446021,8.40935647470976,8.65818809965205,7.18550730510122,8.93161812662734,7.61972817969658
5101,9.20415584084014,6.64332691678588,9.37877970041546,3.49023065076089,6.44149643399779,8.63991006129859
5102,7.54047060287036,8.84290485323793,8.86589354014931,7.64798484059553,7.30655336520854,8.6080926079034
5103,7.69704214422843,8.57125062599,7.74958840638695,8.34754402662067,7.75279070494858,9.00272665637708
5104,7.21224701740689,7.81092071496611,7.58537071082442,8.84966743251432,7.97511636040425,9.17663730501206
5105,7.20275412193395,8.94206851890447,8.344520584446,7.68223942622211,7.54322678923942,8.96136595653722
5106,7.80105153736395,8.582146811502,8.69885618836905,8.00249290916485,8.28894241578867,8.04166684819051
5107,8.07948936039533,5.26278729444225,7.83126711809602,8.59369089293028,9.50146864258439,7.66864770982384
5108,8.24059025182639,8.03920512182947,8.88363879368603,7.64798484059553,8.32866767169224,8.17322634489556
5109,9.5061493488664,7.79849569060542,9.46378958812937,4.78084396874907,5.58319610432995,6.78401999420125
5110,7.50236682829875,8.19886189394229,7.83736172628457,9.08749779161205,9.0914228787991,5.69825711185358
5111,7.32149301374314,9.98918518228276,7.4564976479207,7.80542108776261,6.87440317482925,7.21112488451485
5112,5.67062321398173,9.40359408841251,9.14625291307531,6.79048521650356,6.47383490154868,8.43349113013519
5113,7.46322111457289,7.92388639769242,7.55607435967671,8.48944850824403,8.95998139349774,8.57555637299231
5114,9.22295943450083,7.85957257305444,7.25219291844292,8.21834535169846,8.94870298170054,6.10735936233388
5115,7.36465575957868,8.97274320446682,8.9355999870512,7.49444360365095,7.73315988332753,8.17322634489556
5116,7.51006913326126,8.5268222698544,7.44054413513692,7.88986705881114,8.51617110701635,8.99727999528551
5117,8.58408230997068,8.28589889138576,8.93843251299731,7.9015353778139,8.00268447642648,7.24847266934486
5118,7.81353826635321,7.40624840230109,7.73659936617821,8.58649013212462,9.26284457142486,7.83088363883461
5119,7.98336141858297,7.87148225148677,8.45947481476303,8.60798530321394,8.35882438056809,8.09880205886125
5120,8.56945632341735,8.30795445990652,8.48295748793131,7.70906590564625,8.14799631145845,8.13897371551276
5121,7.44725802222059,8.72989280787497,7.97637231267394,7.32243159213489,8.46560911598275,8.85997511408797
5122,7.76935102806014,8.9644419195239,6.22194072356456,7.77401612610903,8.76477914923456,8.57555637299231
5123,7.02008501743342,7.00103646571482,7.66982914004528,8.04518259713648,8.75185725038819,9.39114599034258
5124,8.66197350453303,7.91240514363607,8.5212637595198,7.03401923853557,7.6794584872969,8.89847217212544
5125,4.50573000684162,7.85358048669399,8.55119159406553,9.34374166615198,5.05340238401777,8.97528515702334
5126,8.41848143859603,8.35954827227427,9.00208986379465,8.24604461378736,7.31540142486018,7.46998580584812
5127,7.60660271387759,7.32175964703686,7.39986416599397,6.10184489284789,9.22595467795229,9.31001011738722
5128,8.60574650909157,7.38142195637135,8.39491474262367,8.62565609851333,8.25726851276109,7.81235637573058
5129,8.23132369341348,8.69351550500952,6.87749772298247,8.86462328029231,7.17655145429938,8.5385214208244
5130,8.03222883392036,7.77331823403072,7.76246091676492,7.76765181920367,8.82770543373278,8.80179292271534
5131,6.88380768123249,8.91360430770634,8.598535666028,8.84364135812255,6.85014620459165,7.95428416538033
5132,8.01071484650326,8.25897807146863,8.23349863855445,8.05565981837144,8.61583265286075,8.17805366074644
5133,8.74890548978313,7.90662991941306,7.37488888666082,8.28661859260007,8.4774358508068,8.27134653908322
5134,9.24612420217337,8.3035703064906,7.84947387537659,6.88825574345136,8.35027246129774,7.74230057074752
5135,9.20415584084014,8.2222817235214,8.13312624140302,6.43218798154661,8.46164518384088,7.66864770982384
5136,8.50173645994496,8.08592895450787,8.26093553436029,8.17096068790176,8.04572223703109,8.31143256347888
5137,7.0092150842941,8.17505444771,8.82667901065268,8.24146494640995,8.4852667137605,8.11399824581784
5138,6.8229175504619,7.76695424477792,7.9597140377542,8.33470395565799,8.75185725038819,8.89554709813947
5139,6.67894182311477,8.58936540464613,8.64783911312332,9.271534336909,7.01182638882134,7.39712834351397
5140,7.29495521779007,7.681546239197,7.95411808381218,8.41821706452894,8.0667673502917,9.1957836491409
5141,7.29495521779007,8.42961177632011,8.19608269001504,9.17407259457561,7.71325671876584,7.79358686079315
5142,8.29941046046826,7.27756473448571,7.81899973081346,6.62983420798008,8.61583265286075,9.27443277842777
5143,9.06517969283072,6.88761634992461,8.20081325102695,7.79919482706418,8.22488161488598,8.39256064482042
5144,7.69028422170097,7.12617333217289,8.53255971038489,7.382097754041,9.42012090196883,7.8968420820998
5145,6.70623571751263,8.65619575138711,8.38663728826559,9.28715613517875,5.72899179948946,8.12404054570927
5146,7.7369344038026,7.73470392032503,8.42755664880376,8.05043075300581,8.63355493272312,8.5385214208244
5147,7.97782769558436,8.9644419195239,6.24083123533114,7.93598217998994,7.92412033502941,8.93026213021582
5148,8.61645762228802,8.10117211031758,9.42595228287437,7.68899323437348,6.68143749993633,7.09282542549063
5149,7.70376837411569,8.62492545258549,6.98082806035906,8.46609408872991,8.64058323702738,8.31143256347888
5150,7.61376580212964,9.82013368903081,5.34047311549187,3.91061544736945,6.9447779158694,8.98907121515643
5151,8.15496051210532,8.19886189394229,8.30991672535133,7.82393945571638,8.86117823115284,7.72918737348703
5152,7.43920919048163,9.86688963704733,7.19619912198029,8.33899671994981,7.56561687948794,4.08423288932377
5153,7.37313405190207,8.40935647470976,8.547484452302,8.01328478782072,8.52759136901399,8.15864641945665
5154,6.14922347816393,8.81547193047068,7.9982871395996,6.05972287191348,7.58766240773671,9.55763043244903
5155,8.18407383446021,9.00817297966659,8.49070070180071,8.28661859260007,6.9447779158694,7.5542737966793
5156,8.12023293901801,7.6542098057023,9.19680193514172,8.24604461378736,7.18624061505541,8.09880205886125
5157,7.82591731618819,7.74769116346266,8.5437677428501,7.94728330859426,7.98620715041415,8.88673608316832
5158,7.89803072692992,7.71499992136036,9.03686420908522,7.7803523336753,7.5281032179476,8.67103985440168
5159,7.22167714582969,8.41343039901184,7.9652882818913,8.89407721774901,7.84100960546189,8.4049624472617
5160,6.90744920133134,7.5393318115565,6.68651479056568,9.66395084506331,7.57300314420884,8.5385214208244
5161,9.32873623738819,8.32535872001218,8.21958144886802,5.77508374117995,8.04041246368511,7.68232353387268
5162,9.26439170744443,5.57523304067769,8.21958144886802,9.1027133312226,4.84497256984111,7.90269076405478
5163,9.01210880608996,7.61220228250213,7.75603909627448,8.05043075300581,7.57300314420884,8.64688616477507
5164,6.7722451251194,7.56158475086865,7.24301190962848,8.70758308457858,8.47350438999335,9.12762847082244
5165,7.14442972893281,8.4011738742777,8.35728549842393,8.62565609851333,8.54267885046116,7.68232353387268
5166,8.48624509983325,7.90662991941306,8.43158533355373,7.70906590564625,8.5760586199576,7.95428416538033
5167,8.47058525531772,8.46536829417226,8.35728549842393,8.41008044306583,7.63076135781002,7.66176057394715
5168,8.31264957480225,4.32217650032491,7.88520913055873,9.74697558368523,8.0823514452248,5.93018817196434
5169,8.34736977247271,8.56760016716486,7.44854312671498,8.46609408872991,7.40927710980319,8.52343657863145
5170,6.8597649607265,9.05322783287618,8.66846326415008,7.28718342017738,8.46956216479426,7.66864770982384
5171,8.85218738762754,7.59792165987281,9.18492623625956,6.88825574345136,7.60937388813876,7.76174835518231
5172,8.50942008589069,7.72816594499732,9.53473995168739,7.74190851327092,7.18624061505541,6.47041111176961
5173,6.81041870004291,8.02328682222665,7.23377144542418,8.77879769468962,7.96393930232151,9.1176235441038
5174,8.83088922819983,7.61220228250213,7.33226852055236,7.72229331121269,8.05101246934261,8.90721193888566
5175,7.70376837411569,8.10621746179987,8.11318719733615,7.99706642804673,8.7934365334793,8.26682281325908
5176,8.36865211062457,7.56158475086865,8.72862112067329,7.79919482706418,8.70569547313576,7.52419456361733
5177,8.98206482557167,7.04398376554097,8.99394445247094,7.65490153848725,8.42546994096762,6.16828313868763
5178,8.20316041517888,7.90662991941306,8.79264301698543,7.71569485476574,8.3330146531491,7.98767839763957
5179,7.43111481966023,7.81709312807677,8.23349863855445,6.99074155295653,9.18809599653707,8.4772100669625
5180,9.28018808382474,7.06498050392835,6.74002116210801,8.45822433426271,8.7934365334793,6.73195462889101
5181,7.23104534096481,7.87740025506093,8.05165537617599,9.31136772480193,7.94132091717763,7.82473441343709
5182,8.30383704547009,7.93527661659207,8.26545791079084,7.76125916129259,8.80911441280877,7.83088363883461
5183,7.85035973162834,9.09184526252788,8.01450670225002,8.42226819416586,7.31540142486018,7.7681728149591
5184,9.2869053352583,7.92959279583728,7.75603909627448,5.74838851489514,3.91236714089699,9.21702364535376
5185,4.32491566984269,9.52519259547933,5.44707882762807,3.49023065076089,9.81571029189631,4.41990936131352
5186,7.52535054483221,7.59072762567123,9.07081932049484,8.62916439056151,7.71325671876584,7.87320623348551
5187,7.96109750253352,8.19886189394229,8.16736788432309,8.47781864978274,8.38417943120001,7.86124081432598
5188,8.39378237704949,8.9644419195239,8.84491072091732,7.49444360365095,6.92170562015072,7.25765883989228
5189,8.35165148995037,7.45464468966116,8.08275043738614,8.69089495929991,7.94132091717763,8.31143256347888
5190,8.14512362322758,4.21315417214733,7.54865569169844,9.38994606098416,8.68544988648002,7.40540931305687
5191,8.54723500577343,6.20123925011127,8.36993819781206,8.84966743251432,7.65879047911152,8.24398835098645
5192,8.12023293901801,8.72334670983332,7.62822188601598,8.94280742301884,6.95617486878963,7.83700663855919
5193,7.77574739345164,8.65275460909588,6.08189986133939,8.08664098202848,8.92011465433301,8.22078562569077
5194,7.92704109878584,8.65619575138711,8.74165511793481,8.14176202349639,7.04420012643502,7.9821663082058
5195,7.93848316850053,7.14600012955063,8.39078196524083,7.25104302004618,8.59064930774599,8.91011345553086
5196,8.8092715370956,7.47824247770215,8.98848849121479,6.39913897051142,8.14799631145845,7.88507278012573
5197,8.2452012449035,3.49023065076089,9.39123515065717,5.13853548597692,9.41193319900825,3.49023065076089
5198,6.4714235952122,7.5393318115565,8.76418466868312,7.5400171570367,9.38499743990443,7.40540931305687
5199,8.7027487201989,5.94779744189527,8.12319127760924,9.08749779161205,8.27996364996141,6.89459687616389
5200,8.12023293901801,8.57125062599,7.33226852055236,9.3244046599127,7.79757780913754,5.30633312590158
5201,7.40655320063087,8.38051153607889,7.79414590946306,7.88986705881114,9.3054595612065,7.05110257536922
5202,6.33736784158635,7.07536377800198,6.38333225158828,9.04874107765996,9.19049151520104,8.27585608726327
5203,7.26791488939402,7.72816594499732,9.07339841923704,8.85566841127976,7.94700898292325,6.73195462889101
5204,9.09610893397278,8.9864733033238,7.74958840638695,6.36528642719352,7.35883793402311,7.66176057394715
5205,8.35592050754758,7.35615675733555,7.64222556919301,8.46216458848582,8.16760634734916,8.59010773875716
5206,8.25894621672403,8.08592895450787,7.27938682149161,7.94164385630354,8.29786550408316,8.7247732839594
5207,7.69704214422843,6.6005694240769,8.95251223365836,9.04874107765996,7.19586436805597,7.87320623348551
5208,8.48624509983325,8.95609254338461,6.33159528171584,8.8345547298754,6.26747328089316,7.90269076405478
5209,7.86842230503818,8.99192892758826,7.46440819445758,7.74838776865365,8.3023063846546,8.00951773641785
5210,7.39827135492043,8.60012590687027,8.12319127760924,7.99161937921444,8.28894241578867,8.25316566897222
5211,8.51324657830612,9.14422845710643,6.52792824322905,7.68223942622211,7.90086108290607,7.8968420820998
5212,7.92704109878584,8.24074689275773,8.07245996503438,7.82393945571638,8.89389111737668,7.57642582370735
5213,7.46322111457289,8.63193331065313,8.10815893569189,7.83615364268337,8.55389162551662,7.9821663082058
5214,8.85218738762754,7.97444594218767,7.97637231267394,8.16129351524167,7.78492347542121,7.86124081432598
5215,8.54723500577343,7.96336324028754,8.34024033016426,7.04463584911598,8.79028038235032,7.5089146589534
5216,7.57758685049592,8.51170290749085,8.28340660476729,8.09174021898054,8.43762963357258,7.72918737348703
5217,8.31703568478651,8.53432283515907,7.20568540439397,8.75008860247926,7.72655612941341,7.7552950034568
5218,6.12891430381513,7.80472164660397,8.82055014888217,6.79048521650356,7.77855422189433,9.26539955594464
5219,9.2958132632611,8.37634323706695,7.64917644483774,7.68899323437348,7.88316608632533,6.47041111176961
5220,8.1695908337906,7.7605619072092,7.90854801042086,7.86624211478919,8.50080181974666,8.44954294785873
5221,7.38156235615357,8.14595538470089,8.94125948276282,8.82846498729181,7.64484441775398,6.45434535179683
5222,8.12023293901801,7.1161554596559,7.75603909627448,8.55732157179819,8.69897850880851,8.02568217573722
5223,7.06275215931898,8.53805851828434,8.96645573407607,7.74838776865365,7.34162145790367,8.2160998340239
5224,8.41029541429604,6.31232738580825,8.94125948276282,7.94164385630354,7.60937388813876,8.35895709371809
5225,8.45475321367752,8.76537415345068,6.55812659875566,8.17577001719415,7.04420012643502,8.55715794440356
5226,7.59940364318553,8.39706506566424,6.87749772298247,7.25104302004618,8.93161812662734,8.6080926079034
5227,8.56945632341735,8.39706506566424,7.23377144542418,8.23226164471627,4.95409078694007,8.89261607486076
5228,8.19841246013572,8.06015896687345,8.38248064281947,6.88825574345136,8.4496874827715,8.29819424326679
5229,7.21224701740689,5.87628329736399,4.50314985122627,3.49023065076089,6.17150688183114,10.3953193207676
5230,9.00669264014309,6.99009371363378,8.11819793728019,6.91167886235612,7.57300314420884,8.79552955843758
5231,5.51807356835317,4.99865991592501,4.41793827270096,6.81556849981532,9.75227782423428,9.205262301677
5232,8.49013359290078,7.31302939647798,9.01018950074638,8.10188475801824,8.04041246368511,6.60726167493547
5233,7.43111481966023,8.25897807146863,7.71026307257155,9.05917851887016,7.92412033502941,7.66176057394715
5234,8.30383704547009,8.6178833320342,8.47517240745909,7.83005953837513,7.12709214395782,7.87320623348551
5235,8.93436519790899,7.72816594499732,8.47126402500445,6.82794524242332,8.26183626825553,7.57642582370735
5236,7.24035241989607,8.31232529749068,7.69018859650737,7.3904217503303,7.73973337951031,9.24945393415061
5237,8.10508906801861,7.10606660586382,8.64783911312332,7.15647147429919,8.76799159638679,8.09370076340204
5238,7.65600850045013,7.75414096627821,8.019872800437,7.50979652507789,7.81635255966547,9.18144778300766
5239,7.62089326817761,7.21329895614373,7.97084098469456,8.57197969600233,8.29786550408316,8.5422680698503
5240,8.81548118557784,7.80472164660397,7.76885412647585,8.84061884422373,6.88637762667106,7.59100581778259
5241,7.22167714582969,7.5467879375742,9.10902948984548,8.58649013212462,8.37155773474948,5.75340817014267
5242,8.846134253342,5.69282476622993,8.62691537002575,8.01865049076723,8.48135660597566,7.08250885428512
5243,8.32140846748718,9.14422845710643,7.24301190962848,6.65791381701553,6.44149643399779,8.75090665525018
5244,7.02008501743342,7.75414096627821,7.51097474139475,7.33110938188201,8.49305521784954,9.23101176201
5245,8.89679312972101,5.5440894840211,8.94125948276282,8.28216646065897,7.32419501359677,7.32035833751895
5246,7.81974113439573,7.95219439089341,7.53370207508715,8.85267104576423,8.40497272499795,7.54681300370666
5247,8.81548118557784,7.7605619072092,6.67281466004876,8.95962034216974,7.96393930232151,7.00811853643696
5248,3.49023065076089,9.71027914287304,6.06067160127279,8.45031132681466,5.34656273048417,8.32455021230971
5249,7.74347658277047,7.1161554596559,8.46341528708442,7.70906590564625,8.49693372831939,8.519640547437
5250,7.63504274762969,7.8415207712907,8.51368359559896,8.56832912797621,8.18695260779668,7.4620713487816
5251,7.32149301374314,3.49023065076089,3.49023065076089,6.7389418649302,6.21069885610149,10.2968229026115
5252,6.7722451251194,9.43796880186687,8.83885907883034,7.95849623707776,6.19124239789009,5.61092274829318
5253,9.06257204773893,9.18766142023534,6.40015879977287,7.69571538629944,6.80034819897956,6.80935030812249
5254,6.48730956362684,8.39294449551152,6.68651479056568,8.34754402662067,5.34656273048417,9.51634949745199
5255,7.89803072692992,8.64584756377596,8.41540250518471,8.34327671830986,7.58035152386312,7.06164856593993
5256,8.31264957480225,8.25444188847159,8.72205963356621,7.51741168588756,6.52098146798012,8.27134653908322
5257,7.30385605071535,8.21762816035195,7.44054413513692,8.9540378004202,8.4852667137605,7.18245790536333
5258,7.61376580212964,9.0636273954461,7.84343057274451,8.48170571592834,7.1068173268908,7.4136426068107
5259,6.57901542494621,7.35615675733555,8.59494855950104,8.58649013212462,9.0123806020189,6.31868059276637
5260,8.25894621672403,6.81493540461277,6.4167844459227,5.13853548597692,7.42570239747425,9.82683350765263
5261,8.30383704547009,8.5529050913987,8.07761440799732,8.05043075300581,7.02269976731084,8.03103017525307
5262,8.26803712128911,8.89333947296565,8.41540250518471,7.95290071136868,5.64348209407386,7.57642582370735
5263,8.10508906801861,7.81709312807677,8.3011341711061,8.61153684851225,7.30655336520854,7.97107829026557
5264,8.16473057697634,8.0444722871328,8.2789403771999,7.47110099454928,7.77855422189433,8.48111946726656
5265,5.55005896320684,7.48602272885893,8.5437677428501,8.87647719442224,7.6794584872969,8.39670646210256
5266,8.88503261607018,7.26855920105567,6.76603208960873,8.7882416606865,8.018975026786,7.4620713487816
5267,9.12888327140514,6.92260453993047,8.16252585144617,5.2632105355759,6.44149643399779,9.01355861672038
5268,6.7722451251194,6.75137779298277,9.50639569751139,7.9015353778139,6.78761979089117,8.29819424326679
5269,6.84758876991783,6.16212808718119,9.34929160260466,7.64103461137613,8.25268620991108,8.04695581390346
5270,8.33876793331994,7.79849569060542,7.7168926127835,8.2042931227411,7.95267461808993,8.27585608726327
5271,7.27698535608658,8.32535872001218,8.24728248782687,7.05517378012709,7.71325671876584,8.91878311834331
5272,7.74998906671083,7.97995540277098,8.53630542207855,7.63405052206476,8.35027246129774,7.92585021657944
5273,7.82591731618819,7.02267232630773,8.13312624140302,8.66720195624956,7.06538022369333,8.73135120274147
5274,8.92864825412879,6.44782622915025,7.54865569169844,7.56227136921082,6.65359342763999,9.09740292917304
5275,8.57312676878602,7.91240514363607,6.20278778755911,7.70240617908933,8.25268620991108,8.60092558711637
5276,7.4552618285855,8.44958604011208,8.17700332079169,8.53878658573374,7.57300314420884,7.76174835518231
5277,6.67894182311477,7.15581099954837,8.46341528708442,7.32243159213489,9.03388595444888,8.28035154662049
5278,7.03087244495962,9.80006610663803,6.8655374847741,7.66178502902173,7.1068173268908,6.70518340375094
5279,7.94417021001051,8.14595538470089,8.3186460056061,8.24604461378736,7.84710826488798,7.66864770982384
5280,6.14922347816393,5.72064128635977,9.42393307432706,8.02932217457788,7.55819233427848,8.32455021230971
5281,7.60660271387759,8.38466779928264,8.66846326415008,8.05565981837144,6.8982517275118,8.03103017525307
5282,8.78416181797686,8.22692028209467,7.44854312671498,7.81162045832957,7.82255663615875,7.7552950034568
5283,5.8581503263091,7.681546239197,6.54310876173897,10.1412433600622,6.00246212979823,3.91172610131385
5284,7.97227258004244,7.34763479411498,8.52503893048569,7.68223942622211,7.48958034926168,8.69142548280453
5285,8.62708966925321,7.62634201431698,7.9597140377542,7.00168517766975,8.36308136060662,8.13897371551276
5286,7.88033902332612,7.32175964703686,7.08745654604589,8.26421888798969,8.98779722861968,7.87320623348551
5287,10.0068780475822,3.49023065076089,5.72200796090662,7.72229331121269,6.19124239789009,7.57642582370735
5288,8.51706292935481,8.5492077728413,7.44854312671498,8.25516044691646,7.36736901789192,7.56907980846617
5289,8.84309812411508,9.29966647821804,7.70360274971624,7.20454107955011,4.58465586762789,6.63594157506193
5290,9.79079277142329,5.18114866707496,6.84130960684368,8.40189757024583,6.68143749993633,6.5631129963659
5291,7.12444540745933,8.07052245808537,7.16735557370218,6.93472128687779,9.32084764926204,8.02031420324773
5292,8.42662117717043,8.12124816015971,7.20568540439397,7.88986705881114,7.01182638882134,8.76700252030058
5293,7.76292602503923,6.71182301841621,8.3741311679881,8.76291887522545,8.07198084084304,7.72918737348703
5294,7.47113637666478,8.08081177765473,8.34024033016426,8.03462845068507,8.68204778560509,6.96379345901084
5295,8.2725611248023,6.25789943528745,9.83135737667449,7.43937319107438,5.86025147794556,4.95202584824868
5296,8.30825005584499,8.79376816651786,8.90696425306774,7.13678026490838,6.78761979089117,6.14827444308625
5297,6.90744920133134,8.40527098845108,8.29229768695611,8.5200099226607,7.27060250080604,8.07828737343493
5298,7.78211537669314,8.10117211031758,6.67281466004876,7.34830842710623,8.21549270497432,8.99454892667256
5299,8.88207742983292,8.13612337420473,7.71026307257155,4.41752395982353,5.97977645681201,9.00000589868048
5300,8.68928481544077,9.05583476614877,7.03514175974356,7.64798484059553,5.93323114514219,7.79358686079315
5301,7.91550716158689,7.77331823403072,8.14299304020483,8.00789897789922,8.08750882979272,8.17805366074644
5302,8.26803712128911,7.16555477974663,7.89692597520505,7.47110099454928,8.3799844843109,8.48890656748549
5303,7.8624266567156,6.6005694240769,8.88363879368603,7.01254514644709,8.8820812649089,7.27585569124446
5304,7.92704109878584,8.07052245808537,9.20623255722267,8.00789897789922,6.80034819897956,6.35385746316283
5305,7.52535054483221,8.27250143971194,8.44758827303224,7.59141588482874,8.05628330443312,7.9821663082058
5306,8.63061631597021,8.38051153607889,8.75457225384644,7.00168517766975,7.0965706080028,6.97500510684151
5307,8.69939452272925,7.49376091970717,6.08189986133939,7.80542108776261,8.68544988648002,7.99863955165191
5308,8.42662117717043,7.08567182591088,8.39078196524083,7.05517378012709,8.56870746726997,7.81855873563534
5309,5.8072206298186,6.25789943528745,8.06728697552835,8.17577001719415,9.47813084005232,7.21112488451485
5310,8.24979750751447,8.60369494955514,6.82903835285693,8.89989644727222,7.79126458822492,5.30633312590158
5311,8.91714587758715,7.50145750603179,8.42755664880376,7.5400171570367,7.90086108290607,6.8465148669387
5312,8.10000545973488,8.44162955863129,8.59135249662825,7.43133007554863,8.13809010350552,6.38816555697102
5313,4.21555013477111,8.23154393278995,8.60568318801979,5.74838851489514,5.30879708818961,9.52015152521451
5314,8.28156668270776,5.90054627650358,8.03585192934574,9.10774969537655,7.15697326664508,7.74881249733246
5315,7.49462286065942,6.29442147401339,7.93151373017721,9.30480478336292,8.31993411940206,6.43809255529115
5316,6.67894182311477,8.57852390170195,7.59260214607389,7.50214064472167,8.0667673502917,8.68466227667068
5317,8.09490381441183,7.25949649237138,8.16736788432309,8.57925318851437,7.12709214395782,8.22545620446189
5318,7.90970527735413,7.70171193500792,8.18657463929152,8.01865049076723,8.35882438056809,7.69587017245151
5319,7.28599855692478,8.43362886080234,7.59979727073429,7.28718342017738,8.61583265286075,8.17322634489556
5320,8.26349884877543,8.7101645988108,7.80662661053213,7.01254514644709,8.25268620991108,7.20163311814528
5321,7.34754679157482,8.42961177632011,7.57810259412141,7.46323475122498,8.82462353988181,7.66864770982384
5322,6.93070291411405,7.49376091970717,6.8166597307742,8.3602705599885,8.52759136901399,8.69815708515186
5323,4.84361160430376,5.30163103486294,5.63668573549886,3.49023065076089,10.3318580159034,6.51752926279333
5324,8.7358680443842,5.5440894840211,6.82903835285693,8.31304594096491,8.62294775291348,7.80612710100435
5325,6.97609718511574,8.54550093733957,7.84343057274451,7.80542108776261,8.04572223703109,8.24858432729982
5326,8.24059025182639,8.59296117881644,4.08294838842259,8.65692729021923,8.50850696876514,5.18560179123531
5327,6.84758876991783,7.56892623326378,7.84947387537659,8.23226164471627,8.46560911598275,8.36320069129219
5328,5.09841613345072,5.92437901398059,5.44707882762807,7.18550730510122,8.99877497013973,9.48945086110936
5329,8.67910365741324,8.21295949492115,7.72349165518506,8.43835966616112,5.70110307888632,7.5982405566409
5330,7.46322111457289,7.41442901747166,9.15601894238079,7.69571538629944,7.81012155416509,7.34640924347289
5331,7.72375986276322,7.7859621707671,8.22887451837083,7.47110099454928,8.3373485444027,8.12404054570927
5332,7.93277352513624,8.17505444771,8.19133652065165,7.86624211478919,8.07717549378537,7.49346992391816
5333,7.54047060287036,8.32535872001218,7.52616630546999,7.74190851327092,8.40497272499795,8.04695581390346
5334,8.75860672944273,7.32175964703686,6.95850738452383,8.12196161551116,7.27967543604196,8.4772100669625
5335,7.94417021001051,7.70837131539189,8.06209530505972,6.4644719123572,7.77215657545018,8.89847217212544
5336,8.79990659698743,7.85358048669399,7.74310858494339,7.86624211478919,8.13809010350552,6.65006509688978
5337,5.67062321398173,8.40527098845108,9.3321664733429,7.70240617908933,4.95409078694007,7.80612710100435
5338,8.24059025182639,7.02267232630773,8.12816733913292,6.34804598348791,9.0914228787991,7.38879913789815
5339,4.21555013477111,9.31932538418993,9.42191103419901,3.49023065076089,6.48972767104649,5.00271460689043
5340,7.53293052823748,6.01571292340272,7.48009930499179,8.40599482098745,8.4173060427382,8.6080926079034
5341,4.89949412114092,8.4011738742777,5.87771349396102,8.39778862430937,3.49023065076089,9.46401613580894
5342,7.33023050179218,8.59654799803553,6.88935782509231,7.73539986544367,7.97511636040425,8.51583448289206
5343,3.49023065076089,10.1404851564883,3.49023065076089,6.80308248639436,4.84497256984111,7.45411287622633
5344,7.65600850045013,8.04972022306803,9.01556408174121,7.86624211478919,7.82873401653757,5.54925822050195
5345,7.02008501743342,6.68482298260169,9.09132404529961,8.05043075300581,6.97869785724413,8.33322935351103
5346,7.77574739345164,7.8232391153066,6.72683369348392,7.95849623707776,8.49693372831939,8.38005106515911
5347,8.3430752791469,7.71499992136036,8.12816733913292,8.03462845068507,7.73315988332753,7.66176057394715
5348,6.02258085533561,8.34255501650295,4.41793827270096,7.99706642804673,8.91722438151935,8.38840285269277
5349,8.14017983199787,8.31232529749068,7.24301190962848,7.41510688749409,7.93561024179363,8.33754937511224
5350,8.22666793532492,7.59072762567123,8.3316414427982,8.18056331931421,8.02973371055611,6.90636666504437
5351,7.7369344038026,7.48602272885893,7.21510900035399,7.83005953837513,8.64408457067634,8.31581841186455
5352,6.30173225191887,7.66794316501464,7.16735557370218,6.55707775482191,9.42623131209233,8.12404054570927
5353,7.59216822428926,6.78985435587433,6.98082806035906,9.5353166708321,7.67260219770781,6.69160470886295
5354,8.23596443329913,7.91240514363607,7.19619912198029,7.93598217998994,7.46595900483941,8.53476499860654
5355,8.9626146136218,4.7805194108501,8.21491230511047,7.82393945571638,8.5760586199576,5.48448550289493
5356,6.12891430381513,8.73965652074533,6.99185818466848,9.23747794993615,6.45775928678011,7.30272334432679
5357,7.72375986276322,9.08164801875701,7.34089488977818,8.06606123156755,7.75927507785519,6.2455287950406
5358,7.58489608578178,8.43763476751851,7.41627525247764,7.64798484059553,8.32866767169224,7.94297802587515
5359,7.78845522984317,7.49376091970717,6.10280312593575,8.13189589752329,6.37447882777261,9.32747489845363
5360,7.0939330217517,9.06103453050198,6.63089560372629,8.44633845382625,7.12709214395782,7.74881249733246
5361,6.40600792745989,7.58349729127014,9.23415983588531,7.83615364268337,8.4173060427382,4.21522859369004
5362,8.26803712128911,7.7215980376387,8.3741311679881,6.44842329021879,6.33971940020583,8.82350274461487
5363,7.64905392772322,7.23195785695119,3.49023065076089,7.52498656121242,9.51490994773882,7.5542737966793
5364,7.74998906671083,8.00178441569343,6.92435401966163,8.57197969600233,7.92412033502941,7.97663299399475
5365,7.99436534414312,7.38142195637135,7.66982914004528,7.93029810305837,8.61226187882883,7.70259580983172
5366,6.12891430381513,7.30424545748751,6.51258137620039,4.32239355474389,9.87944184881447,7.5089146589534
5367,7.46322111457289,7.7859621707671,8.20552830630752,8.39778862430937,7.60217321536483,7.92009526453794
5368,7.59216822428926,6.99009371363378,7.27037962827338,7.63405052206476,8.51998793333259,8.73462893362402
5369,8.67910365741324,5.77457371622791,9.12154440099925,4.08267841278862,8.55760990001698,5.344059271782
5370,5.9545478373017,8.70352803317798,9.21326525857306,3.49023065076089,8.28894241578867,5.66978927619677
5371,8.36865211062457,7.09590574434003,8.41946529865893,7.57691773255897,7.85318113006207,7.83700663855919
5372,7.64905392772322,7.23195785695119,8.81439510687524,7.89571306739893,7.33293480444103,8.00951773641785
5373,8.11520268216593,8.59296117881644,7.38326254914669,7.59861031955576,7.6794584872969,7.84310363642582
5374,8.9626146136218,6.6005694240769,7.70360274971624,8.12196161551116,7.13712232426214,7.87320623348551
5375,7.76292602503923,8.39706506566424,8.76418466868312,6.44842329021879,8.20604211531777,6.38816555697102
5376,7.66981725792292,7.94657723859076,8.65474669229339,8.03991521035314,7.74627689548368,6.95249255256478
5377,6.87183733556746,7.5467879375742,7.15760987326319,7.47110099454928,9.63231889929307,5.14249772010095
5378,8.50558339796375,7.83545271484671,8.18179694125052,8.06086993210612,7.20542360058286,7.29382351347514
5379,7.35612687715839,7.91815724130615,6.14367532553498,7.5548916486275,8.8820812649089,8.31143256347888
5380,8.08464589572231,6.92260453993047,7.69018859650737,8.46216458848582,7.95831799960982,7.9821663082058
5381,7.14442972893281,7.12617333217289,8.26093553436029,7.85428227813826,8.04572223703109,8.52343657863145
5382,8.21731097240586,7.96336324028754,9.59699621553736,3.49023065076089,3.91236714089699,6.35385746316283
5383,7.86842230503818,7.68829969186538,7.94286036263642,8.18534070104628,8.02973371055611,7.72918737348703
5384,7.11434709504169,8.51549765674502,5.97228315961306,7.68223942622211,8.79658578621286,7.85522050756259
5385,8.94005955290993,8.44162955863129,7.34089488977818,6.93472128687779,8.13311129262511,5.30633312590158
5386,8.50558339796375,7.22265891508273,7.30607240963073,7.24186309928311,8.31554738735549,8.25316566897222
5387,6.83530692815171,9.60566237376761,7.06676093588278,6.542062570992,6.68143749993633,7.76174835518231
5388,8.28156668270776,8.41343039901184,7.29723250808577,7.43133007554863,7.64484441775398,8.03103017525307
5389,7.24959918347497,7.61220228250213,9.01556408174121,6.72575650220894,8.21549270497432,7.4380618907418
5390,5.97760724722829,9.77655882469879,5.80213811824247,7.50979652507789,6.37447882777261,7.4380618907418
5391,8.53975104531916,7.32175964703686,7.37488888666082,6.79048521650356,8.4496874827715,8.14884370484101
5392,7.80730847929063,7.76695424477792,7.23377144542418,8.04518259713648,8.53892177344408,7.72258555201924
5393,7.06275215931898,7.36462820673368,7.39986416599397,8.28216646065897,7.27060250080604,8.97805293817607
5394,7.74998906671083,8.9392472635071,8.12816733913292,7.28718342017738,7.64484441775398,6.48629422183819
5395,7.50236682829875,8.14104778170486,8.5695854970678,7.5548916486275,8.24347758840622,6.62167477186132
5396,6.59373304282261,5.09349036126024,9.35989243070383,5.90107484179621,9.05507515639838,5.51728192429645
5397,6.71968698573006,9.76386316081522,7.35799295438366,7.33973478195975,6.24880671123508,5.45082077556921
5398,7.24035241989607,7.44669148504285,8.00371402456667,7.79919482706418,8.2107751708675,8.35043217826748
5399,8.55468027414811,7.43869382386202,7.62116840602101,7.76125916129259,7.89498694029844,7.82473441343709
5400,7.61376580212964,8.15084629785077,8.16736788432309,8.01328478782072,7.15697326664508,7.9931694251337
5401,7.24035241989607,7.87148225148677,9.13147868489301,7.382097754041,7.69307350394047,6.67789387901374
5402,8.18886927509712,9.30405834736044,6.92435401966163,5.90107484179621,3.49023065076089,8.20195017960229
5403,4.21555013477111,8.39294449551152,8.03054526633366,8.89407721774901,7.1068173268908,7.5089146589534
5404,6.65110851615695,4.41728363985529,9.2502043625482,5.87680837602182,5.30879708818961,9.1838470158865
5405,7.66292950234713,8.10117211031758,8.15279260592789,8.15643545284006,7.29765014878615,7.71595320836446
5406,7.23104534096481,9.36628137596822,8.11819793728019,7.28718342017738,5.14478343559912,7.00811853643696
5407,8.17443472235506,8.07052245808537,7.20568540439397,8.5900950127124,7.58035152386312,7.01898702122838
5408,7.42297438713295,7.60507975895992,7.93151373017721,8.03991521035314,8.39253282630083,7.64089841984664
5409,7.69704214422843,8.8579226766137,7.920076764817,7.84222198930605,6.26747328089316,7.53931314449633
5410,8.74890548978313,6.0376162110649,7.83736172628457,8.81928184326017,7.54322678923942,5.30633312590158
5411,6.81041870004291,7.89500933887883,7.49562026112424,8.44235458732094,7.91253778628556,8.153753413942
5412,8.17443472235506,8.800002673053,7.48788081960167,7.73539986544367,6.93328867700234,7.26678626237118
5413,6.56414182127948,5.74788255859739,8.344520584446,7.22332414740784,7.95267461808993,9.05609032226933
5414,8.50173645994496,8.00719025165415,8.09296778018938,7.41510688749409,7.15697326664508,7.61972817969658
5415,7.49462286065942,7.681546239197,8.00371402456667,7.49444360365095,8.50080181974666,7.7681728149591
5416,3.91191561034864,7.99635816903275,8.75135381092924,5.18155633896998,3.91236714089699,9.30119774776302
5417,7.77574739345164,7.7859621707671,8.41540250518471,7.92459144679159,7.48174980299605,7.62681972347591
5418,8.78416181797686,7.71499992136036,7.67664779245834,7.21396353365021,8.27545316942099,6.43809255529115
5419,7.59216822428926,8.41749282675459,7.77521898054733,7.18550730510122,6.78761979089117,8.60451355547134
5420,8.47451621281584,7.23195785695119,7.81282650165352,8.07123385262032,7.74627689548368,7.5317738047801
5421,7.12444540745933,7.50145750603179,8.29229768695611,7.61289173200334,7.87124712917755,8.38005106515911
5422,8.71276470763469,7.08567182591088,7.23377144542418,8.89115876725684,7.54322678923942,4.58305784536937
5423,8.29941046046826,7.38142195637135,8.02521893897171,7.36530293398821,7.65183440542811,8.17322634489556
5424,7.9554772012276,7.99635816903275,7.77521898054733,7.7803523336753,8.07717549378537,7.5089146589534
5425,7.82591731618819,7.12617333217289,8.03054526633366,8.07123385262032,8.13311129262511,7.7552950034568
5426,8.12524566084567,7.64034362572063,6.72683369348392,8.04518259713648,8.16760634734916,8.00951773641785
5427,8.37287107495412,5.5440894840211,8.21491230511047,6.90001568787439,8.68204778560509,7.53931314449633
5428,7.94417021001051,7.76695424477792,7.89692597520505,7.53252157816086,8.25726851276109,7.63387635545104
5429,8.17443472235506,7.36462820673368,7.78786462531746,8.08152359562244,7.57300314420884,7.97663299399475
5430,7.64905392772322,8.55659294184124,7.73659936617821,7.21396353365021,7.6236676016236,7.97107829026557
5431,7.43920919048163,8.66305347192691,8.35728549842393,6.71244672128913,7.76573028047148,7.2392269812907
5432,8.01612360888359,7.63335991513825,8.10311302896849,7.84222198930605,7.73973337951031,7.67550192476438
5433,8.24979750751447,7.72816594499732,7.75603909627448,6.86443890902852,8.11302186107646,7.95428416538033
5434,7.57024013538383,8.12124816015971,8.18179694125052,7.33973478195975,8.56131859902022,6.18800462040056
5435,9.36092418726602,5.5440894840211,5.48069581039967,7.20454107955011,8.74208919665311,5.45082077556921
5436,7.47113637666478,8.19413182343589,7.61408004369763,7.26016426660356,8.56501777180502,7.42996835938218
5437,8.65852289239585,8.83988241496334,6.55812659875566,8.05565981837144,6.1105388573829,6.22661952297318
5438,8.14017983199787,7.64729347966966,8.95810583221106,8.02399623686974,6.62518725904938,4.58305784536937
5439,7.37313405190207,8.7101645988108,7.66297790856436,7.31370076611905,7.48174980299605,7.91431716401179
5440,8.83700660654233,7.07536377800198,7.23377144542418,9.00351890902146,5.30879708818961,5.9993644427573
5441,7.21224701740689,7.62634201431698,8.25639889883132,7.47892423821626,8.83078075003027,6.30075185696348
5442,7.65600850045013,8.64584756377596,7.47227525372253,7.21396353365021,7.95267461808993,7.54681300370666
5443,7.97227258004244,8.24074689275773,7.54119839924577,7.73539986544367,7.97511636040425,7.28486786638948
5444,7.18357660860687,7.87740025506093,8.71546812523463,7.58418514608638,7.02269976731084,7.88507278012573
5445,6.50301705599836,8.22692028209467,8.20081325102695,8.09682143519475,6.69515577646337,8.20195017960229
5446,7.57758685049592,8.64238158121518,8.32299086969219,5.04743891709128,8.20129343555491,6.87075989971121
5447,7.37313405190207,6.78985435587433,6.36629971230951,8.39778862430937,9.2352660215122,5.85726817142942
5448,5.64151441452744,8.26349999810369,8.34024033016426,7.61289173200334,8.56131859902022,6.63594157506193
5449,7.69028422170097,7.33043686781264,8.23810794375188,7.94164385630354,7.29765014878615,8.14884370484101
5450,8.56945632341735,7.5167276512944,8.08786818474013,7.65490153848725,7.16679597986272,7.4380618907418
5451,8.45475321367752,7.80472164660397,7.33226852055236,7.9861516055509,6.55155281333526,8.06270694795902
5452,7.38156235615357,6.78985435587433,7.83736172628457,8.45031132681466,7.86525034804955,8.02568217573722
5453,8.13521898702428,4.99865991592501,7.03514175974356,9.16926307271067,7.81635255966547,6.65006509688978
5454,8.63764381058081,7.96336324028754,7.36646588516747,8.01865049076723,7.87721897277563,5.30633312590158
5455,6.8229175504619,8.60725516999548,6.1833646991275,7.36530293398821,8.85212612646935,7.15320258752715
5456,9.07297444255341,7.64729347966966,6.33159528171584,8.17096068790176,7.55072910689198,5.61092274829318
5457,8.11015476677543,7.00103646571482,8.3186460056061,7.02332274735727,7.49736829279251,8.28035154662049
5458,6.97609718511574,6.76432013129232,8.09296778018938,8.12196161551116,8.11807059172379,8.13401320210741
5459,3.49023065076089,9.22519972203023,7.53370207508715,6.8402146462424,8.64408457067634,4.08423288932377
5460,6.30173225191887,7.77965412660039,7.16735557370218,7.88986705881114,7.63782018168363,8.85997511408797
5461,7.21224701740689,7.90083138110485,7.66982914004528,8.4971498870754,7.34162145790367,7.81855873563534
5462,7.4868367736628,7.22265891508273,7.80039982498105,6.55707775482191,8.42953459419078,8.44954294785873
5463,5.8072206298186,6.57132384702624,8.35728549842393,9.26253100437225,7.45799778415282,6.02165975820494
5464,7.59216822428926,8.63193331065313,7.5634548040283,7.33110938188201,8.22019481939496,6.63594157506193
5465,7.74347658277047,5.4458356033442,7.27037962827338,9.41046838050805,5.61368899394564,7.57642582370735
5466,8.2725611248023,6.9340780022491,8.97475753884067,7.86624211478919,6.59619523272178,6.12796963130318
5467,7.50236682829875,8.09610899282204,7.69691135535273,7.64103461137613,8.04572223703109,7.72258555201924
5468,7.82591731618819,8.03391858520372,7.81282650165352,6.9797129533348,7.43384484793282,8.32455021230971
5469,7.96109750253352,7.86553975897112,5.63668573549886,7.76125916129259,8.40909558266164,7.90269076405478
5470,7.32149301374314,7.88916360056415,8.45156136762802,8.22299908947325,7.45799778415282,6.69160470886295
5471,7.96669590524945,7.32175964703686,7.26131524019753,8.00789897789922,8.50080181974666,7.16302123976269
5472,7.43920919048163,7.85957257305444,6.88935782509231,8.01865049076723,6.97869785724413,8.69815708515186
5473,7.9554772012276,7.15581099954837,7.12796629658169,7.22332414740784,8.45767030815412,8.19720252932168
5474,7.0939330217517,7.5167276512944,8.49070070180071,6.4644719123572,6.1311642471769,8.91589902192255
5475,7.69028422170097,6.96795197133498,8.11819793728019,8.42630795565649,8.22955319121685,5.95364248135375
5476,8.14017983199787,7.69502149145313,8.07761440799732,7.02332274735727,7.29765014878615,8.07828737343493
5477,6.71968698573006,7.33043686781264,4.21367133677388,8.72735696089438,8.35882438056809,8.09880205886125
5478,8.40206257370191,8.24532639084099,7.77521898054733,7.49444360365095,7.34162145790367,6.80935030812249
5479,7.7369344038026,6.71182301841621,8.63042383618537,7.6686356314689,8.22019481939496,6.62167477186132
5480,8.3430752791469,7.85358048669399,6.52792824322905,7.72229331121269,7.86525034804955,7.799870675665
5481,7.38156235615357,7.20387716488521,7.68343417601901,7.76125916129259,8.12310165836782,8.22078562569077
5482,8.24979750751447,5.5440894840211,6.12339168452091,7.88399715747824,7.95267461808993,8.66418002821861
5483,8.61289609441907,7.93527661659207,7.39986416599397,7.7803523336753,7.22435196318865,7.08250885428512
5484,6.30173225191887,7.10606660586382,8.20081325102695,5.22307607983066,8.26638956871401,8.82042129618389
5485,8.24979750751447,7.32175964703686,7.2244707421488,8.51622503024375,5.86025147794556,8.06270694795902
5486,7.93848316850053,8.15572063463943,8.3316414427982,7.57691773255897,6.96748103001151,7.09282542549063
5487,7.56285555139322,7.47824247770215,7.28833754448972,6.91167886235612,8.55389162551662,8.1635228350041
5488,8.75860672944273,7.85358048669399,6.94721403025632,6.43218798154661,8.00268447642648,7.45411287622633
5489,7.0939330217517,6.68482298260169,8.14790116970649,7.54747371148389,7.36736901789192,8.73135120274147
5490,7.64206545485382,7.59072762567123,7.8554918493158,8.36448785352402,7.64484441775398,7.1920777478471
5491,7.81353826635321,7.55420545045068,6.22194072356456,8.44235458732094,8.25268620991108,7.29382351347514
5492,7.43920919048163,7.68829969186538,8.00371402456667,8.21834535169846,6.91002717418301,7.91431716401179
5493,6.59373304282261,8.1262236810968,8.00371402456667,7.26016426660356,7.69307350394047,8.21139872975111
5494,7.39827135492043,8.51170290749085,5.6657485747917,6.90001568787439,8.37155773474948,7.9821663082058
5495,4.89949412114092,7.70171193500792,9.19916538051096,6.61558130764953,7.96953869900303,6.77118251520372
5496,8.42255706079186,7.77965412660039,7.68343417601901,7.43937319107438,7.5051140981682,7.34640924347289
5497,6.59373304282261,7.42256310719486,8.58774743249677,8.3517987200886,7.37584948737805,7.10306775497543
5498,5.41699688263355,8.58576063062192,7.87931466663728,7.52498656121242,8.05628330443312,7.40540931305687
5499,7.72375986276322,8.46143891988412,7.07714636834879,7.72886155579635,7.17655145429938,7.83088363883461
5500,6.10829956099708,3.91050356568282,4.89603703829257,9.3981900727633,6.19124239789009,8.67445755602955
5501,5.48526768708824,7.25949649237138,6.87749772298247,8.25516044691646,8.45368442820579,8.26682281325908
5502,8.37707770924369,5.63535581534401,6.4167844459227,5.30206151732519,7.74627689548368,9.1176235441038
5503,7.84428802676965,6.58602279675043,7.15760987326319,7.382097754041,8.75833268658349,7.72258555201924
5504,7.34754679157482,7.25037586996325,8.17219367111104,8.18534070104628,7.81012155416509,7.30272334432679
5505,7.88626050545421,7.20387716488521,7.86745265810681,8.00789897789922,7.64484441775398,7.64089841984664
5506,9.19466126573403,6.99009371363378,7.78155573070428,7.54747371148389,6.24880671123508,6.2455287950406
5507,5.09841613345072,5.82639784239076,7.24301190962848,4.65183681203331,3.49023065076089,9.93045749182532
5508,6.57901542494621,8.21295949492115,7.57079741935073,7.30491624507385,7.49736829279251,8.44554674064493
5509,6.50301705599836,8.44561329578513,8.07245996503438,7.70240617908933,7.94132091717763,6.69160470886295
5510,7.90387986329305,7.79224261151799,7.03514175974356,8.01328478782072,7.48174980299605,7.87915176317541
5511,7.17389023559536,8.66987869939837,7.89692597520505,8.01328478782072,4.78592370004973,7.5089146589534
5512,6.56414182127948,7.13612122781297,9.06305422004984,7.75483789729501,7.08624958876935,7.12333396449979
5513,6.38916284439067,8.46536829417226,7.17703508264392,7.18550730510122,7.82873401653757,8.23011166907402
5514,8.71608795484169,5.92437901398059,6.804171807861,8.46609408872991,5.09999042797577,8.07311263669283
5515,3.49023065076089,10.1094626957324,5.2237926083785,5.13853548597692,3.49023065076089,4.08423288932377
5516,7.59216822428926,3.91050356568282,9.01556408174121,7.95849623707776,7.02269976731084,7.14331580378719
5517,6.8597649607265,8.46928697380313,8.12319127760924,5.87680837602182,7.04420012643502,8.27134653908322
5518,6.79780838629848,7.66794316501464,6.48137327805363,8.62565609851333,7.51281822235448,8.02568217573722
5519,6.4714235952122,3.49023065076089,7.64222556919301,5.41176625921135,9.75227782423428,4.41990936131352
5520,7.03087244495962,7.90083138110485,7.76885412647585,7.20454107955011,7.58035152386312,8.28930054999085
5521,7.19319760850786,6.49542429289939,7.06676093588278,8.73714304368935,8.5797201731119,5.78014371088749
5522,8.58771571552826,7.64034362572063,8.28785901286058,6.81556849981532,7.51281822235448,5.38066918739587
5523,8.05342555510324,7.09590574434003,7.23377144542418,8.29989293217116,6.70874179035933,8.03635835041661
5524,9.32656460763546,7.12617333217289,6.46550404328698,7.29607735776752,6.66758429869505,6.71863254282013
5525,7.90970527735413,8.34255501650295,7.87339590981635,7.60576881540646,7.07585316903315,6.6640482555406
5526,7.72375986276322,8.70685013763707,7.01366476387662,7.34830842710623,6.96748103001151,7.52419456361733
5527,6.31966451575623,4.7805194108501,4.71896091471165,8.76610866998112,9.21423028544433,5.90631850369026
5528,7.39827135492043,7.96336324028754,8.18657463929152,6.88825574345136,7.60937388813876,7.67550192476438
5529,7.06275215931898,7.90083138110485,8.45156136762802,8.26872681205171,6.61076602319271,6.57798405436906
5530,6.97609718511574,7.92388639769242,7.7168926127835,7.59861031955576,7.48958034926168,8.09880205886125
5531,7.69704214422843,7.32175964703686,7.57079741935073,8.17577001719415,7.75279070494858,7.34640924347289
5532,8.18407383446021,6.73831569663513,8.6408982490368,6.23984323740071,4.21631622607199,8.35470094757965
5533,8.52086919275052,7.98544382057693,7.32358975067227,8.01865049076723,5.90934217209267,6.90636666504437
5534,6.95358154276364,7.12617333217289,8.32299086969219,7.66178502902173,8.04041246368511,7.42182877527274
5535,7.79476720160052,7.26855920105567,7.16735557370218,7.95290071136868,8.65106180818245,5.61092274829318
5536,7.22167714582969,4.5024395641909,5.63668573549886,8.9540378004202,4.84497256984111,8.85094320137967
5537,7.47900810302046,7.681546239197,7.78155573070428,7.52498656121242,8.24347758840622,6.99716627548084
5538,7.97782769558436,8.32102734779976,7.02444382670428,7.95290071136868,6.93328867700234,7.17277270432983
5539,6.95358154276364,8.70019825004918,6.74002116210801,6.9461036302122,7.85922841927598,7.73575895396155
5540,6.93070291411405,7.44669148504285,8.3741311679881,8.08152359562244,7.55072910689198,6.99716627548084
5541,8.62001036523555,4.21315417214733,4.08294838842259,8.80384533629539,4.21631622607199,8.23937764597671
5542,6.71968698573006,8.42558345138515,7.87931466663728,7.43133007554863,7.55819233427848,7.38879913789815
5543,8.92578125524329,6.81493540461277,5.26394015144231,6.18238884119731,6.63946205509483,8.65036158758506
5544,7.89803072692992,4.21315417214733,5.09455385569348,7.94728330859426,8.42546994096762,8.34615071050326
5545,7.68349430468552,9.61098882917733,7.04575979254189,4.41752395982353,5.18793545780022,3.49023065076089
5546,9.34384674576189,7.15581099954837,6.61664028386888,6.79048521650356,7.20542360058286,5.83205247386019
5547,8.46269099597603,7.48602272885893,7.74958840638695,7.04463584911598,6.52098146798012,7.84917485338318
5548,5.72696990061232,7.85957257305444,8.03054526633366,5.99399215606051,8.75833268658349,7.29382351347514
5549,5.97760724722829,8.03391858520372,7.27938682149161,7.67545366048913,8.4456794101134,7.38879913789815
5550,7.18357660860687,7.33043686781264,8.71216102689154,7.71569485476574,7.67260219770781,5.85726817142942
5551,7.75647212542615,7.27756473448571,8.10311302896849,6.05972287191348,8.0823514452248,7.71595320836446
5552,7.39827135492043,7.06498050392835,7.54865569169844,7.58418514608638,8.47350438999335,7.29382351347514
5553,7.77574739345164,7.7859621707671,7.5634548040283,7.70240617908933,7.98620715041415,6.67789387901374
5554,7.63504274762969,7.61220228250213,7.66982914004528,7.64103461137613,7.73315988332753,7.5012131188833
5555,7.7369344038026,8.0444722871328,5.51344635435834,7.50214064472167,7.91834073458101,7.91431716401179
5556,6.71968698573006,8.06535005094243,6.51258137620039,8.00249290916485,6.77477569342644,8.45352809353755
5557,9.227622260313,7.18484474078956,6.93583007198554,5.44629202559523,4.421285932026,7.90851572721438
5558,8.406184879553,5.69282476622993,9.0604565294711,7.26016426660356,4.32579146276227,6.06518271018442
5559,7.62089326817761,6.51093686282776,8.11318719733615,7.21396353365021,6.59619523272178,8.50050881919444
5560,6.00028043722668,7.02267232630773,8.18657463929152,3.49023065076089,9.26511914699777,5.61092274829318
5561,7.08361513407308,7.98544382057693,8.99666470758796,4.99903108883573,5.58319610432995,7.53931314449633
5562,8.1695908337906,6.46387312042592,8.67866565392771,6.99074155295653,7.61653856340897,5.90631850369026
5563,6.08736943513696,8.35107672365804,5.54537852339609,8.49330434658465,6.3572078049491,8.13897371551276
5564,6.33736784158635,6.20123925011127,7.04575979254189,8.24604461378736,8.87315992368717,6.77118251520372
5565,7.16413758421092,7.41442901747166,8.56592546297323,8.29989293217116,6.3220078631221,6.2455287950406
5566,5.30706165527198,6.43159268666248,8.47517240745909,7.72886155579635,7.96953869900303,7.77456864169096
5567,6.37211137436739,7.55420545045068,6.25946671218455,6.61558130764953,8.92587786820795,7.84917485338318
5568,8.33011437407417,7.56158475086865,7.50331808553815,6.52688475652608,7.85318113006207,7.17277270432983
5569,7.7171269420636,7.23195785695119,7.44054413513692,8.42630795565649,7.0548296019361,7.20163311814528
5570,7.90387986329305,7.07536377800198,7.28833754448972,8.01328478782072,7.0965706080028,7.86723598631271
5571,7.40655320063087,7.00103646571482,7.7300604806524,7.56961326772898,7.18624061505541,8.28483300514193
5572,7.24035241989607,8.12124816015971,7.35799295438366,7.65490153848725,7.51281822235448,7.4856846174974
5573,7.57024013538383,7.79849569060542,7.48788081960167,7.86624211478919,7.44194121537868,7.26678626237118
5574,7.90970527735413,7.66109292774253,6.38333225158828,8.2042931227411,7.43384484793282,7.24847266934486
5575,8.02151209316844,7.36462820673368,7.05629912652988,7.32243159213489,7.53568496669357,7.91431716401179
5576,7.81974113439573,7.7605619072092,7.10785550202492,6.542062570992,8.22019481939496,7.42996835938218
5577,7.82591731618819,7.83545271484671,7.95411808381218,7.04463584911598,6.06833077355976,7.8968420820998
5578,7.36465575957868,7.56892623326378,7.5634548040283,7.59861031955576,6.86232663023504,8.15864641945665
5579,8.1695908337906,7.681546239197,8.21491230511047,4.65183681203331,7.55819233427848,7.029773020439
5580,8.59856125631979,6.72513155626388,7.87339590981635,7.36530293398821,6.62518725904938,7.18245790536333
5581,6.38916284439067,7.40624840230109,8.38248064281947,7.6686356314689,7.48958034926168,7.37199372696085
5582,7.19319760850786,7.06498050392835,7.76246091676492,7.54747371148389,8.39669141548841,6.8342348332858
5583,7.66981725792292,8.10117211031758,8.28340660476729,6.41576144603002,6.92170562015072,7.08250885428512
5584,7.20275412193395,8.26349999810369,7.30607240963073,7.382097754041,7.04420012643502,7.77456864169096
5585,8.52466542178063,7.77331823403072,7.25219291844292,7.54747371148389,5.61368899394564,7.2392269812907
5586,7.23104534096481,7.96891527620165,8.3316414427982,7.50979652507789,7.20542360058286,6.08643382607579
5587,5.64151441452744,5.80073818534936,8.48295748793131,5.66489888983902,5.51995926585793,9.12013129326534
5588,7.71046320893493,8.28589889138576,7.14779705857835,7.76765181920367,6.22988437505323,7.32909485741444
5589,8.1695908337906,7.70171193500792,7.29723250808577,7.34830842710623,7.35883793402311,7.09282542549063
5590,7.42297438713295,4.94808604438557,7.98188243040868,8.17577001719415,6.8129630239346,8.00408893631277
5591,7.23104534096481,8.40935647470976,7.57810259412141,7.37372500846738,6.96748103001151,7.16302123976269
5592,7.74347658277047,7.59792165987281,7.68343417601901,7.26016426660356,7.36736901789192,7.52419456361733
5593,8.41848143859603,8.06015896687345,5.72200796090662,6.93472128687779,4.08513005350724,8.25316566897222
5594,8.82782077235566,6.99009371363378,5.60695963090725,7.25104302004618,7.95831799960982,6.33638046784908
5595,8.18886927509712,6.68482298260169,7.10785550202492,7.39869756671284,7.96393930232151,7.33777827683739
5596,7.11434709504169,8.19886189394229,7.86148470697821,6.88825574345136,7.44194121537868,7.25765883989228
5597,7.63504274762969,5.97081658005394,7.25219291844292,6.93472128687779,6.06833077355976,8.98357260573209
5598,7.66981725792292,7.25949649237138,8.13806810273093,7.2692275921085,7.27967543604196,7.33777827683739
5599,6.90744920133134,7.70171193500792,6.01719621164525,6.542062570992,6.72219812406738,9.01085824881958
5600,7.98887391381242,6.82731105627835,8.5437677428501,7.3904217503303,6.83786006135588,6.38816555697102
5601,8.2452012449035,7.18484474078956,7.64222556919301,6.58663428379027,7.48174980299605,7.5317738047801
5602,7.75647212542615,4.58000949021127,7.83126711809602,5.94833268308382,8.46164518384088,7.78093609079935
5603,7.49462286065942,8.50025828573978,6.8655374847741,7.44737134090316,7.5051140981682,6.47041111176961
5604,7.81974113439573,7.42256310719486,7.61408004369763,6.9461036302122,8.02973371055611,6.99716627548084
5605,6.73301116509571,7.37304974307352,7.70360274971624,7.58418514608638,8.05628330443312,7.37199372696085
5606,6.94218834368021,6.92260453993047,7.4564976479207,8.11696861948641,7.57300314420884,7.72918737348703
5607,6.8956777380145,5.4113159110333,5.41254259308238,9.37331526928378,5.00483969936878,7.58373436582897
5608,7.41478736115221,5.92437901398059,6.10280312593575,8.5350507884067,6.77477569342644,8.31143256347888
5609,7.05220479807768,7.31302939647798,7.49562026112424,7.26016426660356,7.35883793402311,8.27134653908322
5610,6.8956777380145,7.66794316501464,7.34089488977818,7.59141588482874,7.5051140981682,7.8968420820998
5611,7.24035241989607,8.06015896687345,7.10785550202492,7.08632710230078,8.35882438056809,6.22661952297318
5612,7.76292602503923,7.83545271484671,7.34089488977818,7.02332274735727,7.36736901789192,7.58373436582897
5613,7.7369344038026,8.00178441569343,6.96971158842134,7.39869756671284,7.58766240773671,7.10306775497543
5614,7.08361513407308,7.95778966799,7.34946949327252,8.21834535169846,6.8982517275118,6.9861289167993
5615,7.34754679157482,7.04398376554097,7.33226852055236,8.33899671994981,7.16679597986272,7.38042112590378
5616,7.7369344038026,9.42995404803892,6.08189986133939,5.635844071734,4.50678197586685,5.09775527736106
5617,6.37211137436739,8.08592895450787,7.90274874757632,7.53252157816086,6.69515577646337,7.68232353387268
5618,6.57901542494621,7.70837131539189,7.26131524019753,8.08664098202848,7.79126458822492,7.10306775497543
5619,8.57312676878602,7.66109292774253,7.24301190962848,6.18238884119731,7.77215657545018,5.95364248135375
5620,7.73036225625651,8.39706506566424,7.57810259412141,6.43218798154661,6.48972767104649,7.39712834351397
5621,7.78845522984317,6.99009371363378,7.34089488977818,7.12683163653454,7.6236676016236,7.90269076405478
5622,6.90744920133134,7.30424545748751,8.05165537617599,8.3517987200886,5.70110307888632,7.32909485741444
5623,7.33023050179218,4.83935392514802,8.59135249662825,8.23226164471627,5.55196632130904,7.25765883989228
5624,6.8597649607265,7.81709312807677,7.19619912198029,5.924910965286,8.23885108061773,7.83700663855919
5625,7.59940364318553,7.44669148504285,7.63524082749803,6.72575650220894,7.6236676016236,7.71595320836446
5626,7.31270175423826,7.24119658081025,8.19133652065165,6.14270806143073,7.0965706080028,8.04166684819051
5627,7.42297438713295,7.7215980376387,7.65609378327802,7.51741168588756,6.63946205509483,7.68232353387268
5628,7.62798546684061,7.34763479411498,6.40015879977287,6.58663428379027,7.57300314420884,8.41317135252611
5629,7.99983587057113,7.25949649237138,4.84027309694023,5.635844071734,8.89389111737668,6.70518340375094
5630,7.43111481966023,7.16555477974663,7.78155573070428,6.49602644482826,8.0667673502917,7.4620713487816
5631,7.08361513407308,7.88329397161297,7.86148470697821,7.21396353365021,7.42570239747425,7.17277270432983
5632,7.19319760850786,5.09349036126024,6.60223887997844,7.74190851327092,7.13712232426214,8.76379770072866
5633,6.8597649607265,7.61220228250213,7.33226852055236,7.20454107955011,8.09264778066704,7.4620713487816
5634,7.58489608578178,8.62140869608077,5.90198596787001,5.04743891709128,6.30406720404454,8.25316566897222
5635,7.56285555139322,7.92388639769242,7.48788081960167,7.09656179266438,7.61653856340897,6.92961710319633
5636,6.30173225191887,6.51093686282776,7.46440819445758,8.91721446122269,5.90934217209267,7.37199372696085
5637,7.35612687715839,8.25897807146863,8.12816733913292,6.9461036302122,6.1311642471769,6.80935030812249
5638,7.18357660860687,7.47824247770215,7.35799295438366,7.95290071136868,6.8129630239346,7.70929005736656
5639,6.91912372327847,9.03484607534494,7.12796629658169,5.13853548597692,7.66571296830644,4.65477015264871
5640,8.01071484650326,7.64034362572063,8.34878814721532,6.34804598348791,6.87440317482925,6.16828313868763
5641,6.99826135452948,5.47943670696888,8.09804935247493,5.41176625921135,8.54267885046116,7.56907980846617
5642,7.66292950234713,7.70837131539189,7.57079741935073,7.14665989004964,7.1068173268908,7.42182877527274
5643,5.09841613345072,3.49023065076089,8.66162130475055,9.08494618005467,3.91236714089699,3.49023065076089
5644,7.57758685049592,7.74121223670058,7.06676093588278,7.59141588482874,7.72655612941341,6.67789387901374
5645,7.51006913326126,6.97906599904663,7.84343057274451,7.47110099454928,5.51995926585793,8.12404054570927
5646,7.74347658277047,7.5467879375742,6.08189986133939,7.44737134090316,6.73552728359426,8.18286482967454
5647,7.59216822428926,7.45464468966116,7.10785550202492,7.21396353365021,7.32419501359677,7.79358686079315
5648,6.8597649607265,6.39854731847526,8.63042383618537,6.71244672128913,7.44194121537868,7.30272334432679
5649,7.64206545485382,6.82731105627835,6.95850738452383,7.76125916129259,7.35025562229439,7.76174835518231
5650,5.69909863723584,8.0549490700293,7.80662661053213,6.9461036302122,8.12310165836782,6.40500747383212
5651,7.50236682829875,7.5393318115565,6.98082806035906,7.50979652507789,7.79757780913754,7.01898702122838
5652,7.94417021001051,7.45464468966116,6.54310876173897,6.51154064590304,7.6236676016236,7.76174835518231
5653,7.33023050179218,7.47041970286251,8.73515285916143,5.60612627757858,7.13712232426214,5.90631850369026
5654,8.38127208551642,5.51217199216302,4.9996709616172,7.11681302177058,8.49693372831939,6.69160470886295
5655,7.78211537669314,5.51217199216302,7.06676093588278,7.50979652507789,7.0548296019361,8.23011166907402
5656,7.33023050179218,6.9340780022491,8.07761440799732,7.54747371148389,7.0965706080028,7.08250885428512
5657,7.57024013538383,7.73470392032503,5.60695963090725,7.382097754041,6.87440317482925,8.10388531964996
5658,5.97760724722829,7.70171193500792,8.47517240745909,6.542062570992,7.72655612941341,6.26418260109739
5659,6.79780838629848,6.91103749435116,7.92580662929613,7.12683163653454,8.20604211531777,6.63594157506193
5660,6.33736784158635,6.47973773543646,8.31428798420204,7.13678026490838,7.01182638882134,7.96550203034427
5661,6.33736784158635,6.75137779298277,6.61664028386888,8.29105699218347,7.46595900483941,7.84917485338318
5662,4.08449811876375,4.94808604438557,9.07081932049484,6.93472128687779,7.87124712917755,5.61092274829318
5663,8.34736977247271,8.23154393278995,3.91080833730622,4.78084396874907,6.82546631395752,7.70259580983172
5664,7.07322188800831,7.61928958466468,7.78786462531746,7.93029810305837,5.83501466652338,7.15320258752715
5665,6.14922347816393,7.19439270942546,5.37702885777875,9.00351890902146,7.40927710980319,5.64068833253515
5666,6.04452122729447,6.25789943528745,8.36573297756919,8.24604461378736,5.38321041772066,7.4461098918333
5667,7.64905392772322,7.99635816903275,6.8534753737588,7.06563420535307,7.43384484793282,6.85868927763479
5668,7.21224701740689,6.54145561859809,8.00912049424945,7.68223942622211,7.07585316903315,7.26678626237118
5669,8.34736977247271,7.95778966799,6.60223887997844,7.53252157816086,4.58465586762789,6.6640482555406
5670,7.74998906671083,7.7605619072092,6.24083123533114,7.33110938188201,7.52048111486984,7.00811853643696
5671,5.97760724722829,7.72816594499732,6.58768828725552,7.79919482706418,6.63946205509483,8.15864641945665
5672,5.34479948322531,7.44669148504285,6.38333225158828,7.40692576256448,7.01182638882134,8.56822518267096
5673,6.63698267107531,6.29442147401339,8.55488921736102,7.17589426892259,5.18793545780022,7.90269076405478
5674,7.59940364318553,7.49376091970717,7.76246091676492,7.76765181920367,6.24880671123508,6.50199891192451
5675,7.18357660860687,3.49023065076089,9.042140419291,3.91061544736945,3.91236714089699,7.87915176317541
5676,8.12023293901801,5.90054627650358,8.00371402456667,6.79048521650356,5.18793545780022,7.83088363883461
5677,7.62089326817761,7.62634201431698,8.34024033016426,6.48033822397901,6.2858911802217,6.35385746316283
5678,7.14442972893281,5.72064128635977,6.14367532553498,7.62703223900767,8.24808926649626,7.65484019741276
5679,7.03087244495962,7.12617333217289,7.27037962827338,7.5548916486275,6.85014620459165,7.90269076405478
5680,7.77574739345164,7.50911293619433,5.18225912092476,6.542062570992,8.46560911598275,6.31868059276637
5681,7.29495521779007,7.12617333217289,7.90274874757632,6.25847485355953,7.26147153025214,7.63387635545104
5682,7.02008501743342,7.5467879375742,5.94925531288213,6.31290922812174,8.26638956871401,7.61260137468789
5683,7.15431773003312,7.95219439089341,7.30607240963073,7.47110099454928,6.8129630239346,6.91803953748859
5684,7.67667208697594,8.29917275565509,7.69018859650737,6.51154064590304,6.1105388573829,6.02165975820494
5685,7.28599855692478,7.56892623326378,6.82903835285693,7.61997942356362,7.47387618163076,6.8465148669387
5686,7.05220479807768,8.87278560044573,7.27938682149161,4.65183681203331,6.78761979089117,5.61092274829318
5687,6.50301705599836,4.83935392514802,7.8554918493158,7.71569485476574,7.96953869900303,7.05110257536922
5688,7.12444540745933,7.79224261151799,7.16735557370218,7.09656179266438,7.5281032179476,6.89459687616389
5689,7.49462286065942,7.32175964703686,7.62822188601598,7.63405052206476,6.3572078049491,6.96379345901084
5690,7.02008501743342,7.50145750603179,5.26394015144231,7.74838776865365,8.13311129262511,6.5631129963659
5691,7.18357660860687,7.77965412660039,7.51859066997967,7.41510688749409,5.95670421005208,7.30272334432679
5692,6.04452122729447,7.06498050392835,6.65897992409128,5.72114303905626,7.63076135781002,8.59372272387249
5693,8.18407383446021,6.73831569663513,6.92435401966163,6.82794524242332,7.27060250080604,7.24847266934486
5694,6.71968698573006,6.9340780022491,6.43321408726974,8.61861377434296,6.55155281333526,7.07211694239356
5695,6.70623571751263,8.24074689275773,6.29600054327814,7.13678026490838,7.71992183635321,6.62167477186132
5696,7.08361513407308,7.07536377800198,6.90111948304696,8.02399623686974,7.47387618163076,6.74515209149872
5697,7.13447261650147,6.6005694240769,7.10785550202492,7.7866606902159,7.60217321536483,7.17277270432983
5698,8.12023293901801,7.50911293619433,7.64222556919301,6.68544413498866,6.91002717418301,5.54925822050195
5699,8.24979750751447,6.72513155626388,6.70008296939837,6.77777464881403,7.35025562229439,7.14331580378719
5700,6.78508456279568,7.01189557400118,5.99492565547673,7.56227136921082,7.81635255966547,7.69587017245151
5701,6.8229175504619,7.59792165987281,7.08745654604589,7.45532502909752,7.07585316903315,7.40540931305687
5702,8.11015476677543,7.33906170529503,7.14779705857835,6.41576144603002,7.27060250080604,6.67789387901374
5703,6.4714235952122,7.87740025506093,6.96971158842134,6.87639738094837,8.16760634734916,6.04359516385947
5704,7.64905392772322,6.87575899718999,6.95850738452383,6.68544413498866,7.66571296830644,7.4380618907418
5705,7.02008501743342,7.98544382057693,6.40015879977287,7.83615364268337,6.02477469207309,7.29382351347514
5706,6.87183733556746,7.95219439089341,7.34946949327252,7.01254514644709,6.91002717418301,7.14331580378719
5707,8.03755738937271,7.06498050392835,7.24301190962848,7.09656179266438,5.26983295724657,7.58373436582897
5708,6.59373304282261,6.99009371363378,8.11819793728019,6.85237859160897,7.29765014878615,7.11323691753358
5709,6.66509395714112,6.44782622915025,7.920076764817,8.50481029392527,5.64348209407386,6.02165975820494
5710,7.50236682829875,7.57623028595481,6.16366336945945,7.3904217503303,6.3572078049491,7.73575895396155
5711,7.47113637666478,8.5529050913987,7.12796629658169,5.74838851489514,6.77477569342644,5.45082077556921
5712,8.0639078486539,7.85358048669399,7.51859066997967,5.51263984791784,6.55155281333526,6.2455287950406
5713,6.06611360916756,7.38142195637135,7.12796629658169,5.44629202559523,7.45799778415282,8.25316566897222
5714,7.44725802222059,6.83957938616359,7.38326254914669,6.93472128687779,7.17655145429938,7.46998580584812
5715,6.95358154276364,9.12697803563925,4.21367133677388,6.7389418649302,5.00483969936878,5.48448550289493
5716,6.84758876991783,6.52627937359857,6.88935782509231,7.96407005614918,7.76573028047148,6.65006509688978
5717,6.10829956099708,8.40527098845108,6.1833646991275,6.87639738094837,7.56561687948794,6.67789387901374
5718,7.34754679157482,7.74769116346266,7.40809324942823,6.61558130764953,7.13712232426214,6.71863254282013
5719,7.14442972893281,6.46387312042592,7.64917644483774,7.05517378012709,7.35883793402311,7.32909485741444
5720,7.18357660860687,5.18114866707496,6.75308653169767,8.34327671830986,7.40927710980319,6.63594157506193
5721,6.08736943513696,7.07536377800198,4.94906842883374,7.79294144075068,7.0965706080028,8.18286482967454
5722,6.60829799712431,8.56027137262288,7.40809324942823,6.75200516342642,5.72899179948946,6.22661952297318
5723,7.89803072692992,7.37304974307352,7.34089488977818,6.16269175586777,6.19124239789009,7.42996835938218
5724,6.33736784158635,5.72064128635977,7.18664930372106,6.34804598348791,8.92299914218389,5.09775527736106
5725,6.91912372327847,7.43065120213671,6.91278434557305,7.16621595977127,7.75279070494858,6.74515209149872
5726,7.17389023559536,7.91240514363607,8.19133652065165,5.80125215077777,6.78761979089117,4.95202584824868
5727,7.24035241989607,7.16555477974663,7.35799295438366,6.91167886235612,7.55819233427848,6.78401999420125
5728,7.57024013538383,6.01571292340272,6.29600054327814,5.90107484179621,8.60149613212473,6.57798405436906
5729,7.89803072692992,7.91815724130615,6.82903835285693,4.71842536543495,5.34656273048417,7.72258555201924
5730,4.84361160430376,9.02157122708968,5.44707882762807,5.47989895985316,3.91236714089699,7.70259580983172
5731,7.26791488939402,7.15581099954837,6.49706436479281,7.83615364268337,6.52098146798012,7.38879913789815
5732,7.36465575957868,7.35615675733555,7.83126711809602,6.08094631865249,6.2858911802217,7.4136426068107
5733,7.43111481966023,6.95675024692098,3.49023065076089,4.89543463319997,6.30406720404454,8.77339085233416
5734,7.60660271387759,7.19439270942546,5.94925531288213,7.47110099454928,8.02436443499315,3.49023065076089
5735,7.40655320063087,6.25789943528745,7.60695645003763,7.0760182721617,6.42504178544388,7.63387635545104
5736,7.64206545485382,6.68482298260169,6.98082806035906,6.55707775482191,6.96748103001151,7.73575895396155
5737,6.02258085533561,5.13813620683314,6.71352177095451,8.813127071062,6.19124239789009,6.9861289167993
5738,6.08736943513696,6.6983876594387,7.91432395363582,7.67545366048913,6.56659200941928,7.17277270432983
5739,6.53391280019601,4.99865991592501,9.29287463877861,5.37626344157161,4.21631622607199,4.89890256305196
5740,7.21224701740689,6.9454594081704,6.92435401966163,7.81162045832957,6.88637762667106,6.90636666504437
5741,6.69265485668046,8.54550093733957,6.71352177095451,6.58663428379027,6.3220078631221,6.5631129963659
5742,7.58489608578178,6.23927005977755,6.0391075191354,7.92459144679159,6.72219812406738,7.42182877527274
5743,6.87183733556746,5.4113159110333,7.48788081960167,6.95739539284952,8.34597737074911,5.9766964977174
5744,6.84758876991783,6.89937529971251,7.94286036263642,7.13678026490838,7.27060250080604,6.22661952297318
5745,5.67062321398173,6.6983876594387,6.87749772298247,8.2042931227411,4.50678197586685,7.9931694251337
5746,6.90744920133134,6.97906599904663,6.74002116210801,7.32243159213489,7.44194121537868,7.35498839312037
5747,7.92128570612215,7.681546239197,6.74002116210801,7.14665989004964,6.3220078631221,6.18800462040056
5748,6.97609718511574,7.76695424477792,6.95850738452383,6.43218798154661,6.86232663023504,7.47785673545495
5749,7.54797118977985,7.09590574434003,6.71352177095451,8.07123385262032,6.2858911802217,6.14827444308625
5750,6.93070291411405,7.07536377800198,6.95850738452383,7.46323475122498,7.07585316903315,7.28486786638948
5751,6.63698267107531,6.61496693430746,7.37488888666082,7.17589426892259,7.76573028047148,6.90636666504437
5752,6.54910879715408,7.35615675733555,7.27938682149161,7.24186309928311,7.41751333191078,6.78401999420125
5753,6.5185501547558,8.01794130395406,4.9996709616172,5.97135501921229,8.53515486869478,4.32454807995716
5754,5.34479948322531,7.59072762567123,5.30280361355525,8.31304594096491,5.80929157946183,7.57642582370735
5755,7.24035241989607,7.07536377800198,7.15760987326319,7.09656179266438,6.48972767104649,7.53931314449633
5756,3.49023065076089,7.97444594218767,8.94408091812535,4.78084396874907,3.49023065076089,3.49023065076089
5757,6.63698267107531,5.04705783818825,7.64222556919301,7.80542108776261,6.55155281333526,7.52419456361733
5758,6.31966451575623,8.2680077579437,3.91080833730622,4.71842536543495,7.0965706080028,8.02031420324773
5759,7.19319760850786,7.3897454261526,7.55607435967671,6.76494868418631,7.01182638882134,6.5926991735909
5760,5.45159311455756,6.36469857333794,7.04575979254189,7.52498656121242,8.17731200391476,6.67789387901374
5761,7.38156235615357,6.75137779298277,7.59979727073429,7.12683163653454,6.24880671123508,7.2392269812907
5762,7.98887391381242,7.57623028595481,6.74002116210801,5.94833268308382,7.24303244733131,6.06518271018442
5763,6.96488400439866,6.49542429289939,7.16735557370218,7.60576881540646,6.72219812406738,7.38879913789815
5764,7.18357660860687,6.9340780022491,6.71352177095451,7.24186309928311,7.73973337951031,6.47041111176961
5765,7.0939330217517,6.6005694240769,7.57079741935073,6.76494868418631,7.65183440542811,6.43809255529115
5766,6.66509395714112,5.26278729444225,5.6657485747917,7.79294144075068,8.38417943120001,6.12796963130318
5767,7.21224701740689,5.80073818534936,5.82780817418412,7.09656179266438,8.31554738735549,6.57798405436906
5768,6.12891430381513,6.39854731847526,5.44707882762807,7.83615364268337,8.31554738735549,5.93018817196434
5769,6.48730956362684,6.08039313751424,7.18664930372106,7.35683094048926,6.1105388573829,8.05222539127436
5770,6.69265485668046,7.36462820673368,7.51097474139475,7.08632710230078,7.15697326664508,6.12796963130318
5771,6.28356481374449,6.99009371363378,6.72683369348392,7.51741168588756,7.68628215243259,6.57798405436906
5772,7.69028422170097,6.76432013129232,7.17703508264392,7.08632710230078,6.82546631395752,6.43809255529115
5773,7.42297438713295,6.31232738580825,7.13791618723393,6.96859802791732,7.31540142486018,6.89459687616389
5774,8.14017983199787,7.3897454261526,5.99492565547673,5.87680837602182,6.39153799277266,7.06164856593993
5775,7.0092150842941,6.96795197133498,7.48788081960167,6.95739539284952,6.69515577646337,6.99716627548084
5776,5.72696990061232,7.26855920105567,7.84343057274451,7.30491624507385,6.98982677285517,6.02165975820494
5777,6.10829956099708,8.0444722871328,6.55812659875566,6.05972287191348,6.85014620459165,7.4620713487816
5778,7.07322188800831,6.91103749435116,6.96971158842134,6.58663428379027,6.50544183105969,7.78093609079935
5779,7.50236682829875,6.89937529971251,7.20568540439397,6.29500122291716,7.67260219770781,5.75340817014267
5780,6.93070291411405,7.48602272885893,6.58768828725552,7.12683163653454,7.04420012643502,6.8465148669387
5781,5.58126789361101,6.12187032238401,7.24301190962848,7.91886203031596,7.21491918178792,6.92961710319633
5782,7.14442972893281,6.65729530472568,7.52616630546999,6.77777464881403,7.08624958876935,6.73195462889101
5783,7.63504274762969,7.08567182591088,4.50314985122627,6.75200516342642,7.33293480444103,7.21112488451485
5784,6.28356481374449,5.94779744189527,7.9982871395996,7.18550730510122,6.8982517275118,6.80935030812249
5785,7.72375986276322,7.35615675733555,6.4167844459227,7.36530293398821,6.61076602319271,5.54925822050195
5786,7.40655320063087,6.2762809848202,6.14367532553498,7.01254514644709,6.95617486878963,7.62681972347591
5787,6.95358154276364,8.13612337420473,6.55812659875566,6.77777464881403,5.88502128402187,6.62167477186132
5788,6.31966451575623,6.73831569663513,7.40809324942823,7.6686356314689,6.69515577646337,6.70518340375094
5789,6.22758497697775,8.32102734779976,7.35799295438366,6.01625749837473,6.3220078631221,5.95364248135375
5790,7.03087244495962,7.6542098057023,6.29600054327814,7.04463584911598,6.1105388573829,7.25765883989228
5791,7.40655320063087,6.01571292340272,8.34024033016426,5.57571147459347,4.84497256984111,6.97500510684151
5792,7.34754679157482,7.90083138110485,5.37702885777875,6.49602644482826,6.63946205509483,7.00811853643696
5793,6.33736784158635,7.52430208532681,6.8534753737588,7.15647147429919,7.25228176916393,6.42164817087286
5794,6.40600792745989,7.99635816903275,7.13791618723393,6.69901009797832,6.56659200941928,6.31868059276637
5795,7.60660271387759,8.06015896687345,6.1833646991275,5.04743891709128,4.32579146276227,7.3635163499851
5796,7.61376580212964,7.37304974307352,7.39986416599397,6.05972287191348,6.50544183105969,6.12796963130318
5797,8.11015476677543,7.24119658081025,5.30280361355525,6.49602644482826,6.66758429869505,6.53288921314376
5798,7.36465575957868,6.9454594081704,6.31391215543096,7.43937319107438,6.63946205509483,6.79674189062507
5799,7.47113637666478,7.10606660586382,6.82903835285693,6.48033822397901,6.86232663023504,6.87075989971121
5800,8.30825005584499,7.39802072170113,6.95850738452383,4.65183681203331,5.51995926585793,5.9766964977174
5801,6.78508456279568,7.15581099954837,7.19619912198029,6.90001568787439,6.91002717418301,6.78401999420125
5802,5.78100652852225,8.71677073162002,7.27037962827338,3.49023065076089,3.91236714089699,6.14827444308625
5803,6.37211137436739,5.30163103486294,5.82780817418412,6.92324687331736,8.07198084084304,7.45411287622633
5804,7.43111481966023,6.96795197133498,6.57298529836277,6.23984323740071,6.63946205509483,7.47785673545495
5805,8.03222883392036,7.87148225148677,6.24083123533114,5.13853548597692,5.48713086362719,6.47041111176961
5806,5.7542641226227,7.74121223670058,7.52616630546999,5.2632105355759,6.1105388573829,7.49346992391816
5807,7.44725802222059,7.20387716488521,6.22194072356456,5.41176625921135,8.018975026786,5.344059271782
5808,6.2084088760565,5.47943670696888,4.21367133677388,3.49023065076089,8.02436443499315,8.30262056199314
5809,7.78211537669314,7.04398376554097,7.51097474139475,6.10184489284789,5.67260959395123,6.37111732081821
5810,6.98722250613817,6.81493540461277,7.20568540439397,6.48033822397901,6.68143749993633,7.29382351347514
5811,6.71968698573006,6.6983876594387,7.69691135535273,6.67174625890897,6.19124239789009,7.11323691753358
5812,6.84758876991783,6.78985435587433,5.8529935680826,7.27823373515967,7.34162145790367,6.9861289167993
5813,6.87183733556746,6.72513155626388,7.57079741935073,5.51263984791784,7.17655145429938,6.94110093146803
5814,6.22758497697775,4.65154126789847,6.38333225158828,7.34830842710623,7.82255663615875,7.22992099091321
5815,6.33736784158635,6.96795197133498,6.99185818466848,7.28718342017738,6.86232663023504,6.89459687616389
5816,6.24649811454269,5.72064128635977,6.71352177095451,6.82794524242332,7.29765014878615,7.7552950034568
5817,6.2084088760565,5.60564284352646,6.55812659875566,5.77508374117995,7.17655145429938,8.23937764597671
5818,5.7542641226227,7.74769116346266,6.95850738452383,5.87680837602182,5.09999042797577,7.84310363642582
5819,3.91191561034864,7.88329397161297,7.83126711809602,7.20454107955011,4.50678197586685,5.80635116371841
5820,7.07322188800831,7.681546239197,6.34905589060948,6.99074155295653,6.33971940020583,6.42164817087286
5821,7.42297438713295,6.23927005977755,5.87771349396102,7.08632710230078,6.88637762667106,7.27585569124446
5822,6.30173225191887,7.97444594218767,6.71352177095451,6.38231565985557,7.02269976731084,5.95364248135375
5823,6.7722451251194,6.64332691678588,6.804171807861,7.39869756671284,6.87440317482925,6.67789387901374
5824,7.82591731618819,6.6983876594387,5.63668573549886,6.22095667706273,7.0548296019361,6.90636666504437
5825,8.00528565224685,8.04972022306803,6.52792824322905,5.51263984791784,3.49023065076089,4.32454807995716
5826,6.8956777380145,6.83957938616359,6.90111948304696,6.8402146462424,7.04420012643502,6.71863254282013
5827,7.39827135492043,6.88761634992461,7.21510900035399,5.30206151732519,7.67260219770781,3.49023065076089
5828,7.47900810302046,6.83957938616359,6.65897992409128,6.05972287191348,5.61368899394564,7.5317738047801
5829,7.06275215931898,6.88761634992461,7.15760987326319,7.09656179266438,6.02477469207309,6.57798405436906
5830,6.30173225191887,7.05452088215702,7.46440819445758,6.51154064590304,7.17655145429938,6.08643382607579
5831,6.74621068605482,6.76432013129232,7.34946949327252,6.9461036302122,6.68143749993633,6.42164817087286
5832,6.33736784158635,5.69282476622993,7.52616630546999,6.92324687331736,7.12709214395782,6.79674189062507
5833,7.04157862786912,7.09590574434003,7.76885412647585,5.90107484179621,6.17150688183114,6.08643382607579
5834,6.759287908621,6.96795197133498,6.8534753737588,6.81556849981532,6.55155281333526,7.05110257536922
5835,5.26812664998184,4.08252181804284,5.77596291826327,7.43133007554863,7.79757780913754,7.4461098918333
5836,6.81041870004291,5.87628329736399,6.16366336945945,7.4232414815715,7.55072910689198,6.38816555697102
5837,4.08449811876375,5.04705783818825,7.90854801042086,5.47989895985316,7.77215657545018,6.94110093146803
5838,7.06275215931898,7.18484474078956,6.804171807861,6.79048521650356,6.56659200941928,6.47041111176961
5839,6.354848212934,7.5393318115565,6.65897992409128,7.01254514644709,6.44149643399779,6.60726167493547
5840,7.19319760850786,5.92437901398059,7.20568540439397,5.924910965286,6.3572078049491,7.52419456361733
5841,6.759287908621,6.80245049955511,6.77886005828355,6.61558130764953,7.15697326664508,6.79674189062507
5842,6.71968698573006,6.41516795376834,5.74926068066353,6.71244672128913,7.65183440542811,6.92961710319633
5843,6.93070291411405,5.26278729444225,7.0976925662284,7.23262373621769,7.29765014878615,5.9766964977174
5844,7.0092150842941,5.77457371622791,6.27785422469477,5.635844071734,7.77215657545018,7.12333396449979
5845,8.43471515160037,6.16212808718119,6.16366336945945,4.41752395982353,5.72899179948946,6.63594157506193
5846,6.66509395714112,5.60564284352646,6.79157259772654,6.57193385065323,7.23372277914692,7.32909485741444
5847,6.26515569720567,7.99091135636006,6.93583007198554,6.61558130764953,6.04672688352537,5.54925822050195
5848,6.42265172519426,6.46387312042592,8.28340660476729,5.60612627757858,4.421285932026,6.70518340375094
5849,3.49023065076089,8.20827562860447,6.8166597307742,4.41752395982353,6.56659200941928,6.8342348332858
5850,7.17389023559536,7.21329895614373,7.71026307257155,4.9484466941695,5.45343285227718,6.38816555697102
5851,6.48730956362684,6.54145561859809,6.8166597307742,7.14665989004964,6.73552728359426,6.89459687616389
5852,6.26515569720567,6.38172588686448,7.40809324942823,6.38231565985557,6.50544183105969,7.29382351347514
5853,6.84758876991783,6.95675024692098,6.36629971230951,7.17589426892259,6.72219812406738,6.43809255529115
5854,7.59940364318553,7.5167276512944,4.78140349200717,6.20180778655522,6.45775928678011,6.45434535179683
5855,7.36465575957868,7.04398376554097,6.46550404328698,6.69901009797832,6.45775928678011,6.30075185696348
5856,6.5185501547558,5.90054627650358,5.54537852339609,6.68544413498866,6.26747328089316,8.04166684819051
5857,8.64114474224865,4.41728363985529,4.50314985122627,5.57571147459347,6.48972767104649,5.69825711185358
5858,6.54910879715408,7.25037586996325,6.98082806035906,6.41576144603002,6.3572078049491,6.6640482555406
5859,6.59373304282261,5.26278729444225,6.4167844459227,6.48033822397901,7.18624061505541,7.5089146589534
5860,6.94218834368021,6.43159268666248,4.08294838842259,3.49023065076089,8.10287090690437,6.77118251520372
5861,6.04452122729447,6.2762809848202,6.34905589060948,6.43218798154661,7.55819233427848,7.08250885428512
5862,6.65110851615695,4.71811471559459,6.40015879977287,6.68544413498866,6.65359342763999,7.74881249733246
5863,7.11434709504169,7.14600012955063,6.38333225158828,6.18238884119731,6.66758429869505,6.53288921314376
5864,6.54910879715408,6.41516795376834,6.4494524389796,5.90107484179621,6.7618137400468,7.56169593115134
5865,7.02008501743342,6.6983876594387,6.46550404328698,6.62983420798008,6.87440317482925,6.42164817087286
5866,6.31966451575623,7.25037586996325,7.03514175974356,6.8402146462424,6.33971940020583,5.9766964977174
5867,7.20275412193395,6.16212808718119,3.49023065076089,7.01254514644709,7.86525034804955,3.49023065076089
5868,5.14317353073285,7.73470392032503,4.50314985122627,7.0760182721617,5.88502128402187,7.15320258752715
5869,7.13447261650147,6.12187032238401,6.57298529836277,6.85237859160897,6.63946205509483,6.53288921314376
5870,6.2084088760565,7.62634201431698,6.70008296939837,6.03816373111943,6.87440317482925,5.69825711185358
5871,6.354848212934,8.0549490700293,5.44707882762807,6.67174625890897,6.33971940020583,5.05122067317236
5872,4.9526363662587,5.37581942822197,7.47227525372253,7.02332274735727,7.16679597986272,6.38816555697102
5873,7.04157862786912,6.47973773543646,6.57298529836277,6.79048521650356,5.90934217209267,6.92961710319633
5874,6.22758497697775,5.5440894840211,8.16736788432309,7.2692275921085,3.49023065076089,3.49023065076089
5875,7.29495521779007,6.64332691678588,6.93583007198554,6.2768585929343,6.2858911802217,6.14827444308625
5876,6.40600792745989,4.21315417214733,7.4325001689851,5.44629202559523,7.92987677555016,4.84304032758188
5877,7.11434709504169,6.62921843028152,7.63524082749803,5.37626344157161,4.08513005350724,6.60726167493547
5878,7.2587864167521,4.08252181804284,3.49023065076089,3.49023065076089,6.06833077355976,8.28483300514193
5879,6.99826135452948,7.12617333217289,5.8529935680826,6.38231565985557,6.58147166991009,6.42164817087286
5880,7.08361513407308,6.49542429289939,6.46550404328698,5.8520946399696,7.33293480444103,5.66978927619677
5881,5.69909863723584,5.85157315336121,6.76603208960873,6.72575650220894,5.97977645681201,7.59100581778259
5882,5.41699688263355,5.13813620683314,8.3186460056061,5.60612627757858,5.93323114514219,6.10735936233388
5883,6.67894182311477,6.05917248417845,5.77596291826327,7.16621595977127,6.50544183105969,6.94110093146803
5884,6.8229175504619,6.9340780022491,6.43321408726974,6.72575650220894,6.06833077355976,6.40500747383212
5885,6.53391280019601,4.5024395641909,3.91080833730622,6.65791381701553,8.04572223703109,6.10735936233388
5886,7.49462286065942,6.58602279675043,5.51344635435834,6.79048521650356,6.2858911802217,5.88201749536229
5887,6.45535491909809,5.4458356033442,7.33226852055236,5.99399215606051,6.80034819897956,6.63594157506193
5888,6.54910879715408,6.65729530472568,6.67281466004876,6.68544413498866,7.1068173268908,4.84304032758188
5889,5.61174069070742,5.09349036126024,5.94925531288213,6.91167886235612,6.58147166991009,7.62681972347591
5890,5.51807356835317,4.32217650032491,4.89603703829257,3.49023065076089,8.56501777180502,5.85726817142942
5891,6.65110851615695,5.90054627650358,7.14779705857835,6.16269175586777,6.59619523272178,6.45434535179683
5892,4.72203453028519,8.33398255187257,3.91080833730622,4.08267841278862,4.90090338852487,6.96379345901084
5893,6.04452122729447,5.33928170098128,6.65897992409128,7.37372500846738,6.95617486878963,5.75340817014267
5894,6.22758497697775,6.62921843028152,7.27938682149161,5.54456272912624,6.98982677285517,5.58045839148597
5895,7.23104534096481,6.47973773543646,5.09455385569348,7.72229331121269,4.65646275287189,5.00271460689043
5896,6.37211137436739,6.85174227420575,6.52792824322905,6.16269175586777,6.37447882777261,6.50199891192451
5897,6.70623571751263,5.97081658005394,5.82780817418412,6.29500122291716,6.92170562015072,6.78401999420125
5898,6.08736943513696,6.61496693430746,6.8534753737588,6.643944073911,6.3572078049491,6.10735936233388
5899,6.10829956099708,6.73831569663513,6.1833646991275,5.54456272912624,6.91002717418301,6.85868927763479
5900,6.02258085533561,5.80073818534936,6.77886005828355,6.643944073911,6.7618137400468,6.53288921314376
5901,7.55543270334039,6.01571292340272,5.26394015144231,7.57691773255897,4.08513005350724,3.91172610131385
5902,4.84361160430376,6.36469857333794,4.08294838842259,7.44737134090316,6.40839060975185,7.04047779464894
5903,5.58126789361101,7.09590574434003,5.97228315961306,6.82794524242332,6.06833077355976,6.5631129963659
5904,6.65110851615695,6.05917248417845,6.0391075191354,6.69901009797832,6.08959780894912,6.8827285193275
5905,6.18896206348115,6.77714493268161,5.94925531288213,6.7389418649302,6.30406720404454,6.47041111176961
5906,5.90721259945099,4.71811471559459,6.99185818466848,5.635844071734,7.41751333191078,6.12796963130318
5907,6.63698267107531,6.55646926247456,7.01366476387662,5.74838851489514,6.26747328089316,5.61092274829318
5908,6.37211137436739,6.10128898963138,6.38333225158828,6.55707775482191,5.38321041772066,7.01898702122838
5909,5.55005896320684,6.61496693430746,6.51258137620039,6.34804598348791,6.68143749993633,6.31868059276637
5910,6.48730956362684,6.14214691701353,6.06067160127279,6.03816373111943,6.87440317482925,6.47041111176961
5911,7.24959918347497,3.91050356568282,7.65609378327802,4.08267841278862,5.48713086362719,5.72612104143625
5912,6.42265172519426,6.87575899718999,5.44707882762807,6.4644719123572,5.83501466652338,6.65006509688978
5913,6.37211137436739,5.77457371622791,5.80213811824247,6.81556849981532,6.2858911802217,6.77118251520372
5914,7.70376837411569,7.20387716488521,5.41254259308238,4.99903108883573,3.49023065076089,5.22720061240359
5915,6.30173225191887,5.99345060688355,6.91278434557305,6.22095667706273,6.83786006135588,5.26741035315081
5916,7.80730847929063,4.08252181804284,6.84130960684368,3.91061544736945,3.91236714089699,6.42164817087286
5917,7.2587864167521,7.20387716488521,5.18225912092476,6.01625749837473,5.51995926585793,5.09775527736106
5918,6.8597649607265,4.99865991592501,6.58768828725552,6.36528642719352,6.82546631395752,5.41623480074965
5919,5.48526768708824,7.02267232630773,6.06067160127279,6.51154064590304,5.86025147794556,6.48629422183819
5920,6.37211137436739,4.7805194108501,4.84027309694023,7.16621595977127,4.421285932026,7.39712834351397
5921,5.58126789361101,7.1161554596559,6.22194072356456,5.72114303905626,6.24880671123508,6.47041111176961
5922,5.05186572477798,6.08039313751424,5.54537852339609,6.8402146462424,6.83786006135588,6.65006509688978
5923,6.96488400439866,5.4113159110333,6.67281466004876,6.41576144603002,6.22988437505323,5.51728192429645
5924,4.58353029293391,5.30163103486294,7.25219291844292,5.51263984791784,7.49736829279251,4.41990936131352
5925,5.97760724722829,4.89508519762384,5.18225912092476,7.16621595977127,6.22988437505323,6.90636666504437
5926,6.10829956099708,6.49542429289939,6.01719621164525,5.94833268308382,6.62518725904938,6.43809255529115
5927,5.9545478373017,6.85174227420575,6.63089560372629,6.31290922812174,5.26983295724657,6.16828313868763
5928,5.88290570976125,4.7805194108501,5.54537852339609,4.08267841278862,4.90090338852487,8.10895067325652
5929,4.32491566984269,8.21295949492115,5.51344635435834,5.47989895985316,4.32579146276227,4.41990936131352
5930,6.08736943513696,6.12187032238401,7.64222556919301,5.37626344157161,5.14478343559912,5.30633312590158
5931,4.9526363662587,6.20123925011127,6.43321408726974,5.37626344157161,6.69515577646337,6.60726167493547
5932,5.90721259945099,5.97081658005394,7.48788081960167,3.91061544736945,6.24880671123508,4.95202584824868
5933,7.54797118977985,4.5024395641909,3.49023065076089,7.09656179266438,4.84497256984111,4.78406513543858
5934,5.9545478373017,5.4458356033442,6.25946671218455,6.51154064590304,5.93323114514219,6.5631129963659
5935,4.78461462476781,4.08252181804284,6.40015879977287,5.69332217308941,7.27967543604196,6.18800462040056
5936,6.06611360916756,6.54145561859809,6.33159528171584,4.78084396874907,4.84497256984111,6.77118251520372
5937,5.34479948322531,5.30163103486294,6.68651479056568,5.41176625921135,6.00246212979823,6.87075989971121
5938,4.42031633038884,7.13612122781297,4.50314985122627,5.04743891709128,4.65646275287189,7.26678626237118
5939,3.49023065076089,5.18114866707496,5.37702885777875,3.49023065076089,5.55196632130904,7.89096948653513
5940,6.24649811454269,5.74788255859739,7.07714636834879,4.89543463319997,5.86025147794556,5.51728192429645
5941,7.24959918347497,5.22266043210438,4.84027309694023,6.90001568787439,4.95409078694007,4.58305784536937
5942,5.41699688263355,5.82639784239076,6.1833646991275,6.25847485355953,6.04672688352537,6.38816555697102
5943,6.08736943513696,6.34746009018674,5.82780817418412,6.16269175586777,5.80929157946183,5.95364248135375
5944,4.50573000684162,5.47943670696888,6.20278778755911,7.46323475122498,4.90090338852487,5.18560179123531
5945,6.04452122729447,5.87628329736399,6.27785422469477,6.18238884119731,5.97977645681201,5.58045839148597
5946,4.58353029293391,5.97081658005394,5.94925531288213,4.08267841278862,4.78592370004973,7.49346992391816
5947,7.03087244495962,3.49023065076089,4.08294838842259,6.80308248639436,5.00483969936878,5.80635116371841
5948,5.48526768708824,6.01571292340272,6.52792824322905,6.08094631865249,4.08513005350724,6.30075185696348
5949,5.78100652852225,5.18114866707496,5.41254259308238,7.20454107955011,4.95409078694007,5.66978927619677
5950,6.02258085533561,5.09349036126024,5.8529935680826,6.34804598348791,5.93323114514219,5.78014371088749
5951,6.56414182127948,4.58000949021127,6.25946671218455,5.33971909954946,5.86025147794556,5.83205247386019
5952,5.8581503263091,5.92437901398059,4.58076952023924,5.94833268308382,6.83786006135588,4.41990936131352
5953,5.34479948322531,4.89508519762384,4.89603703829257,7.04463584911598,5.30879708818961,6.08643382607579
5954,5.78100652852225,5.90054627650358,5.37702885777875,6.08094631865249,5.34656273048417,6.22661952297318
5955,6.90744920133134,5.69282476622993,5.09455385569348,4.08267841278862,6.30406720404454,4.50528846004223
5956,6.24649811454269,6.08039313751424,5.6657485747917,5.635844071734,5.18793545780022,5.58045839148597
5957,5.83292838239737,5.09349036126024,6.65897992409128,5.44629202559523,5.90934217209267,4.58305784536937
5958,3.49023065076089,5.33928170098128,3.49023065076089,5.87680837602182,5.90934217209267,6.89459687616389
5959,5.48526768708824,5.92437901398059,5.94925531288213,5.635844071734,5.45343285227718,5.64068833253515
5960,5.69909863723584,6.0376162110649,4.71896091471165,5.69332217308941,5.48713086362719,6.06518271018442
5961,5.93108797904055,6.14214691701353,5.09455385569348,5.635844071734,5.97977645681201,4.65477015264871
5962,5.45159311455756,6.0376162110649,5.60695963090725,5.82691562641513,5.83501466652338,5.00271460689043
5963,6.14922347816393,5.4458356033442,5.54537852339609,5.47989895985316,5.41881220040032,5.78014371088749
5964,6.10829956099708,5.37581942822197,5.34047311549187,5.57571147459347,5.41881220040032,5.90631850369026
5965,5.55005896320684,5.66440597891531,5.44707882762807,5.13853548597692,5.72899179948946,5.93018817196434
5966,5.61174069070742,5.69282476622993,5.92582792606477,5.54456272912624,4.84497256984111,5.18560179123531
5967,3.49023065076089,3.49023065076089,3.49023065076089,7.17589426892259,4.84497256984111,5.30633312590158
5968,5.00334291429435,6.08039313751424,5.2237926083785,3.49023065076089,6.2858911802217,4.72150856436262
5969,4.58353029293391,4.94808604438557,6.36629971230951,5.30206151732519,4.90090338852487,5.41623480074965
5970,5.45159311455756,5.18114866707496,4.94906842883374,5.2632105355759,5.75630290599074,5.05122067317236
5971,5.34479948322531,5.22266043210438,4.94906842883374,3.91061544736945,6.02477469207309,4.72150856436262
5972,4.42031633038884,5.13813620683314,4.78140349200717,5.2632105355759,3.49023065076089,4.21522859369004
